timestamp,source,rpm_value,raw_byte,other_source_rpm,raw_frame
1771333258.710,unsolicited,0,0,,C0|00|08|00|00|00|07
1771333258.712,solicited,0,,0,
1771333259.040,unsolicited,0,0,0,C0|00|08|00|00|00|07
1771333259.075,solicited,0,,0,
1771333259.210,unsolicited,0,0,0,C0|00|08|00|00|00|07
1771333259.242,unsolicited,0,0,0,C0|00|08|00|00|00|07
1771333259.242,unsolicited,0,0,0,C0|00|08|00|00|00|07
1771333260.147,unsolicited,0,0,0,C0|00|08|00|00|00|07
1771333260.148,solicited,0,,0,
1771333260.181,unsolicited,0,0,0,C0|00|08|00|00|00|07
1771333261.923,solicited,0,,0,
1771333261.924,unsolicited,0,0,0,C0|00|08|00|00|00|07
1771333263.813,solicited,0,,0,
1771333264.079,unsolicited,0,0,0,C0|00|08|00|00|00|07
1771333265.456,unsolicited,0,0,0,C0|00|08|00|00|00|07
1771333265.489,solicited,0,,0,
1771333266.262,unsolicited,0,0,0,C0|00|08|00|00|00|07
1771333266.296,unsolicited,0,0,0,C0|00|08|00|00|00|07
1771333266.329,solicited,0,,0,
1771333268.144,solicited,0,,0,
1771333270.733,solicited,0,,0,
1771333271.034,unsolicited,0,0,0,C8|00|08|07|00|00|16
1771333271.068,unsolicited,0,0,0,C8|00|08|07|00|00|16
1771333272.249,solicited,1330,,0,
1771333274.159,unsolicited,512,8,1330,C8|08|08|00|00|00|17
1771333274.159,solicited,1276,,512,
1771333274.765,solicited,1313,,512,
1771333274.933,unsolicited,448,7,1313,C0|07|08|00|00|00|0E
1771333277.222,unsolicited,448,7,1313,C0|07|08|00|00|00|0E
1771333277.256,unsolicited,448,7,1313,C0|07|08|00|00|00|0E
1771333277.256,solicited,1289,,448,
1771333277.289,unsolicited,448,7,1289,C0|07|08|00|00|00|0E
1771333278.332,solicited,1271,,448,
1771333279.807,solicited,1221,,448,
1771333280.112,unsolicited,448,7,1221,C0|07|08|00|00|00|0E
1771333280.752,unsolicited,448,7,1221,C0|07|08|00|00|00|0E
1771333280.752,unsolicited,448,7,1221,C0|07|08|00|00|00|0E
1771333280.752,unsolicited,448,7,1221,C0|07|08|00|00|00|0E
1771333280.785,solicited,1272,,448,
1771333280.888,unsolicited,448,7,1272,C0|07|08|00|00|00|0E
1771333282.637,unsolicited,448,7,1272,C0|07|08|00|00|00|0E
1771333282.670,solicited,1247,,448,
1771333282.703,unsolicited,448,7,1247,C0|07|08|00|00|00|0E
1771333282.972,unsolicited,448,7,1247,C0|07|08|00|00|00|0E
1771333283.650,solicited,1221,,448,
1771333284.554,solicited,1203,,448,
1771333285.255,solicited,1257,,448,
1771333286.605,solicited,1167,,448,
1771333286.875,unsolicited,448,7,1167,C0|07|08|00|00|00|0E
1771333286.909,unsolicited,448,7,1167,C0|07|08|00|00|00|0E
1771333286.909,unsolicited,448,7,1167,C0|07|08|00|00|00|0E
1771333286.910,unsolicited,448,7,1167,C0|07|08|00|00|00|0E
1771333287.145,unsolicited,448,7,1167,C0|07|08|00|00|00|0E
1771333287.146,unsolicited,448,7,1167,C0|07|08|00|00|00|0E
1771333287.178,solicited,1211,,448,
1771333287.213,unsolicited,448,7,1211,C0|07|08|00|00|00|0E
1771333287.818,solicited,1235,,448,
1771333287.985,unsolicited,448,7,1235,C0|07|08|00|00|00|0E
1771333289.127,solicited,1200,,448,
1771333289.932,unsolicited,448,7,1200,C0|07|08|00|00|00|0E
1771333290.235,unsolicited,448,7,1200,C0|07|08|00|00|00|0E
1771333290.268,unsolicited,448,7,1200,C0|07|08|00|00|00|0E
1771333290.503,solicited,1181,,448,
1771333290.571,unsolicited,0,0,1181,C0|00|08|00|00|00|07
1771333290.572,unsolicited,0,0,1181,C0|00|08|00|00|00|07
1771333290.604,unsolicited,0,0,1181,C0|00|08|00|00|00|07
1771333291.238,solicited,678,,0,
1771333291.372,unsolicited,0,0,678,C0|00|08|00|00|00|07
1771333291.439,unsolicited,0,0,678,C0|00|08|00|00|00|07
1771333291.573,unsolicited,0,0,678,C0|00|08|00|00|00|07
1771333292.226,solicited,0,,0,
1771333292.295,unsolicited,0,0,0,C0|00|08|00|00|00|07
1771333292.295,unsolicited,0,0,0,C0|00|08|00|00|00|07
1771333292.497,unsolicited,0,0,0,C0|00|08|00|00|00|07
1771333292.531,unsolicited,0,0,0,C0|00|08|00|00|00|07
1771333292.531,unsolicited,0,0,0,C0|00|08|00|00|00|07
1771333292.564,unsolicited,0,0,0,C0|00|08|00|00|00|07
1771333292.565,unsolicited,0,0,0,C0|00|08|00|00|00|07
1771333295.587,unsolicited,0,0,0,C0|00|08|00|00|00|07
1771333295.587,unsolicited,0,0,0,C0|00|08|00|00|00|07
1771333295.620,solicited,0,,0,
1771333296.858,unsolicited,0,0,0,C0|00|08|00|00|00|07
1771333296.892,unsolicited,0,0,0,C0|00|08|00|00|00|07
1771333296.894,unsolicited,0,0,0,C0|00|08|00|00|00|07
1771333296.894,unsolicited,0,0,0,C0|00|08|00|00|00|07
1771333296.926,unsolicited,0,0,0,C0|00|08|00|00|00|07
1771333298.801,solicited,0,,0,
1771333300.446,unsolicited,0,0,0,C0|00|08|00|00|00|07
1771333300.479,unsolicited,0,0,0,C0|00|08|00|00|00|07
1771333301.656,unsolicited,0,0,0,C0|00|08|00|00|00|07
1771333302.228,unsolicited,0,0,0,C0|00|08|00|00|00|07
1771333302.228,unsolicited,0,0,0,C0|00|08|00|00|00|07
1771333302.261,solicited,0,,0,
1771333302.495,unsolicited,0,0,0,C0|00|08|00|00|00|07
1771333305.484,solicited,0,,0,
1771333305.517,unsolicited,0,0,0,C0|00|08|00|00|00|07
1771333305.919,unsolicited,0,0,0,C0|00|08|00|00|00|07
1771333305.919,unsolicited,0,0,0,C0|00|08|00|00|00|07
1771333308.074,unsolicited,0,0,0,C0|00|08|00|00|00|07
1771333308.108,unsolicited,0,0,0,C0|00|08|00|00|00|07
1771333308.682,solicited,0,,0,
1771333310.399,unsolicited,0,0,0,C0|00|08|00|00|00|07
1771333310.433,solicited,0,,0,
1771333311.108,solicited,0,,0,
1771333311.109,unsolicited,0,0,0,C0|00|08|00|00|00|07
1771333311.947,unsolicited,0,0,0,C0|00|08|00|00|00|07
1771333312.959,unsolicited,0,0,0,C0|00|08|00|00|00|07
1771333313.428,unsolicited,0,0,0,C0|00|08|00|00|00|07
1771333313.428,unsolicited,0,0,0,C0|00|08|00|00|00|07
1771333314.070,unsolicited,0,0,0,C0|00|08|00|00|00|07
1771333314.102,unsolicited,0,0,0,C0|00|08|00|00|00|07
1771333314.102,solicited,0,,0,
1771333314.272,unsolicited,0,0,0,C0|00|08|00|00|00|07
1771333314.306,unsolicited,0,0,0,C0|00|08|00|00|00|07
1771333317.131,unsolicited,0,0,0,C0|00|08|00|00|00|07
1771333319.149,solicited,0,,0,
1771333321.738,unsolicited,0,0,0,C0|00|08|00|00|00|07
1771333321.772,solicited,0,,0,
1771333321.840,unsolicited,0,0,0,C0|00|08|00|00|00|07
1771333321.840,unsolicited,0,0,0,C0|00|08|00|00|00|07
1771333322.074,unsolicited,0,0,0,C0|00|08|00|00|00|07
1771333325.721,unsolicited,0,0,0,C0|00|08|00|00|00|07
1771333325.754,solicited,0,,0,
1771333325.821,unsolicited,0,0,0,C0|00|08|00|00|00|07
1771333326.055,unsolicited,0,0,0,C0|00|08|00|00|00|07
1771333327.998,unsolicited,0,0,0,C0|00|08|00|00|00|07
1771333328.234,unsolicited,0,0,0,C0|00|08|00|00|00|07
1771333328.468,unsolicited,0,0,0,C0|00|08|00|00|00|07
1771333328.535,unsolicited,0,0,0,C0|00|08|00|00|00|07
1771333331.995,unsolicited,0,0,0,C0|00|08|00|00|00|07
1771333332.028,solicited,0,,0,
1771333333.404,unsolicited,0,0,0,C0|00|08|00|00|00|07
1771333333.405,solicited,0,,0,
1771333333.439,unsolicited,0,0,0,C0|00|08|00|00|00|07
1771333333.906,unsolicited,0,0,0,C0|00|08|00|00|00|07
1771333333.906,unsolicited,0,0,0,C0|00|08|00|00|00|07
1771333333.907,unsolicited,0,0,0,C0|00|08|00|00|00|07
1771333333.939,solicited,0,,0,
1771333334.006,unsolicited,0,0,0,C0|00|08|00|00|00|07
1771333335.491,solicited,0,,0,
1771333335.827,unsolicited,0,0,0,C0|00|08|00|00|00|07
1771333335.827,unsolicited,0,0,0,C0|00|08|00|00|00|07
1771333335.893,unsolicited,0,0,0,C0|00|08|00|00|00|07
1771333335.926,unsolicited,0,0,0,C0|00|08|00|00|00|07
1771333335.927,unsolicited,0,0,0,C0|00|08|00|00|00|07
1771333335.960,unsolicited,0,0,0,C0|00|08|00|00|00|07
1771333337.873,unsolicited,0,0,0,C0|00|08|00|00|00|07
1771333337.906,solicited,0,,0,
1771333338.681,unsolicited,0,0,0,C0|00|08|00|00|00|07
1771333338.682,unsolicited,0,0,0,C0|00|08|00|00|00|07
1771333339.692,unsolicited,0,0,0,C0|00|08|00|00|00|07
1771333340.444,unsolicited,0,0,0,C0|00|08|00|00|00|07
1771333340.477,unsolicited,0,0,0,C0|00|08|00|00|00|07
1771333342.694,unsolicited,0,0,0,C0|00|08|00|00|00|07
1771333342.726,solicited,0,,0,
1771333342.760,unsolicited,0,0,0,C0|00|08|00|00|00|07
1771333343.630,solicited,0,,0,
1771333343.729,unsolicited,0,0,0,C0|00|08|00|00|00|07
1771333343.897,unsolicited,0,0,0,C0|00|08|00|00|00|07
1771333346.651,solicited,0,,0,
1771333347.524,unsolicited,0,0,0,C0|00|08|00|00|00|07
1771333347.559,solicited,0,,0,
1771333348.636,solicited,0,,0,
1771333348.668,unsolicited,0,0,0,C0|00|08|00|00|00|07
1771333349.475,solicited,0,,0,
1771333350.454,unsolicited,0,0,0,C0|00|08|00|00|00|07
1771333350.454,solicited,0,,0,
1771333350.585,unsolicited,0,0,0,C0|00|08|00|00|00|07
1771333352.330,solicited,0,,0,
1771333352.430,unsolicited,0,0,0,C0|00|08|00|00|00|07
1771333353.375,unsolicited,0,0,0,C0|00|08|00|00|00|07
1771333353.408,solicited,0,,0,
1771333353.544,unsolicited,0,0,0,C0|00|08|00|00|00|07
1771333353.545,unsolicited,0,0,0,C0|00|08|00|00|00|07
1771333355.025,solicited,677,,0,
1771333355.462,unsolicited,0,0,677,C8|00|08|02|00|00|11
1771333357.839,solicited,1163,,0,
1771333359.913,solicited,1258,,0,
1771333359.980,unsolicited,0,0,1258,C0|00|08|00|00|00|07
1771333360.013,unsolicited,0,0,1258,C0|00|08|00|00|00|07
1771333361.570,solicited,1292,,0,
1771333361.671,unsolicited,512,8,1292,C0|08|08|00|00|00|0F
1771333363.518,solicited,1222,,512,
1771333363.786,unsolicited,448,7,1222,C0|07|08|00|00|00|0E
1771333363.818,unsolicited,448,7,1222,C0|07|08|00|00|00|0E
1771333364.554,solicited,1266,,448,
1771333369.653,solicited,1201,,448,
1771333369.719,unsolicited,448,7,1201,C0|07|08|00|00|00|0E
1771333370.024,unsolicited,448,7,1201,C0|07|08|00|00|00|0E
1771333370.129,unsolicited,448,7,1201,C0|07|08|00|00|00|0E
1771333370.362,unsolicited,0,0,1201,C0|00|08|00|00|00|07
1771333370.364,unsolicited,0,0,1201,C0|00|08|00|00|00|07
1771333370.396,unsolicited,0,0,1201,C0|00|08|00|00|00|07
1771333371.708,unsolicited,0,0,1201,C0|00|08|00|00|00|07
1771333371.843,unsolicited,0,0,1201,C0|00|08|00|00|00|07
1771333372.077,unsolicited,0,0,1201,C0|00|08|00|00|00|07
1771333372.345,unsolicited,0,0,1201,C0|00|08|00|00|00|07
1771333373.954,solicited,0,,0,
1771333373.987,unsolicited,0,0,0,C0|00|08|00|00|00|07
1771333373.987,unsolicited,0,0,0,C0|00|08|00|00|00|07
1771333374.561,unsolicited,0,0,0,C0|00|08|00|00|00|07
1771333374.595,unsolicited,0,0,0,C0|00|08|00|00|00|07
1771333374.595,solicited,0,,0,
1771333374.629,unsolicited,0,0,0,C0|00|08|00|00|00|07
1771333375.401,unsolicited,0,0,0,C0|00|08|00|00|00|07
1771333375.434,solicited,0,,0,
1771333376.105,solicited,0,,0,
1771333376.139,unsolicited,0,0,0,C0|00|08|00|00|00|07
1771333376.374,unsolicited,0,0,0,C0|00|08|00|00|00|07
1771333376.978,unsolicited,0,0,0,C0|00|08|00|00|00|07
1771333377.011,solicited,0,,0,
1771333377.280,unsolicited,0,0,0,C0|00|08|00|00|00|07
1771333379.455,solicited,0,,0,
1771333379.455,unsolicited,0,0,0,C0|00|08|00|00|00|07
1771333381.441,unsolicited,0,0,0,C0|00|08|00|00|00|07
1771333381.442,unsolicited,0,0,0,C0|00|08|00|00|00|07
1771333381.475,solicited,0,,0,
1771333381.542,unsolicited,0,0,0,C0|00|08|00|00|00|07
1771333381.543,unsolicited,0,0,0,C0|00|08|00|00|00|07
1771333381.778,unsolicited,0,0,0,C0|00|08|00|00|00|07
1771333382.382,unsolicited,0,0,0,C0|00|08|00|00|00|07
1771333382.414,unsolicited,0,0,0,C0|00|08|00|00|00|07
1771333382.415,solicited,0,,0,
1771333382.516,unsolicited,0,0,0,C0|00|08|00|00|00|07
1771333385.278,unsolicited,0,0,0,C0|00|08|00|00|00|07
1771333385.278,solicited,0,,0,
1771333385.312,unsolicited,0,0,0,C0|00|08|00|00|00|07
1771333385.313,unsolicited,0,0,0,C0|00|08|00|00|00|07
1771333386.153,unsolicited,0,0,0,C0|00|08|00|00|00|07
1771333386.186,unsolicited,0,0,0,C0|00|08|00|00|00|07
1771333386.186,unsolicited,0,0,0,C0|00|08|00|00|00|07
1771333386.186,solicited,0,,0,
1771333386.252,unsolicited,0,0,0,C0|00|08|00|00|00|07
1771333389.074,unsolicited,0,0,0,C0|00|08|00|00|00|07
1771333389.108,solicited,0,,0,
1771333389.378,unsolicited,0,0,0,C0|00|08|00|00|00|07
1771333389.509,unsolicited,0,0,0,C0|00|08|00|00|00|07
1771333389.510,unsolicited,0,0,0,C0|00|08|00|00|00|07
1771333390.669,unsolicited,0,0,0,C0|00|08|00|00|00|07
1771333390.703,solicited,0,,0,
1771333390.737,unsolicited,0,0,0,C0|00|08|00|00|00|07
1771333390.738,unsolicited,0,0,0,C0|00|08|00|00|00|07
1771333390.905,unsolicited,0,0,0,C0|00|08|00|00|00|07
1771333390.938,unsolicited,0,0,0,C0|00|08|00|00|00|07
1771333392.245,unsolicited,0,0,0,C0|00|08|00|00|00|07
1771333392.245,solicited,0,,0,
1771333392.979,unsolicited,0,0,0,C0|00|08|00|00|00|07
1771333393.012,unsolicited,0,0,0,C0|00|08|00|00|00|07
1771333393.214,unsolicited,0,0,0,C0|00|08|00|00|00|07
1771333393.282,unsolicited,0,0,0,C0|00|08|00|00|00|07
1771333394.020,unsolicited,0,0,0,C0|00|08|00|00|00|07
1771333394.054,unsolicited,0,0,0,C0|00|08|00|00|00|07
1771333394.054,solicited,0,,0,
1771333394.055,unsolicited,0,0,0,C0|00|08|00|00|00|07
1771333394.622,unsolicited,0,0,0,C0|00|08|00|00|00|07
1771333394.656,solicited,0,,0,
1771333394.656,unsolicited,0,0,0,C0|00|08|00|00|00|07
1771333395.557,solicited,0,,0,
1771333395.624,unsolicited,0,0,0,C0|00|08|00|00|00|07
1771333395.724,unsolicited,0,0,0,C0|00|08|00|00|00|07
1771333399.112,solicited,0,,0,
1771333400.085,solicited,0,,0,
1771333400.086,unsolicited,0,0,0,C0|00|08|00|00|00|07
1771333400.624,solicited,0,,0,
1771333400.690,unsolicited,0,0,0,C0|00|08|00|00|00|07
1771333400.724,unsolicited,0,0,0,C0|00|08|00|00|00|07
1771333400.724,unsolicited,0,0,0,C0|00|08|00|00|00|07
1771333401.526,solicited,0,,0,
1771333401.527,unsolicited,0,0,0,C0|00|08|00|00|00|07
1771333401.528,unsolicited,0,0,0,C0|00|08|00|00|00|07
1771333401.793,unsolicited,0,0,0,C0|00|08|00|00|00|07
1771333402.970,solicited,0,,0,
1771333403.038,unsolicited,0,0,0,C0|00|08|00|00|00|07
1771333403.105,unsolicited,0,0,0,C0|00|08|00|00|00|07
1771333403.139,unsolicited,0,0,0,C0|00|08|00|00|00|07
1771333405.320,unsolicited,0,0,0,C0|00|08|00|00|00|07
1771333405.321,unsolicited,0,0,0,C0|00|08|00|00|00|07
1771333405.353,solicited,0,,0,
1771333407.402,solicited,0,,0,
1771333407.469,unsolicited,0,0,0,C0|00|08|00|00|00|07
1771333407.840,unsolicited,0,0,0,C0|00|08|00|00|00|07
1771333409.578,unsolicited,0,0,0,C0|00|08|00|00|00|07
1771333409.611,solicited,0,,0,
1771333409.946,unsolicited,0,0,0,C0|00|08|00|00|00|07
1771333409.980,unsolicited,0,0,0,C0|00|08|00|00|00|07
1771333410.885,unsolicited,0,0,0,C0|00|08|00|00|00|07
1771333410.885,unsolicited,0,0,0,C0|00|08|00|00|00|07
1771333410.917,unsolicited,0,0,0,C0|00|08|00|00|00|07
1771333410.917,unsolicited,0,0,0,C0|00|08|00|00|00|07
1771333417.295,unsolicited,0,0,0,C0|00|08|00|00|00|07
1771333417.328,solicited,0,,0,
1771333417.997,unsolicited,0,0,0,C0|00|08|00|00|00|07
1771333417.998,unsolicited,0,0,0,C0|00|08|00|00|00|07
1771333418.233,unsolicited,0,0,0,C0|00|08|00|00|00|07
1771333418.865,solicited,0,,0,
1771333418.932,unsolicited,0,0,0,C0|00|08|00|00|00|07
1771333418.966,unsolicited,0,0,0,C0|00|08|00|00|00|07
1771333420.172,unsolicited,0,0,0,C0|00|08|00|00|00|07
1771333420.172,solicited,0,,0,
1771333421.621,solicited,0,,0,
1771333422.494,solicited,0,,0,
1771333422.796,unsolicited,0,0,0,C0|00|08|00|00|00|07
1771333422.996,solicited,0,,0,
1771333425.977,unsolicited,0,0,0,C0|00|08|00|00|00|07
1771333425.977,unsolicited,0,0,0,C0|00|08|00|00|00|07
1771333426.010,solicited,0,,0,
1771333426.780,unsolicited,0,0,0,C0|00|08|00|00|00|07
1771333426.780,solicited,0,,0,
1771333428.993,unsolicited,0,0,0,C0|00|08|00|00|00|07
1771333429.027,solicited,0,,0,
1771333429.361,unsolicited,0,0,0,C0|00|08|00|00|00|07
1771333429.429,unsolicited,0,0,0,C0|00|08|00|00|00|07
1771333431.140,unsolicited,0,0,0,C0|00|08|00|00|00|07
1771333431.174,solicited,0,,0,
1771333431.677,solicited,0,,0,
1771333432.687,solicited,0,,0,
1771333433.427,unsolicited,0,0,0,C0|00|08|00|00|00|07
1771333433.460,unsolicited,0,0,0,C0|00|08|00|00|00|07
1771333433.460,unsolicited,0,0,0,C0|00|08|00|00|00|07
1771333433.494,solicited,0,,0,
1771333435.005,unsolicited,0,0,0,C0|00|08|00|00|00|07
1771333435.005,unsolicited,0,0,0,C0|00|08|00|00|00|07
1771333435.408,unsolicited,0,0,0,C0|00|08|00|00|00|07
1771333435.880,unsolicited,0,0,0,C0|00|08|00|00|00|07
1771333435.947,solicited,0,,0,
1771333436.990,unsolicited,0,0,0,C0|00|08|00|00|00|07
1771333436.990,unsolicited,0,0,0,C0|00|08|00|00|00|07
1771333437.024,solicited,0,,0,
1771333437.057,unsolicited,0,0,0,C0|00|08|00|00|00|07
1771333437.458,unsolicited,0,0,0,C0|00|08|00|00|00|07
1771333437.591,solicited,0,,0,
1771333437.625,unsolicited,0,0,0,C0|00|08|00|00|00|07
1771333438.328,solicited,0,,0,
1771333438.360,unsolicited,0,0,0,C0|00|08|00|00|00|07
1771333438.962,unsolicited,0,0,0,C0|00|08|00|00|00|07
1771333438.995,unsolicited,0,0,0,C0|00|08|00|00|00|07
1771333438.995,solicited,0,,0,
1771333441.145,unsolicited,0,0,0,C0|00|08|00|00|00|07
1771333441.145,unsolicited,0,0,0,C0|00|08|00|00|00|07
1771333441.177,solicited,0,,0,
1771333443.247,solicited,0,,0,
1771333443.248,unsolicited,0,0,0,C0|00|08|00|00|00|07
1771333443.887,solicited,0,,0,
1771333445.067,unsolicited,0,0,0,C0|00|08|00|00|00|07
1771333446.675,unsolicited,0,0,0,C0|00|08|00|00|00|07
1771333446.676,unsolicited,0,0,0,C0|00|08|00|00|00|07
1771333446.709,unsolicited,0,0,0,C0|00|08|00|00|00|07
1771333446.709,unsolicited,0,0,0,C0|00|08|00|00|00|07
1771333446.709,unsolicited,0,0,0,C0|00|08|00|00|00|07
1771333446.810,unsolicited,0,0,0,C0|00|08|00|00|00|07
1771333446.844,solicited,0,,0,
1771333448.720,solicited,0,,0,
1771333450.671,unsolicited,0,0,0,C0|00|08|00|00|00|07
1771333450.705,solicited,0,,0,
1771333451.514,solicited,0,,0,
1771333452.019,unsolicited,0,0,0,C0|00|08|00|00|00|07
1771333452.019,unsolicited,0,0,0,C0|00|08|00|00|00|07
1771333452.052,solicited,0,,0,
1771333452.052,unsolicited,0,0,0,C0|00|08|00|00|00|07
1771333452.085,unsolicited,0,0,0,C0|00|08|00|00|00|07
1771333452.085,unsolicited,0,0,0,C0|00|08|00|00|00|07
1771333453.964,unsolicited,0,0,0,C0|00|08|00|00|00|07
1771333453.997,solicited,0,,0,
1771333454.030,unsolicited,0,0,0,C8|00|08|00|00|00|0F
1771333454.766,solicited,988,,0,
1771333457.022,unsolicited,512,8,988,C8|08|08|00|00|00|17
1771333457.054,solicited,1328,,512,
1771333457.994,unsolicited,512,8,1328,C0|08|08|00|00|00|0F
1771333457.994,unsolicited,512,8,1328,C0|08|08|00|00|00|0F
1771333458.028,solicited,1299,,512,
1771333458.061,unsolicited,512,8,1299,C0|08|08|00|00|00|0F
1771333459.068,solicited,1302,,512,
1771333459.101,unsolicited,512,8,1302,C0|08|08|00|00|00|0F
1771333460.408,solicited,1295,,512,
1771333460.812,unsolicited,512,8,1295,C0|08|08|00|00|00|0F
1771333460.846,unsolicited,512,8,1295,C0|08|08|00|00|00|0F
1771333461.923,solicited,1297,,512,
1771333462.733,unsolicited,512,8,1297,C0|08|08|00|00|00|0F
1771333462.733,unsolicited,512,8,1297,C0|08|08|00|00|00|0F
1771333462.766,solicited,1305,,512,
1771333462.799,unsolicited,512,8,1305,C0|08|08|00|00|00|0F
1771333463.709,solicited,1296,,512,
1771333466.030,solicited,1307,,512,
1771333467.739,solicited,1279,,512,
1771333467.806,unsolicited,448,7,1279,C0|07|08|00|00|00|0E
1771333468.375,unsolicited,448,7,1279,C0|07|08|00|00|00|0E
1771333468.408,unsolicited,448,7,1279,C0|07|08|00|00|00|0E
1771333468.408,solicited,1264,,448,
1771333469.510,solicited,1247,,448,
1771333470.148,unsolicited,448,7,1247,C0|07|08|00|00|00|0E
1771333470.754,solicited,1269,,448,
1771333470.786,unsolicited,448,7,1269,C0|07|08|00|00|00|0E
1771333470.787,unsolicited,448,7,1269,C0|07|08|00|00|00|0E
1771333475.340,solicited,114,,448,
1771333475.408,unsolicited,0,0,114,C0|00|08|00|00|00|07
1771333475.708,unsolicited,0,0,114,C0|00|08|00|00|00|07
1771333476.310,unsolicited,0,0,114,C0|00|08|00|00|00|07
1771333476.342,unsolicited,0,0,114,C0|00|08|00|00|00|07
1771333476.343,solicited,0,,0,
1771333476.409,unsolicited,0,0,0,C0|00|08|00|00|00|07
1771333476.443,unsolicited,0,0,0,C0|00|08|00|00|00|07
1771333479.160,unsolicited,0,0,0,C0|00|08|00|00|00|07
1771333479.194,solicited,0,,0,
1771333479.464,unsolicited,0,0,0,C0|00|08|00|00|00|07
1771333480.304,unsolicited,0,0,0,C0|00|08|00|00|00|07
1771333480.337,solicited,0,,0,
1771333480.705,unsolicited,0,0,0,C0|00|08|00|00|00|07
1771333480.705,unsolicited,0,0,0,C0|00|08|00|00|00|07
1771333481.343,solicited,0,,0,
1771333481.612,unsolicited,0,0,0,C0|00|08|00|00|00|07
1771333481.645,unsolicited,0,0,0,C0|00|08|00|00|00|07
1771333484.094,unsolicited,0,0,0,C0|00|08|00|00|00|07
1771333484.094,unsolicited,0,0,0,C0|00|08|00|00|00|07
1771333484.094,unsolicited,0,0,0,C0|00|08|00|00|00|07
1771333484.431,solicited,0,,0,
1771333485.804,unsolicited,0,0,0,C0|00|08|00|00|00|07
1771333485.837,solicited,0,,0,
1771333486.007,unsolicited,0,0,0,C0|00|08|00|00|00|07
1771333486.040,unsolicited,0,0,0,C0|00|08|00|00|00|07
1771333487.042,unsolicited,0,0,0,C0|00|08|00|00|00|07
1771333487.043,unsolicited,0,0,0,C0|00|08|00|00|00|07
1771333487.043,solicited,0,,0,
1771333487.143,unsolicited,0,0,0,C0|00|08|00|00|00|07
1771333487.143,unsolicited,0,0,0,C0|00|08|00|00|00|07
1771333487.379,unsolicited,0,0,0,C0|00|08|00|00|00|07
1771333487.379,unsolicited,0,0,0,C0|00|08|00|00|00|07
1771333488.013,solicited,0,,0,
1771333488.180,unsolicited,0,0,0,C0|00|08|00|00|00|07
1771333489.746,solicited,0,,0,
1771333489.983,unsolicited,0,0,0,C0|00|08|00|00|00|07
1771333489.983,unsolicited,0,0,0,C0|00|08|00|00|00|07
1771333490.016,unsolicited,0,0,0,C0|00|08|00|00|00|07
1771333490.050,unsolicited,0,0,0,C0|00|08|00|00|00|07
1771333490.051,unsolicited,0,0,0,C0|00|08|00|00|00|07
1771333490.051,unsolicited,0,0,0,C0|00|08|00|00|00|07
1771333490.957,unsolicited,0,0,0,C0|00|08|00|00|00|07
1771333490.990,solicited,0,,0,
1771333490.990,unsolicited,0,0,0,C0|00|08|00|00|00|07
1771333490.991,unsolicited,0,0,0,C0|00|08|00|00|00|07
1771333491.561,solicited,0,,0,
1771333493.398,unsolicited,0,0,0,C0|00|08|00|00|00|07
1771333493.431,solicited,0,,0,
1771333494.238,solicited,0,,0,
1771333496.523,solicited,0,,0,
1771333496.591,unsolicited,0,0,0,C0|00|08|00|00|00|07
1771333498.572,unsolicited,0,0,0,C0|00|08|00|00|00|07
1771333498.606,solicited,0,,0,
1771333498.942,unsolicited,0,0,0,C0|00|08|00|00|00|07
1771333499.679,solicited,0,,0,
1771333502.521,solicited,0,,0,
1771333502.827,unsolicited,0,0,0,C0|00|08|00|00|00|07
1771333502.928,unsolicited,0,0,0,C0|00|08|00|00|00|07
1771333502.928,unsolicited,0,0,0,C0|00|08|00|00|00|07
1771333502.961,unsolicited,0,0,0,C0|00|08|00|00|00|07
1771333502.962,unsolicited,0,0,0,C0|00|08|00|00|00|07
1771333504.611,unsolicited,0,0,0,C0|00|08|00|00|00|07
1771333504.646,unsolicited,0,0,0,C0|00|08|00|00|00|07
1771333504.678,solicited,0,,0,
1771333504.679,unsolicited,0,0,0,C0|00|08|00|00|00|07
1771333505.387,solicited,0,,0,
1771333507.940,unsolicited,0,0,0,C0|00|08|00|00|00|07
1771333507.973,solicited,0,,0,
1771333508.881,solicited,0,,0,
1771333509.485,unsolicited,0,0,0,C0|00|08|00|00|00|07
1771333509.819,unsolicited,0,0,0,C0|00|08|00|00|00|07
1771333512.036,unsolicited,0,0,0,C0|00|08|00|00|00|07
1771333512.069,unsolicited,0,0,0,C0|00|08|00|00|00|07
1771333512.069,solicited,0,,0,
1771333512.103,unsolicited,0,0,0,C0|00|08|00|00|00|07
1771333512.338,unsolicited,0,0,0,C0|00|08|00|00|00|07
1771333513.102,solicited,0,,0,
1771333515.115,solicited,0,,0,
1771333515.116,unsolicited,0,0,0,C0|00|08|00|00|00|07
1771333515.117,unsolicited,0,0,0,C0|00|08|00|00|00|07
1771333515.382,unsolicited,0,0,0,C0|00|08|00|00|00|07
1771333515.416,unsolicited,0,0,0,C0|00|08|00|00|00|07
1771333515.449,unsolicited,0,0,0,C0|00|08|00|00|00|07
1771333516.962,unsolicited,0,0,0,C0|00|08|00|00|00|07
1771333516.962,unsolicited,0,0,0,C0|00|08|00|00|00|07
1771333516.962,unsolicited,0,0,0,C0|00|08|00|00|00|07
1771333516.995,solicited,0,,0,
1771333516.995,unsolicited,0,0,0,C0|00|08|00|00|00|07
1771333517.029,unsolicited,0,0,0,C0|00|08|00|00|00|07
1771333517.935,solicited,0,,0,
1771333518.709,solicited,0,,0,
1771333519.244,unsolicited,0,0,0,C0|00|08|00|00|00|07
1771333519.278,solicited,0,,0,
1771333519.278,unsolicited,0,0,0,C0|00|08|00|00|00|07
1771333519.311,unsolicited,0,0,0,C0|00|08|00|00|00|07
1771333519.847,solicited,0,,0,
1771333519.915,unsolicited,0,0,0,C0|00|08|00|00|00|07
1771333520.015,unsolicited,0,0,0,C0|00|08|00|00|00|07
1771333520.016,unsolicited,0,0,0,C0|00|08|00|00|00|07
1771333521.294,unsolicited,0,0,0,C0|00|08|00|00|00|07
1771333521.328,solicited,0,,0,
1771333521.462,unsolicited,0,0,0,C0|00|08|00|00|00|07
1771333521.462,unsolicited,0,0,0,C0|00|08|00|00|00|07
1771333521.462,unsolicited,0,0,0,C0|00|08|00|00|00|07
1771333521.494,unsolicited,0,0,0,C0|00|08|00|00|00|07
1771333521.562,unsolicited,0,0,0,C0|00|08|00|00|00|07
1771333522.638,solicited,0,,0,
1771333523.644,solicited,0,,0,
1771333523.678,unsolicited,0,0,0,C0|00|08|00|00|00|07
1771333523.712,unsolicited,0,0,0,C0|00|08|00|00|00|07
1771333523.712,unsolicited,0,0,0,C0|00|08|00|00|00|07
1771333524.725,unsolicited,0,0,0,C0|00|08|00|00|00|07
1771333524.725,unsolicited,0,0,0,C0|00|08|00|00|00|07
1771333524.759,solicited,0,,0,
1771333524.793,unsolicited,0,0,0,C0|00|08|00|00|00|07
1771333525.603,unsolicited,0,0,0,C0|00|08|00|00|00|07
1771333525.637,solicited,0,,0,
1771333526.206,solicited,0,,0,
1771333526.275,unsolicited,0,0,0,C0|00|08|00|00|00|07
1771333527.509,unsolicited,0,0,0,C0|00|08|00|00|00|07
1771333527.510,unsolicited,0,0,0,C0|00|08|00|00|00|07
1771333527.543,solicited,0,,0,
1771333527.779,unsolicited,0,0,0,C0|00|08|00|00|00|07
1771333527.813,unsolicited,0,0,0,C0|00|08|00|00|00|07
1771333527.846,unsolicited,0,0,0,C0|00|08|00|00|00|07
1771333527.846,unsolicited,0,0,0,C0|00|08|00|00|00|07
1771333527.914,unsolicited,0,0,0,C0|00|08|00|00|00|07
1771333527.948,unsolicited,0,0,0,C0|00|08|00|00|00|07
1771333529.356,solicited,0,,0,
1771333529.422,unsolicited,0,0,0,C0|00|08|00|00|00|07
1771333529.490,unsolicited,0,0,0,C0|00|08|00|00|00|07
1771333530.065,solicited,0,,0,
1771333530.097,unsolicited,0,0,0,C0|00|08|00|00|00|07
1771333530.468,unsolicited,0,0,0,C0|00|08|00|00|00|07
1771333531.782,unsolicited,0,0,0,C0|00|08|00|00|00|07
1771333531.815,solicited,0,,0,
1771333532.490,unsolicited,0,0,0,C0|00|08|00|00|00|07
1771333532.523,unsolicited,0,0,0,C0|00|08|00|00|00|07
1771333532.524,solicited,0,,0,
1771333532.591,unsolicited,0,0,0,C0|00|08|00|00|00|07
1771333532.592,unsolicited,0,0,0,C0|00|08|00|00|00|07
1771333533.065,solicited,0,,0,
1771333534.582,unsolicited,0,0,0,C0|00|08|00|00|00|07
1771333534.582,unsolicited,0,0,0,C0|00|08|00|00|00|07
1771333534.615,solicited,0,,0,
1771333534.615,unsolicited,0,0,0,C0|00|08|00|00|00|07
1771333534.616,unsolicited,0,0,0,C0|00|08|00|00|00|07
1771333536.057,solicited,0,,0,
1771333536.124,unsolicited,0,0,0,C0|00|08|00|00|00|07
1771333536.125,unsolicited,0,0,0,C0|00|08|00|00|00|07
1771333536.158,unsolicited,0,0,0,C0|00|08|00|00|00|07
1771333536.897,solicited,0,,0,
1771333536.897,unsolicited,0,0,0,C0|00|08|00|00|00|07
1771333536.930,unsolicited,0,0,0,C0|00|08|00|00|00|07
1771333536.930,unsolicited,0,0,0,C0|00|08|00|00|00|07
1771333539.184,solicited,0,,0,
1771333539.218,unsolicited,0,0,0,C0|00|08|00|00|00|07
1771333539.784,unsolicited,0,0,0,C0|00|08|00|00|00|07
1771333539.817,solicited,0,,0,
1771333539.817,unsolicited,0,0,0,C0|00|08|00|00|00|07
1771333541.394,solicited,0,,0,
1771333541.428,unsolicited,0,0,0,C0|00|08|00|00|00|07
1771333541.662,unsolicited,0,0,0,C0|00|08|00|00|00|07
1771333542.270,unsolicited,0,0,0,C0|00|08|00|00|00|07
1771333542.270,unsolicited,0,0,0,C0|00|08|00|00|00|07
1771333542.302,solicited,0,,0,
1771333542.337,unsolicited,0,0,0,C0|00|08|00|00|00|07
1771333542.337,unsolicited,0,0,0,C0|00|08|00|00|00|07
1771333543.470,unsolicited,0,0,0,C0|00|08|00|00|00|07
1771333543.504,unsolicited,0,0,0,C0|00|08|00|00|00|07
1771333543.504,unsolicited,0,0,0,C0|00|08|00|00|00|07
1771333543.773,unsolicited,0,0,0,C0|00|08|00|00|00|07
1771333544.075,solicited,0,,0,
1771333544.714,unsolicited,0,0,0,C0|00|08|00|00|00|07
1771333544.747,solicited,0,,0,
1771333544.815,unsolicited,0,0,0,C0|00|08|00|00|00|07
1771333544.816,unsolicited,0,0,0,C0|00|08|00|00|00|07
1771333544.883,unsolicited,0,0,0,C0|00|08|00|00|00|07
1771333547.640,unsolicited,0,0,0,C0|00|08|00|00|00|07
1771333547.640,solicited,0,,0,
1771333547.674,unsolicited,0,0,0,C0|00|08|00|00|00|07
1771333547.908,unsolicited,0,0,0,C0|00|08|00|00|00|07
1771333547.909,unsolicited,0,0,0,C0|00|08|00|00|00|07
1771333550.167,unsolicited,0,0,0,C0|00|08|00|00|00|07
1771333550.200,unsolicited,0,0,0,C0|00|08|00|00|00|07
1771333550.201,solicited,0,,0,
1771333550.201,unsolicited,0,0,0,C0|00|08|00|00|00|07
1771333550.234,unsolicited,0,0,0,C0|00|08|00|00|00|07
1771333550.234,unsolicited,0,0,0,C0|00|08|00|00|00|07
1771333553.068,solicited,0,,0,
1771333553.403,unsolicited,0,0,0,C0|00|08|00|00|00|07
1771333553.404,unsolicited,0,0,0,C0|00|08|00|00|00|07
1771333553.438,unsolicited,0,0,0,C0|00|08|00|00|00|07
1771333553.470,unsolicited,0,0,0,C0|00|08|00|00|00|07
1771333554.510,unsolicited,0,0,0,C0|00|08|00|00|00|07
1771333554.747,unsolicited,512,8,0,C8|08|08|02|00|00|19
1771333555.753,unsolicited,512,8,0,C8|08|08|00|00|00|17
1771333556.122,solicited,1250,,512,
1771333558.882,unsolicited,512,8,1250,C0|08|08|00|00|00|0F
1771333558.914,solicited,1301,,512,
1771333559.416,unsolicited,512,8,1301,C0|08|08|00|00|00|0F
1771333559.752,unsolicited,448,7,1301,C0|07|08|00|00|00|0E
1771333559.752,unsolicited,448,7,1301,C0|07|08|00|00|00|0E
1771333561.567,solicited,1303,,448,
1771333561.634,unsolicited,448,7,1303,C0|07|08|00|00|00|0E
1771333561.903,unsolicited,448,7,1303,C0|07|08|00|00|00|0E
1771333562.607,solicited,1300,,448,
1771333562.774,unsolicited,448,7,1300,C0|07|08|00|00|00|0E
1771333562.808,unsolicited,448,7,1300,C0|07|08|00|00|00|0E
1771333562.808,unsolicited,448,7,1300,C0|07|08|00|00|00|0E
1771333563.812,unsolicited,448,7,1300,C0|07|08|00|00|00|0E
1771333563.845,solicited,1296,,448,
1771333564.959,unsolicited,448,7,1296,C0|07|08|00|00|00|0E
1771333565.025,solicited,1297,,448,
1771333565.126,unsolicited,448,7,1297,C0|07|08|00|00|00|0E
1771333565.126,unsolicited,448,7,1297,C0|07|08|00|00|00|0E
1771333566.808,solicited,1239,,448,
1771333567.179,unsolicited,448,7,1239,C0|07|08|00|00|00|0E
1771333567.248,unsolicited,448,7,1239,C0|07|08|00|00|00|0E
1771333567.281,unsolicited,448,7,1239,C0|07|08|00|00|00|0E
1771333567.281,unsolicited,448,7,1239,C0|07|08|00|00|00|0E
1771333569.468,unsolicited,448,7,1239,C0|07|08|00|00|00|0E
1771333569.501,solicited,1269,,448,
1771333569.733,unsolicited,448,7,1269,C0|07|08|00|00|00|0E
1771333569.767,unsolicited,448,7,1269,C0|07|08|00|00|00|0E
1771333569.801,unsolicited,448,7,1269,C0|07|08|00|00|00|0E
1771333573.025,solicited,1216,,448,
1771333573.257,unsolicited,448,7,1216,C0|07|08|00|00|00|0E
1771333573.424,unsolicited,448,7,1216,C0|07|08|00|00|00|0E
1771333574.601,solicited,217,,448,
1771333575.340,solicited,0,,448,
1771333575.677,unsolicited,0,0,0,C0|00|08|00|00|00|07
1771333576.519,solicited,0,,0,
1771333576.620,unsolicited,0,0,0,C0|00|08|00|00|00|07
1771333576.620,unsolicited,0,0,0,C0|00|08|00|00|00|07
1771333576.654,unsolicited,0,0,0,C0|00|08|00|00|00|07
1771333576.688,unsolicited,0,0,0,C0|00|08|00|00|00|07
1771333576.688,unsolicited,0,0,0,C0|00|08|00|00|00|07
1771333579.045,solicited,0,,0,
1771333579.078,unsolicited,0,0,0,C0|00|08|00|00|00|07
1771333579.954,solicited,0,,0,
1771333580.055,unsolicited,0,0,0,C0|00|08|00|00|00|07
1771333580.088,unsolicited,0,0,0,C0|00|08|00|00|00|07
1771333580.222,unsolicited,0,0,0,C0|00|08|00|00|00|07
1771333582.566,unsolicited,0,0,0,C0|00|08|00|00|00|07
1771333583.035,unsolicited,0,0,0,C0|00|08|00|00|00|07
1771333583.035,unsolicited,0,0,0,C0|00|08|00|00|00|07
1771333583.673,solicited,0,,0,
1771333583.843,unsolicited,0,0,0,C0|00|08|00|00|00|07
1771333586.200,unsolicited,0,0,0,C0|00|08|00|00|00|07
1771333586.233,solicited,0,,0,
1771333587.648,unsolicited,0,0,0,C0|00|08|00|00|00|07
1771333587.649,unsolicited,0,0,0,C0|00|08|00|00|00|07
1771333587.680,solicited,0,,0,
1771333589.760,solicited,0,,0,
1771333590.262,unsolicited,0,0,0,C0|00|08|00|00|00|07
1771333590.329,solicited,0,,0,
1771333592.709,solicited,0,,0,
1771333592.710,unsolicited,0,0,0,C0|00|08|00|00|00|07
1771333594.891,unsolicited,0,0,0,C0|00|08|00|00|00|07
1771333594.925,solicited,0,,0,
1771333595.595,unsolicited,0,0,0,C0|00|08|00|00|00|07
1771333595.865,unsolicited,0,0,0,C0|00|08|00|00|00|07
1771333597.578,unsolicited,0,0,0,C0|00|08|00|00|00|07
1771333597.610,solicited,0,,0,
1771333598.181,solicited,0,,0,
1771333600.835,unsolicited,0,0,0,C0|00|08|00|00|00|07
1771333600.869,unsolicited,0,0,0,C0|00|08|00|00|00|07
1771333600.935,unsolicited,0,0,0,C0|00|08|00|00|00|07
1771333600.968,solicited,0,,0,
1771333601.035,unsolicited,0,0,0,C0|00|08|00|00|00|07
1771333601.069,unsolicited,0,0,0,C0|00|08|00|00|00|07
1771333601.102,unsolicited,0,0,0,C0|00|08|00|00|00|07
1771333603.320,unsolicited,0,0,0,C0|00|08|00|00|00|07
1771333603.354,unsolicited,0,0,0,C0|00|08|00|00|00|07
1771333603.554,unsolicited,0,0,0,C0|00|08|00|00|00|07
1771333603.655,solicited,0,,0,
1771333603.723,unsolicited,0,0,0,C0|00|08|00|00|00|07
1771333605.375,solicited,0,,0,
1771333605.408,unsolicited,0,0,0,C0|00|08|00|00|00|07
1771333605.711,unsolicited,0,0,0,C0|00|08|00|00|00|07
1771333607.455,solicited,0,,0,
1771333609.474,solicited,0,,0,
1771333610.818,unsolicited,0,0,0,C0|00|08|00|00|00|07
1771333614.716,solicited,0,,0,
1771333615.387,solicited,0,,0,
1771333615.387,unsolicited,0,0,0,C0|00|08|00|00|00|07
1771333615.388,unsolicited,0,0,0,C0|00|08|00|00|00|07
1771333615.388,unsolicited,0,0,0,C0|00|08|00|00|00|07
1771333616.464,unsolicited,0,0,0,C0|00|08|00|00|00|07
1771333616.498,unsolicited,0,0,0,C0|00|08|00|00|00|07
1771333616.499,solicited,0,,0,
1771333616.533,unsolicited,0,0,0,C0|00|08|00|00|00|07
1771333618.042,solicited,0,,0,
1771333618.076,unsolicited,0,0,0,C0|00|08|00|00|00|07
1771333618.278,unsolicited,0,0,0,C0|00|08|00|00|00|07
1771333618.345,unsolicited,0,0,0,C0|00|08|00|00|00|07
1771333619.791,solicited,0,,0,
1771333619.858,unsolicited,0,0,0,C0|00|08|00|00|00|07
1771333621.375,unsolicited,0,0,0,C0|00|08|00|00|00|07
1771333621.375,solicited,0,,0,
1771333621.442,unsolicited,0,0,0,C0|00|08|00|00|00|07
1771333621.474,unsolicited,0,0,0,C0|00|08|00|00|00|07
1771333621.475,unsolicited,0,0,0,C0|00|08|00|00|00|07
1771333622.151,unsolicited,0,0,0,C0|00|08|00|00|00|07
1771333622.184,solicited,0,,0,
1771333622.185,unsolicited,0,0,0,C0|00|08|00|00|00|07
1771333622.620,unsolicited,0,0,0,C0|00|08|00|00|00|07
1771333622.620,unsolicited,0,0,0,C0|00|08|00|00|00|07
1771333622.721,unsolicited,0,0,0,C0|00|08|00|00|00|07
1771333622.754,solicited,0,,0,
1771333622.755,unsolicited,0,0,0,C0|00|08|00|00|00|07
1771333622.755,unsolicited,0,0,0,C0|00|08|00|00|00|07
1771333622.789,unsolicited,0,0,0,C0|00|08|00|00|00|07
1771333622.789,unsolicited,0,0,0,C0|00|08|00|00|00|07
1771333623.932,unsolicited,0,0,0,C0|00|08|00|00|00|07
1771333623.966,solicited,0,,0,
1771333624.199,unsolicited,0,0,0,C0|00|08|00|00|00|07
1771333624.233,unsolicited,0,0,0,C0|00|08|00|00|00|07
1771333625.744,unsolicited,0,0,0,C0|00|08|00|00|00|07
1771333625.744,unsolicited,0,0,0,C0|00|08|00|00|00|07
1771333625.778,solicited,0,,0,
1771333626.417,unsolicited,0,0,0,C0|00|08|00|00|00|07
1771333626.450,solicited,0,,0,
1771333627.393,unsolicited,0,0,0,C0|00|08|00|00|00|07
1771333627.629,unsolicited,0,0,0,C0|00|08|00|00|00|07
1771333628.829,solicited,0,,0,
1771333628.929,unsolicited,0,0,0,C0|00|08|00|00|00|07
1771333629.162,unsolicited,0,0,0,C0|00|08|00|00|00|07
1771333629.162,unsolicited,0,0,0,C0|00|08|00|00|00|07
1771333629.228,unsolicited,0,0,0,C0|00|08|00|00|00|07
1771333630.806,solicited,0,,0,
1771333631.276,unsolicited,0,0,0,C0|00|08|00|00|00|07
1771333631.277,unsolicited,0,0,0,C0|00|08|00|00|00|07
1771333631.310,solicited,0,,0,
1771333633.252,unsolicited,0,0,0,C0|00|08|00|00|00|07
1771333633.285,solicited,0,,0,
1771333633.286,unsolicited,0,0,0,C0|00|08|00|00|00|07
1771333633.319,unsolicited,0,0,0,C0|00|08|00|00|00|07
1771333633.319,unsolicited,0,0,0,C0|00|08|00|00|00|07
1771333635.029,unsolicited,0,0,0,C0|00|08|00|00|00|07
1771333635.060,unsolicited,0,0,0,C0|00|08|00|00|00|07
1771333635.061,solicited,0,,0,
1771333635.432,unsolicited,0,0,0,C0|00|08|00|00|00|07
1771333635.432,unsolicited,0,0,0,C0|00|08|00|00|00|07
1771333637.674,solicited,0,,0,
1771333637.944,unsolicited,0,0,0,C0|00|08|00|00|00|07
1771333639.657,unsolicited,0,0,0,C0|00|08|00|00|00|07
1771333639.691,solicited,0,,0,
1771333640.598,unsolicited,0,0,0,C0|00|08|00|00|00|07
1771333640.632,solicited,0,,0,
1771333642.380,unsolicited,0,0,0,C0|00|08|00|00|00|07
1771333642.413,unsolicited,0,0,0,C0|00|08|00|00|00|07
1771333642.414,solicited,0,,0,
1771333644.059,solicited,0,,0,
1771333644.729,solicited,0,,0,
1771333646.375,unsolicited,0,0,0,C0|00|08|00|00|00|07
1771333646.408,solicited,0,,0,
1771333646.475,unsolicited,0,0,0,C0|00|08|00|00|00|07
1771333646.475,unsolicited,0,0,0,C0|00|08|00|00|00|07
1771333649.470,solicited,0,,0,
1771333650.106,solicited,0,,0,
1771333650.510,unsolicited,0,0,0,C0|00|08|00|00|00|07
1771333650.642,unsolicited,0,0,0,C0|00|08|00|00|00|07
1771333650.643,solicited,0,,0,
1771333651.515,solicited,0,,0,
1771333651.785,unsolicited,0,0,0,C0|00|08|00|00|00|07
1771333651.820,unsolicited,0,0,0,C0|00|08|00|00|00|07
1771333651.852,unsolicited,0,0,0,C0|00|08|00|00|00|07
1771333651.853,unsolicited,0,0,0,C0|00|08|00|00|00|07
1771333652.623,unsolicited,0,0,0,C0|00|08|00|00|00|07
1771333652.623,unsolicited,0,0,0,C0|00|08|00|00|00|07
1771333652.656,unsolicited,0,0,0,C0|00|08|00|00|00|07
1771333652.689,solicited,0,,0,
1771333652.857,unsolicited,0,0,0,C0|00|08|00|00|00|07
1771333652.890,unsolicited,0,0,0,C0|00|08|00|00|00|07
1771333655.105,solicited,0,,0,
1771333655.172,unsolicited,0,0,0,C0|00|08|00|00|00|07
1771333655.577,unsolicited,0,0,0,C0|00|08|00|00|00|07
1771333655.577,unsolicited,0,0,0,C0|00|08|00|00|00|07
1771333655.577,solicited,0,,0,
1771333657.151,unsolicited,0,0,0,C0|00|08|00|00|00|07
1771333657.151,unsolicited,0,0,0,C0|00|08|00|00|00|07
1771333658.532,unsolicited,0,0,0,C0|00|08|00|00|00|07
1771333658.566,unsolicited,0,0,0,C0|00|08|00|00|00|07
1771333658.566,solicited,0,,0,
1771333658.600,unsolicited,0,0,0,C0|00|08|00|00|00|07
1771333658.870,unsolicited,0,0,0,C0|00|08|00|00|00|07
1771333658.903,unsolicited,0,0,0,C0|00|08|00|00|00|07
1771333658.904,unsolicited,0,0,0,C0|00|08|00|00|00|07
1771333658.938,unsolicited,0,0,0,C0|00|08|00|00|00|07
1771333659.037,unsolicited,0,0,0,C0|00|08|00|00|00|07
1771333659.070,solicited,0,,0,
1771333662.087,solicited,0,,0,
1771333662.798,solicited,0,,0,
1771333663.841,unsolicited,0,0,0,C0|00|08|00|00|00|07
1771333663.875,unsolicited,0,0,0,C0|00|08|00|00|00|07
1771333663.908,solicited,0,,0,
1771333663.943,unsolicited,0,0,0,C0|00|08|00|00|00|07
1771333667.565,unsolicited,0,0,0,C0|00|08|00|00|00|07
1771333667.598,unsolicited,0,0,0,C0|00|08|00|00|00|07
1771333667.599,solicited,0,,0,
1771333671.425,unsolicited,0,0,0,C0|00|08|00|00|00|07
1771333671.694,unsolicited,0,0,0,C0|00|08|00|00|00|07
1771333671.727,solicited,0,,0,
1771333671.727,unsolicited,0,0,0,C0|00|08|00|00|00|07
1771333672.701,unsolicited,0,0,0,C0|00|08|00|00|00|07
1771333672.767,solicited,0,,0,
1771333672.767,unsolicited,0,0,0,C0|00|08|00|00|00|07
1771333673.873,unsolicited,0,0,0,C0|00|08|00|00|00|07
1771333673.874,unsolicited,0,0,0,C0|00|08|00|00|00|07
1771333673.907,unsolicited,0,0,0,C0|00|08|00|00|00|07
1771333674.109,unsolicited,0,0,0,C0|00|08|00|00|00|07
1771333674.442,solicited,0,,0,
1771333674.475,unsolicited,0,0,0,C0|00|08|00|00|00|07
1771333678.241,unsolicited,0,0,0,C0|00|08|00|00|00|07
1771333681.158,solicited,0,,0,
1771333681.158,unsolicited,0,0,0,C0|00|08|00|00|00|07
1771333681.863,solicited,0,,0,
1771333681.896,unsolicited,0,0,0,C0|00|08|00|00|00|07
1771333681.896,unsolicited,0,0,0,C0|00|08|00|00|00|07
1771333684.652,solicited,0,,0,
1771333684.652,unsolicited,0,0,0,C0|00|08|00|00|00|07
1771333686.297,solicited,0,,0,
1771333686.298,unsolicited,0,0,0,C0|00|08|00|00|00|07
1771333686.331,unsolicited,0,0,0,C0|00|08|00|00|00|07
1771333687.070,unsolicited,0,0,0,C0|00|08|00|00|00|07
1771333687.103,solicited,0,,0,
1771333687.104,unsolicited,0,0,0,C0|00|08|00|00|00|07
1771333687.407,unsolicited,0,0,0,C0|00|08|00|00|00|07
1771333687.408,unsolicited,0,0,0,C0|00|08|00|00|00|07
1771333687.642,solicited,0,,0,
1771333690.321,unsolicited,0,0,0,C0|00|08|00|00|00|07
1771333690.322,unsolicited,0,0,0,C0|00|08|00|00|00|07
1771333690.355,unsolicited,0,0,0,C0|00|08|00|00|00|07
1771333690.355,solicited,0,,0,
1771333690.355,unsolicited,0,0,0,C0|00|08|00|00|00|07
1771333690.389,unsolicited,0,0,0,C0|00|08|00|00|00|07
1771333691.159,unsolicited,0,0,0,C0|00|08|00|00|00|07
1771333691.159,unsolicited,0,0,0,C0|00|08|00|00|00|07
1771333691.192,solicited,0,,0,
1771333691.525,unsolicited,0,0,0,C0|00|08|00|00|00|07
1771333691.525,unsolicited,0,0,0,C0|00|08|00|00|00|07
1771333691.559,unsolicited,0,0,0,C0|00|08|00|00|00|07
1771333692.060,solicited,0,,0,
1771333692.060,unsolicited,0,0,0,C0|00|08|00|00|00|07
1771333692.659,unsolicited,0,0,0,C0|00|08|00|00|00|07
1771333692.659,unsolicited,0,0,0,C0|00|08|00|00|00|07
1771333692.693,solicited,0,,0,
1771333692.693,unsolicited,0,0,0,C0|00|08|00|00|00|07
1771333692.693,unsolicited,0,0,0,C0|00|08|00|00|00|07
1771333693.902,solicited,0,,0,
1771333693.969,unsolicited,0,0,0,C0|00|08|00|00|00|07
1771333693.969,unsolicited,0,0,0,C0|00|08|00|00|00|07
1771333695.281,unsolicited,0,0,0,C0|00|08|00|00|00|07
1771333695.281,unsolicited,0,0,0,C0|00|08|00|00|00|07
1771333695.315,unsolicited,0,0,0,C0|00|08|00|00|00|07
1771333695.315,solicited,0,,0,
1771333695.315,unsolicited,0,0,0,C0|00|08|00|00|00|07
1771333695.348,unsolicited,0,0,0,C0|00|08|00|00|00|07
1771333695.349,unsolicited,0,0,0,C0|00|08|00|00|00|07
1771333697.434,unsolicited,0,0,0,C0|00|08|00|00|00|07
1771333697.467,solicited,0,,0,
1771333697.534,unsolicited,0,0,0,C0|00|08|00|00|00|07
1771333700.719,unsolicited,0,0,0,C0|00|08|00|00|00|07
1771333701.090,solicited,0,,0,
1771333701.191,unsolicited,0,0,0,C0|00|08|00|00|00|07
1771333702.735,solicited,0,,0,
1771333703.341,unsolicited,0,0,0,C0|00|08|00|00|00|07
1771333703.374,solicited,0,,0,
1771333704.315,unsolicited,0,0,0,C0|00|08|00|00|00|07
1771333704.384,unsolicited,0,0,0,C0|00|08|00|00|00|07
1771333704.585,unsolicited,0,0,0,C0|00|08|00|00|00|07
1771333704.585,solicited,0,,0,
1771333704.687,unsolicited,0,0,0,C0|00|08|00|00|00|07
1771333704.687,unsolicited,0,0,0,C0|00|08|00|00|00|07
1771333704.721,unsolicited,0,0,0,C0|00|08|00|00|00|07
1771333704.722,unsolicited,0,0,0,C0|00|08|00|00|00|07
1771333706.435,unsolicited,0,0,0,C0|00|08|00|00|00|07
1771333706.435,unsolicited,0,0,0,C0|00|08|00|00|00|07
1771333706.468,solicited,0,,0,
1771333706.803,unsolicited,0,0,0,C0|00|08|00|00|00|07
1771333707.877,solicited,0,,0,
1771333707.877,unsolicited,0,0,0,C0|00|08|00|00|00|07
1771333709.456,unsolicited,0,0,0,C0|00|08|00|00|00|07
1771333709.489,unsolicited,0,0,0,C0|00|08|00|00|00|07
1771333709.490,unsolicited,0,0,0,C0|00|08|00|00|00|07
1771333709.490,solicited,0,,0,
1771333709.523,unsolicited,0,0,0,C0|00|08|00|00|00|07
1771333709.523,unsolicited,0,0,0,C0|00|08|00|00|00|07
1771333710.960,solicited,0,,0,
1771333710.993,unsolicited,0,0,0,C0|00|08|00|00|00|07
1771333712.804,unsolicited,0,0,0,C0|00|08|00|00|00|07
1771333712.871,solicited,0,,0,
1771333712.905,unsolicited,0,0,0,C0|00|08|00|00|00|07
1771333715.690,solicited,0,,0,
1771333715.991,unsolicited,0,0,0,C0|00|08|00|00|00|07
1771333716.058,unsolicited,0,0,0,C0|00|08|00|00|00|07
1771333716.058,unsolicited,0,0,0,C0|00|08|00|00|00|07
1771333716.092,unsolicited,0,0,0,C0|00|08|00|00|00|07
1771333716.125,unsolicited,0,0,0,C0|00|08|00|00|00|07
1771333717.836,solicited,0,,0,
1771333717.837,unsolicited,0,0,0,C0|00|08|00|00|00|07
1771333718.137,unsolicited,0,0,0,C0|00|08|00|00|00|07
1771333718.138,unsolicited,0,0,0,C0|00|08|00|00|00|07
1771333718.138,unsolicited,0,0,0,C0|00|08|00|00|00|07
1771333718.271,unsolicited,0,0,0,C0|00|08|00|00|00|07
1771333718.271,unsolicited,0,0,0,C0|00|08|00|00|00|07
1771333720.011,unsolicited,0,0,0,C0|00|08|00|00|00|07
1771333720.044,solicited,0,,0,
1771333720.777,unsolicited,0,0,0,C0|00|08|00|00|00|07
1771333721.815,unsolicited,0,0,0,C0|00|08|00|00|00|07
1771333721.848,solicited,0,,0,
1771333721.915,unsolicited,0,0,0,C0|00|08|00|00|00|07
1771333721.915,unsolicited,0,0,0,C0|00|08|00|00|00|07
1771333723.189,solicited,0,,0,
1771333724.627,unsolicited,0,0,0,C0|00|08|00|00|00|07
1771333724.660,solicited,0,,0,
1771333725.334,unsolicited,0,0,0,C0|00|08|00|00|00|07
1771333725.367,solicited,0,,0,
1771333725.632,unsolicited,0,0,0,C0|00|08|00|00|00|07
1771333725.633,unsolicited,0,0,0,C0|00|08|00|00|00|07
1771333727.438,unsolicited,0,0,0,C0|00|08|00|00|00|07
1771333727.504,solicited,0,,0,
1771333727.572,unsolicited,0,0,0,C0|00|08|00|00|00|07
1771333728.044,unsolicited,0,0,0,C0|00|08|00|00|00|07
1771333728.045,unsolicited,0,0,0,C0|00|08|00|00|00|07
1771333728.077,solicited,0,,0,
1771333732.398,unsolicited,0,0,0,C0|00|08|00|00|00|07
1771333732.432,solicited,0,,0,
1771333732.432,unsolicited,0,0,0,C0|00|08|00|00|00|07
1771333732.700,unsolicited,0,0,0,C0|00|08|00|00|00|07
1771333734.597,solicited,0,,0,
1771333734.897,unsolicited,0,0,0,C0|00|08|00|00|00|07
1771333736.103,unsolicited,0,0,0,C0|00|08|00|00|00|07
1771333736.103,solicited,0,,0,
1771333736.305,unsolicited,0,0,0,C0|00|08|00|00|00|07
1771333736.339,unsolicited,0,0,0,C0|00|08|00|00|00|07
1771333736.339,unsolicited,0,0,0,C0|00|08|00|00|00|07
1771333736.339,unsolicited,0,0,0,C0|00|08|00|00|00|07
1771333736.339,unsolicited,0,0,0,C0|00|08|00|00|00|07
1771333736.373,unsolicited,0,0,0,C0|00|08|00|00|00|07
1771333736.407,unsolicited,0,0,0,C0|00|08|00|00|00|07
1771333736.407,unsolicited,0,0,0,C0|00|08|00|00|00|07
1771333736.440,unsolicited,0,0,0,C0|00|08|00|00|00|07
1771333739.956,solicited,0,,0,
1771333740.258,unsolicited,0,0,0,C0|00|08|00|00|00|07
1771333740.291,unsolicited,0,0,0,C0|00|08|00|00|00|07
1771333740.291,unsolicited,0,0,0,C0|00|08|00|00|00|07
1771333741.023,solicited,0,,0,
1771333741.762,solicited,0,,0,
1771333741.795,unsolicited,0,0,0,C0|00|08|00|00|00|07
1771333742.598,solicited,0,,0,
1771333745.143,solicited,0,,0,
1771333747.223,unsolicited,0,0,0,C0|00|08|00|00|00|07
1771333747.223,unsolicited,0,0,0,C0|00|08|00|00|00|07
1771333747.256,solicited,0,,0,
1771333747.892,unsolicited,0,0,0,C0|00|08|00|00|00|07
1771333747.892,solicited,0,,0,
1771333749.660,unsolicited,0,0,0,C8|00|08|07|00|00|16
1771333749.694,solicited,625,,0,
1771333750.129,unsolicited,512,8,625,C8|08|08|01|00|00|18
1771333750.767,solicited,1332,,512,
1771333752.615,unsolicited,512,8,1332,C8|08|08|00|00|00|17
1771333752.615,unsolicited,512,8,1332,C8|08|08|00|00|00|17
1771333752.615,unsolicited,512,8,1332,C8|08|08|00|00|00|17
1771333752.648,solicited,1315,,512,
1771333752.649,unsolicited,512,8,1315,C8|08|08|00|00|00|17
1771333753.384,unsolicited,512,8,1315,C0|08|08|00|00|00|0F
1771333753.417,unsolicited,512,8,1315,C0|08|08|00|00|00|0F
1771333753.418,solicited,1302,,512,
1771333753.451,unsolicited,512,8,1302,C0|08|08|00|00|00|0F
1771333754.489,solicited,1306,,512,
1771333754.956,unsolicited,512,8,1306,C0|08|08|00|00|00|0F
1771333754.989,solicited,1296,,512,
1771333756.497,unsolicited,512,8,1296,C0|08|08|00|00|00|0F
1771333756.531,solicited,1303,,512,
1771333757.740,solicited,1296,,512,
1771333759.721,solicited,1297,,512,
1771333760.828,solicited,1298,,512,
1771333764.452,solicited,1301,,512,
1771333764.485,unsolicited,512,8,1301,C0|08|08|00|00|00|0F
1771333764.486,unsolicited,512,8,1301,C0|08|08|00|00|00|0F
1771333764.722,unsolicited,512,8,1301,C0|08|08|00|00|00|0F
1771333764.722,unsolicited,512,8,1301,C0|08|08|00|00|00|0F
1771333764.756,unsolicited,512,8,1301,C0|08|08|00|00|00|0F
1771333764.789,unsolicited,512,8,1301,C0|08|08|00|00|00|0F
1771333765.625,unsolicited,512,8,1301,C0|08|08|00|00|00|0F
1771333765.658,solicited,1300,,512,
1771333765.793,unsolicited,512,8,1300,C0|08|08|00|00|00|0F
1771333767.240,unsolicited,512,8,1300,C0|08|08|00|00|00|0F
1771333767.273,solicited,1300,,512,
1771333767.846,unsolicited,512,8,1300,C0|08|08|00|00|00|0F
1771333767.846,unsolicited,512,8,1300,C0|08|08|00|00|00|0F
1771333767.880,unsolicited,512,8,1300,C0|08|08|00|00|00|0F
1771333768.253,unsolicited,512,8,1300,C0|08|08|00|00|00|0F
1771333768.287,unsolicited,512,8,1300,C0|08|08|00|00|00|0F
1771333768.354,unsolicited,512,8,1300,C0|08|08|00|00|00|0F
1771333768.388,unsolicited,512,8,1300,C0|08|08|00|00|00|0F
1771333768.389,solicited,1296,,512,
1771333768.489,unsolicited,512,8,1296,C0|08|08|00|00|00|0F
1771333768.523,unsolicited,512,8,1296,C0|08|08|00|00|00|0F
1771333769.893,solicited,1297,,512,
1771333771.432,unsolicited,448,7,1297,C0|07|08|00|00|00|0E
1771333771.465,solicited,1299,,448,
1771333772.304,solicited,1296,,448,
1771333772.739,unsolicited,448,7,1296,C0|07|08|00|00|00|0E
1771333772.771,unsolicited,448,7,1296,C0|07|08|00|00|00|0E
1771333772.840,unsolicited,448,7,1296,C0|07|08|00|00|00|0E
1771333772.874,solicited,1307,,448,
1771333777.294,solicited,0,,448,
1771333777.428,unsolicited,0,0,0,C0|00|08|00|00|00|07
1771333777.430,unsolicited,0,0,0,C0|00|08|00|00|00|07
1771333777.461,unsolicited,0,0,0,C0|00|08|00|00|00|07
1771333779.543,unsolicited,0,0,0,C0|00|08|00|00|00|07
1771333779.576,solicited,0,,0,
1771333779.576,unsolicited,0,0,0,C0|00|08|00|00|00|07
1771333780.781,unsolicited,0,0,0,C0|00|08|00|00|00|07
1771333780.782,unsolicited,0,0,0,C0|00|08|00|00|00|07
1771333782.022,unsolicited,0,0,0,C0|00|08|00|00|00|07
1771333782.055,solicited,0,,0,
1771333783.198,unsolicited,0,0,0,C0|00|08|00|00|00|07
1771333783.232,unsolicited,0,0,0,C0|00|08|00|00|00|07
1771333783.232,solicited,0,,0,
1771333784.979,unsolicited,0,0,0,C0|00|08|00|00|00|07
1771333784.980,solicited,0,,0,
1771333785.013,unsolicited,0,0,0,C0|00|08|00|00|00|07
1771333785.013,unsolicited,0,0,0,C0|00|08|00|00|00|07
1771333785.246,unsolicited,0,0,0,C0|00|08|00|00|00|07
1771333785.847,unsolicited,0,0,0,C0|00|08|00|00|00|07
1771333785.880,unsolicited,0,0,0,C0|00|08|00|00|00|07
1771333786.148,unsolicited,0,0,0,C0|00|08|00|00|00|07
1771333786.149,unsolicited,0,0,0,C0|00|08|00|00|00|07
1771333786.314,unsolicited,0,0,0,C0|00|08|00|00|00|07
1771333788.125,solicited,0,,0,
1771333788.595,unsolicited,0,0,0,C0|00|08|00|00|00|07
1771333788.629,unsolicited,0,0,0,C0|00|08|00|00|00|07
1771333788.664,unsolicited,0,0,0,C0|00|08|00|00|00|07
1771333788.696,solicited,0,,0,
1771333789.168,unsolicited,0,0,0,C0|00|08|00|00|00|07
1771333789.168,solicited,0,,0,
1771333789.269,unsolicited,0,0,0,C0|00|08|00|00|00|07
1771333789.270,unsolicited,0,0,0,C0|00|08|00|00|00|07
1771333789.673,unsolicited,0,0,0,C0|00|08|00|00|00|07
1771333789.707,solicited,0,,0,
1771333790.379,solicited,0,,0,
1771333792.592,solicited,0,,0,
1771333793.329,solicited,0,,0,
1771333794.236,unsolicited,0,0,0,C0|00|08|00|00|00|07
1771333796.784,solicited,0,,0,
1771333798.462,unsolicited,0,0,0,C0|00|08|00|00|00|07
1771333798.497,solicited,0,,0,
1771333798.497,unsolicited,0,0,0,C0|00|08|00|00|00|07
1771333798.497,unsolicited,0,0,0,C0|00|08|00|00|00|07
1771333799.406,solicited,0,,0,
1771333800.912,solicited,0,,0,
1771333801.080,unsolicited,0,0,0,C0|00|08|00|00|00|07
1771333803.029,unsolicited,0,0,0,C0|00|08|00|00|00|07
1771333803.029,unsolicited,0,0,0,C0|00|08|00|00|00|07
1771333803.267,unsolicited,0,0,0,C0|00|08|00|00|00|07
1771333803.267,unsolicited,0,0,0,C0|00|08|00|00|00|07
1771333803.267,unsolicited,0,0,0,C0|00|08|00|00|00|07
1771333805.415,solicited,0,,0,
1771333805.681,unsolicited,0,0,0,C0|00|08|00|00|00|07
1771333806.320,unsolicited,0,0,0,C0|00|08|00|00|00|07
1771333806.321,solicited,0,,0,
1771333806.421,unsolicited,0,0,0,C0|00|08|00|00|00|07
1771333808.571,unsolicited,0,0,0,C0|00|08|00|00|00|07
1771333808.604,unsolicited,0,0,0,C0|00|08|00|00|00|07
1771333808.605,solicited,0,,0,
1771333809.139,unsolicited,0,0,0,C0|00|08|00|00|00|07
1771333809.173,unsolicited,0,0,0,C0|00|08|00|00|00|07
1771333809.173,solicited,0,,0,
1771333809.273,unsolicited,0,0,0,C0|00|08|00|00|00|07
1771333810.185,solicited,0,,0,
1771333811.092,unsolicited,0,0,0,C0|00|08|00|00|00|07
1771333811.092,unsolicited,0,0,0,C0|00|08|00|00|00|07
1771333811.328,unsolicited,0,0,0,C0|00|08|00|00|00|07
1771333811.329,unsolicited,0,0,0,C0|00|08|00|00|00|07
1771333811.361,solicited,0,,0,
1771333811.361,unsolicited,0,0,0,C0|00|08|00|00|00|07
1771333812.534,unsolicited,0,0,0,C0|00|08|00|00|00|07
1771333813.001,unsolicited,0,0,0,C0|00|08|00|00|00|07
1771333813.034,unsolicited,0,0,0,C0|00|08|00|00|00|07
1771333813.034,unsolicited,0,0,0,C0|00|08|00|00|00|07
1771333813.035,unsolicited,0,0,0,C0|00|08|00|00|00|07
1771333813.035,unsolicited,0,0,0,C0|00|08|00|00|00|07
1771333815.961,solicited,0,,0,
1771333816.297,unsolicited,0,0,0,C0|00|08|00|00|00|07
1771333816.870,unsolicited,0,0,0,C0|00|08|00|00|00|07
1771333816.903,unsolicited,0,0,0,C0|00|08|00|00|00|07
1771333816.903,solicited,0,,0,
1771333817.037,unsolicited,0,0,0,C0|00|08|00|00|00|07
1771333818.580,unsolicited,0,0,0,C0|00|08|00|00|00|07
1771333818.613,unsolicited,0,0,0,C0|00|08|00|00|00|07
1771333818.613,unsolicited,0,0,0,C0|00|08|00|00|00|07
1771333818.846,unsolicited,0,0,0,C0|00|08|00|00|00|07
1771333819.080,unsolicited,0,0,0,C0|00|08|00|00|00|07
1771333820.294,solicited,0,,0,
1771333820.395,unsolicited,0,0,0,C0|00|08|00|00|00|07
1771333820.428,unsolicited,0,0,0,C0|00|08|00|00|00|07
1771333820.428,unsolicited,0,0,0,C0|00|08|00|00|00|07
1771333820.496,unsolicited,0,0,0,C0|00|08|00|00|00|07
1771333820.496,unsolicited,0,0,0,C0|00|08|00|00|00|07
1771333820.496,unsolicited,0,0,0,C0|00|08|00|00|00|07
1771333823.891,solicited,0,,0,
1771333825.875,unsolicited,0,0,0,C0|00|08|00|00|00|07
1771333825.907,unsolicited,0,0,0,C0|00|08|00|00|00|07
1771333825.907,solicited,0,,0,
1771333826.241,unsolicited,0,0,0,C0|00|08|00|00|00|07
1771333826.242,unsolicited,0,0,0,C0|00|08|00|00|00|07
1771333826.242,unsolicited,0,0,0,C0|00|08|00|00|00|07
1771333826.275,unsolicited,0,0,0,C0|00|08|00|00|00|07
1771333826.275,unsolicited,0,0,0,C0|00|08|00|00|00|07
1771333827.216,unsolicited,0,0,0,C0|00|08|00|00|00|07
1771333827.250,solicited,0,,0,
1771333827.283,unsolicited,0,0,0,C0|00|08|00|00|00|07
1771333827.887,solicited,0,,0,
1771333828.256,unsolicited,0,0,0,C0|00|08|00|00|00|07
1771333829.773,solicited,0,,0,
1771333829.773,unsolicited,0,0,0,C0|00|08|00|00|00|07
1771333829.774,unsolicited,0,0,0,C0|00|08|00|00|00|07
1771333829.807,unsolicited,0,0,0,C0|00|08|00|00|00|07
1771333830.207,unsolicited,0,0,0,C0|00|08|00|00|00|07
1771333830.443,unsolicited,0,0,0,C0|00|08|00|00|00|07
1771333830.476,solicited,0,,0,
1771333832.227,unsolicited,0,0,0,C0|00|08|00|00|00|07
1771333832.261,solicited,0,,0,
1771333832.261,unsolicited,0,0,0,C0|00|08|00|00|00|07
1771333832.294,unsolicited,0,0,0,C0|00|08|00|00|00|07
1771333833.031,solicited,0,,0,
1771333833.031,unsolicited,0,0,0,C0|00|08|00|00|00|07
1771333833.064,unsolicited,0,0,0,C0|00|08|00|00|00|07
1771333833.534,solicited,0,,0,
1771333833.567,unsolicited,0,0,0,C0|00|08|00|00|00|07
1771333834.575,unsolicited,0,0,0,C0|00|08|00|00|00|07
1771333834.608,solicited,0,,0,
1771333834.609,unsolicited,0,0,0,C0|00|08|00|00|00|07
1771333835.515,solicited,0,,0,
1771333835.515,unsolicited,0,0,0,C0|00|08|00|00|00|07
1771333836.152,unsolicited,0,0,0,C0|00|08|00|00|00|07
1771333836.185,solicited,0,,0,
1771333836.251,unsolicited,0,0,0,C0|00|08|00|00|00|07
1771333837.793,unsolicited,0,0,0,C0|00|08|00|00|00|07
1771333837.829,solicited,0,,0,
1771333837.862,unsolicited,0,0,0,C0|00|08|00|00|00|07
1771333838.097,unsolicited,0,0,0,C0|00|08|00|00|00|07
1771333838.098,unsolicited,0,0,0,C0|00|08|00|00|00|07
1771333838.230,unsolicited,0,0,0,C0|00|08|00|00|00|07
1771333838.263,unsolicited,0,0,0,C0|00|08|00|00|00|07
1771333839.070,unsolicited,0,0,0,C0|00|08|00|00|00|07
1771333839.071,unsolicited,0,0,0,C0|00|08|00|00|00|07
1771333839.103,solicited,0,,0,
1771333839.974,solicited,0,,0,
1771333840.916,unsolicited,0,0,0,C0|00|08|00|00|00|07
1771333840.916,solicited,0,,0,
1771333843.236,unsolicited,0,0,0,C0|00|08|00|00|00|07
1771333843.269,solicited,0,,0,
1771333843.303,unsolicited,0,0,0,C0|00|08|00|00|00|07
1771333843.976,unsolicited,0,0,0,C0|00|08|00|00|00|07
1771333844.010,solicited,0,,0,
1771333844.010,unsolicited,0,0,0,C0|00|08|00|00|00|07
1771333844.044,unsolicited,0,0,0,C0|00|08|00|00|00|07
1771333844.682,solicited,0,,0,
1771333844.749,unsolicited,0,0,0,C0|00|08|00|00|00|07
1771333844.782,unsolicited,0,0,0,C0|00|08|00|00|00|07
1771333845.896,solicited,0,,0,
1771333846.196,unsolicited,0,0,0,C0|00|08|00|00|00|07
1771333847.944,unsolicited,0,0,0,C0|00|08|00|00|00|07
1771333847.976,solicited,0,,0,
1771333848.043,unsolicited,0,0,0,C0|00|08|00|00|00|07
1771333848.076,unsolicited,0,0,0,C0|00|08|00|00|00|07
1771333848.310,unsolicited,0,0,0,C0|00|08|00|00|00|07
1771333849.885,unsolicited,0,0,0,C0|00|08|00|00|00|07
1771333849.919,solicited,0,,0,
1771333849.919,unsolicited,0,0,0,C0|00|08|00|00|00|07
1771333849.919,unsolicited,0,0,0,C0|00|08|00|00|00|07
1771333849.986,unsolicited,0,0,0,C0|00|08|00|00|00|07
1771333850.790,solicited,0,,0,
1771333850.858,unsolicited,0,0,0,C0|00|08|00|00|00|07
1771333851.161,unsolicited,0,0,0,C0|00|08|00|00|00|07
1771333851.296,solicited,0,,0,
1771333852.971,unsolicited,0,0,0,C0|00|08|00|00|00|07
1771333853.005,solicited,0,,0,
1771333853.005,unsolicited,0,0,0,C0|00|08|00|00|00|07
1771333853.039,unsolicited,0,0,0,C0|00|08|00|00|00|07
1771333853.039,unsolicited,0,0,0,C0|00|08|00|00|00|07
1771333853.644,solicited,0,,0,
1771333854.178,solicited,0,,0,
1771333854.411,unsolicited,0,0,0,C0|00|08|00|00|00|07
1771333854.412,unsolicited,0,0,0,C0|00|08|00|00|00|07
1771333854.412,unsolicited,0,0,0,C0|00|08|00|00|00|07
1771333854.446,unsolicited,0,0,0,C0|00|08|00|00|00|07
1771333854.480,unsolicited,0,0,0,C0|00|08|00|00|00|07
1771333855.117,unsolicited,0,0,0,C0|00|08|00|00|00|07
1771333855.184,solicited,0,,0,
1771333855.185,unsolicited,0,0,0,C0|00|08|00|00|00|07
1771333855.185,unsolicited,0,0,0,C0|00|08|00|00|00|07
1771333855.726,unsolicited,0,0,0,C0|00|08|00|00|00|07
1771333855.928,unsolicited,0,0,0,C0|00|08|00|00|00|07
1771333856.131,unsolicited,0,0,0,C0|00|08|00|00|00|07
1771333856.262,solicited,0,,0,
1771333857.273,unsolicited,0,0,0,C0|00|08|00|00|00|07
1771333857.273,solicited,0,,0,
1771333857.307,unsolicited,0,0,0,C0|00|08|00|00|00|07
1771333857.308,unsolicited,0,0,0,C0|00|08|00|00|00|07
1771333858.144,unsolicited,0,0,0,C0|00|08|00|00|00|07
1771333858.144,unsolicited,0,0,0,C0|00|08|00|00|00|07
1771333858.177,solicited,0,,0,
1771333861.396,unsolicited,0,0,0,C0|00|08|00|00|00|07
1771333861.429,unsolicited,0,0,0,C0|00|08|00|00|00|07
1771333861.667,unsolicited,0,0,0,C0|00|08|00|00|00|07
1771333864.017,unsolicited,0,0,0,C0|00|08|00|00|00|07
1771333865.667,unsolicited,0,0,0,C0|00|08|00|00|00|07
1771333865.699,solicited,0,,0,
1771333865.766,unsolicited,0,0,0,C0|00|08|00|00|00|07
1771333866.509,unsolicited,0,0,0,C0|00|08|00|00|00|07
1771333866.541,solicited,0,,0,
1771333866.641,unsolicited,0,0,0,C0|00|08|00|00|00|07
1771333866.641,unsolicited,0,0,0,C0|00|08|00|00|00|07
1771333866.641,unsolicited,0,0,0,C0|00|08|00|00|00|07
1771333866.944,unsolicited,0,0,0,C0|00|08|00|00|00|07
1771333866.945,unsolicited,0,0,0,C0|00|08|00|00|00|07
1771333867.077,solicited,0,,0,
1771333870.327,unsolicited,0,0,0,C0|00|08|00|00|00|07
1771333870.328,unsolicited,0,0,0,C0|00|08|00|00|00|07
1771333871.504,solicited,0,,0,
1771333871.570,unsolicited,0,0,0,C0|00|08|00|00|00|07
1771333871.604,unsolicited,0,0,0,C0|00|08|00|00|00|07
1771333871.671,unsolicited,0,0,0,C0|00|08|00|00|00|07
1771333872.676,unsolicited,0,0,0,C0|00|08|00|00|00|07
1771333872.711,solicited,0,,0,
1771333873.651,solicited,0,,0,
1771333876.171,solicited,0,,0,
1771333876.743,unsolicited,0,0,0,C0|00|08|00|00|00|07
1771333876.743,unsolicited,0,0,0,C0|00|08|00|00|00|07
1771333876.776,solicited,0,,0,
1771333876.809,unsolicited,0,0,0,C0|00|08|00|00|00|07
1771333876.810,unsolicited,0,0,0,C0|00|08|00|00|00|07
1771333876.810,unsolicited,0,0,0,C0|00|08|00|00|00|07
1771333877.446,solicited,0,,0,
1771333878.622,unsolicited,0,0,0,C0|00|08|00|00|00|07
1771333878.890,unsolicited,0,0,0,C0|00|08|00|00|00|07
1771333878.924,unsolicited,0,0,0,C0|00|08|00|00|00|07
1771333878.924,unsolicited,0,0,0,C0|00|08|00|00|00|07
1771333879.127,unsolicited,0,0,0,C0|00|08|00|00|00|07
1771333879.127,unsolicited,0,0,0,C0|00|08|00|00|00|07
1771333879.160,unsolicited,0,0,0,C0|00|08|00|00|00|07
1771333879.194,solicited,0,,0,
1771333879.937,unsolicited,0,0,0,C0|00|08|00|00|00|07
1771333879.970,solicited,0,,0,
1771333880.976,unsolicited,0,0,0,C0|00|08|00|00|00|07
1771333880.976,unsolicited,0,0,0,C0|00|08|00|00|00|07
1771333880.977,solicited,0,,0,
1771333881.314,unsolicited,0,0,0,C0|00|08|00|00|00|07
1771333883.060,solicited,0,,0,
1771333883.363,unsolicited,0,0,0,C0|00|08|00|00|00|07
1771333883.397,unsolicited,0,0,0,C0|00|08|00|00|00|07
1771333883.497,unsolicited,0,0,0,C0|00|08|00|00|00|07
1771333883.630,solicited,0,,0,
1771333886.010,unsolicited,0,0,0,C0|00|08|00|00|00|07
1771333886.011,unsolicited,0,0,0,C0|00|08|00|00|00|07
1771333886.212,unsolicited,0,0,0,C0|00|08|00|00|00|07
1771333886.247,unsolicited,0,0,0,C0|00|08|00|00|00|07
1771333886.247,unsolicited,0,0,0,C0|00|08|00|00|00|07
1771333886.480,unsolicited,0,0,0,C0|00|08|00|00|00|07
1771333886.480,unsolicited,0,0,0,C0|00|08|00|00|00|07
1771333886.481,unsolicited,0,0,0,C0|00|08|00|00|00|07
1771333888.732,solicited,0,,0,
1771333888.732,unsolicited,0,0,0,C8|00|08|02|00|00|11
1771333889.743,unsolicited,512,8,0,C8|08|08|01|00|00|18
1771333889.745,unsolicited,512,8,0,C8|08|08|00|00|00|17
1771333889.745,solicited,1223,,512,
1771333889.776,unsolicited,512,8,1223,C8|08|08|00|00|00|17
1771333892.658,unsolicited,512,8,1223,C0|08|08|00|00|00|0F
1771333892.691,unsolicited,512,8,1223,C0|08|08|00|00|00|0F
1771333894.748,unsolicited,512,8,1223,C0|08|08|00|00|00|0F
1771333894.815,solicited,1314,,512,
1771333894.816,unsolicited,512,8,1314,C0|08|08|00|00|00|0F
1771333896.229,unsolicited,512,8,1314,C0|08|08|00|00|00|0F
1771333896.262,solicited,1296,,512,
1771333898.004,unsolicited,512,8,1296,C0|08|08|00|00|00|0F
1771333898.037,solicited,1260,,512,
1771333898.981,solicited,1301,,512,
1771333899.082,unsolicited,512,8,1301,C0|08|08|00|00|00|0F
1771333899.283,unsolicited,512,8,1301,C0|08|08|00|00|00|0F
1771333899.350,unsolicited,512,8,1301,C0|08|08|00|00|00|0F
1771333899.486,unsolicited,512,8,1301,C0|08|08|00|00|00|0F
1771333899.486,solicited,1298,,512,
1771333902.778,unsolicited,512,8,1298,C0|08|08|00|00|00|0F
1771333902.779,unsolicited,512,8,1298,C0|08|08|00|00|00|0F
1771333903.048,solicited,1302,,512,
1771333903.082,unsolicited,512,8,1302,C0|08|08|00|00|00|0F
1771333903.083,unsolicited,512,8,1302,C0|08|08|00|00|00|0F
1771333903.585,solicited,1296,,512,
1771333904.158,solicited,1298,,512,
1771333904.326,unsolicited,512,8,1298,C0|08|08|00|00|00|0F
1771333904.393,unsolicited,512,8,1298,C0|08|08|00|00|00|0F
1771333905.635,solicited,1306,,512,
1771333907.143,solicited,1305,,512,
1771333907.243,unsolicited,448,7,1305,C0|07|08|00|00|00|0E
1771333908.054,solicited,1300,,448,
1771333908.121,unsolicited,448,7,1300,C0|07|08|00|00|00|0E
1771333909.433,solicited,1297,,448,
1771333911.218,solicited,1301,,448,
1771333911.219,unsolicited,448,7,1301,C0|07|08|00|00|00|0E
1771333911.626,unsolicited,448,7,1301,C0|07|08|00|00|00|0E
1771333911.896,solicited,1296,,448,
1771333911.999,unsolicited,448,7,1296,C0|07|08|00|00|00|0E
1771333912.841,unsolicited,448,7,1296,C0|07|08|00|00|00|0E
1771333912.841,solicited,1297,,448,
1771333913.511,unsolicited,448,7,1297,C0|07|08|00|00|00|0E
1771333913.511,solicited,1301,,448,
1771333913.612,unsolicited,448,7,1301,C0|07|08|00|00|00|0E
1771333913.984,unsolicited,448,7,1301,C0|07|08|00|00|00|0E
1771333914.219,unsolicited,448,7,1301,C0|07|08|00|00|00|0E
1771333914.553,unsolicited,448,7,1301,C0|07|08|00|00|00|0E
1771333914.553,unsolicited,448,7,1301,C0|07|08|00|00|00|0E
1771333915.764,solicited,1297,,448,
1771333915.797,unsolicited,448,7,1297,C0|07|08|00|00|00|0E
1771333916.703,unsolicited,448,7,1297,C0|07|08|00|00|00|0E
1771333917.311,unsolicited,448,7,1297,C0|07|08|00|00|00|0E
1771333917.311,solicited,1308,,448,
1771333917.345,unsolicited,448,7,1308,C0|07|08|00|00|00|0E
1771333917.345,unsolicited,448,7,1308,C0|07|08|00|00|00|0E
1771333919.630,solicited,1285,,448,
1771333919.730,unsolicited,448,7,1285,C0|07|08|00|00|00|0E
1771333921.748,unsolicited,448,7,1285,C0|07|08|00|00|00|0E
1771333921.749,unsolicited,448,7,1285,C0|07|08|00|00|00|0E
1771333921.781,solicited,1274,,448,
1771333922.322,solicited,1225,,448,
1771333922.323,unsolicited,384,6,1225,C0|06|08|00|00|00|0D
1771333922.389,unsolicited,384,6,1225,C0|06|08|00|00|00|0D
1771333923.797,unsolicited,384,6,1225,C0|06|08|00|00|00|0D
1771333923.798,solicited,1282,,384,
1771333924.101,unsolicited,384,6,1282,C0|06|08|00|00|00|0D
1771333924.875,solicited,1222,,384,
1771333924.942,unsolicited,384,6,1222,C0|06|08|00|00|00|0D
1771333927.196,solicited,1196,,384,
1771333927.935,solicited,1210,,384,
1771333928.708,solicited,1199,,384,
1771333929.010,unsolicited,0,0,1199,C0|00|08|00|00|00|07
1771333929.278,unsolicited,0,0,1199,C0|00|08|00|00|00|07
1771333929.310,solicited,433,,0,
1771333929.411,unsolicited,0,0,433,C0|00|08|00|00|00|07
1771333929.678,unsolicited,0,0,433,C0|00|08|00|00|00|07
1771333929.712,unsolicited,0,0,433,C0|00|08|00|00|00|07
1771333930.620,solicited,114,,0,
1771333931.634,solicited,0,,0,
1771333932.310,unsolicited,0,0,0,C0|00|08|00|00|00|07
1771333932.343,solicited,0,,0,
1771333932.410,unsolicited,0,0,0,C0|00|08|00|00|00|07
1771333933.210,unsolicited,0,0,0,C0|00|08|00|00|00|07
1771333933.244,unsolicited,0,0,0,C0|00|08|00|00|00|07
1771333933.244,solicited,0,,0,
1771333933.950,solicited,0,,0,
1771333933.951,unsolicited,0,0,0,C0|00|08|00|00|00|07
1771333933.984,unsolicited,0,0,0,C0|00|08|00|00|00|07
1771333933.984,unsolicited,0,0,0,C0|00|08|00|00|00|07
1771333934.585,unsolicited,0,0,0,C0|00|08|00|00|00|07
1771333934.619,unsolicited,0,0,0,C0|00|08|00|00|00|07
1771333934.619,solicited,0,,0,
1771333935.460,solicited,0,,0,
1771333935.560,unsolicited,0,0,0,C0|00|08|00|00|00|07
1771333936.670,unsolicited,0,0,0,C0|00|08|00|00|00|07
1771333936.906,unsolicited,0,0,0,C0|00|08|00|00|00|07
1771333937.543,unsolicited,0,0,0,C0|00|08|00|00|00|07
1771333937.544,unsolicited,0,0,0,C0|00|08|00|00|00|07
1771333937.576,solicited,0,,0,
1771333937.677,unsolicited,0,0,0,C0|00|08|00|00|00|07
1771333937.709,unsolicited,0,0,0,C0|00|08|00|00|00|07
1771333940.134,unsolicited,0,0,0,C0|00|08|00|00|00|07
1771333940.167,solicited,0,,0,
1771333941.079,unsolicited,0,0,0,C0|00|08|00|00|00|07
1771333941.111,unsolicited,0,0,0,C0|00|08|00|00|00|07
1771333941.884,solicited,0,,0,
1771333942.286,unsolicited,0,0,0,C0|00|08|00|00|00|07
1771333942.486,unsolicited,0,0,0,C0|00|08|00|00|00|07
1771333942.520,unsolicited,0,0,0,C0|00|08|00|00|00|07
1771333942.553,solicited,0,,0,
1771333944.002,solicited,0,,0,
1771333944.072,unsolicited,0,0,0,C0|00|08|00|00|00|07
1771333944.072,unsolicited,0,0,0,C0|00|08|00|00|00|07
1771333946.318,unsolicited,0,0,0,C0|00|08|00|00|00|07
1771333946.353,solicited,0,,0,
1771333946.687,unsolicited,0,0,0,C0|00|08|00|00|00|07
1771333948.431,solicited,0,,0,
1771333948.735,unsolicited,0,0,0,C0|00|08|00|00|00|07
1771333951.189,solicited,0,,0,
1771333951.222,unsolicited,0,0,0,C0|00|08|00|00|00|07
1771333951.891,unsolicited,0,0,0,C0|00|08|00|00|00|07
1771333951.925,unsolicited,0,0,0,C0|00|08|00|00|00|07
1771333951.925,unsolicited,0,0,0,C0|00|08|00|00|00|07
1771333952.161,unsolicited,0,0,0,C0|00|08|00|00|00|07
1771333952.161,unsolicited,0,0,0,C0|00|08|00|00|00|07
1771333954.041,solicited,0,,0,
1771333954.376,unsolicited,0,0,0,C0|00|08|00|00|00|07
1771333955.554,unsolicited,0,0,0,C0|00|08|00|00|00|07
1771333955.555,solicited,0,,0,
1771333956.497,unsolicited,0,0,0,C0|00|08|00|00|00|07
1771333957.068,unsolicited,0,0,0,C0|00|08|00|00|00|07
1771333957.134,unsolicited,0,0,0,C0|00|08|00|00|00|07
1771333961.438,solicited,0,,0,
1771333962.109,unsolicited,0,0,0,C0|00|08|00|00|00|07
1771333962.142,solicited,0,,0,
1771333962.209,unsolicited,0,0,0,C0|00|08|00|00|00|07
1771333963.215,solicited,0,,0,
1771333963.248,unsolicited,0,0,0,C0|00|08|00|00|00|07
1771333964.222,solicited,0,,0,
1771333964.288,unsolicited,0,0,0,C0|00|08|00|00|00|07
1771333964.288,unsolicited,0,0,0,C0|00|08|00|00|00|07
1771333964.321,unsolicited,0,0,0,C0|00|08|00|00|00|07
1771333964.524,unsolicited,0,0,0,C0|00|08|00|00|00|07
1771333964.690,unsolicited,0,0,0,C0|00|08|00|00|00|07
1771333965.767,unsolicited,0,0,0,C0|00|08|00|00|00|07
1771333965.768,solicited,0,,0,
1771333966.704,unsolicited,0,0,0,C0|00|08|00|00|00|07
1771333966.736,unsolicited,0,0,0,C0|00|08|00|00|00|07
1771333967.003,solicited,0,,0,
1771333967.138,unsolicited,0,0,0,C0|00|08|00|00|00|07
1771333967.139,unsolicited,0,0,0,C0|00|08|00|00|00|07
1771333969.961,unsolicited,0,0,0,C0|00|08|00|00|00|07
1771333969.962,unsolicited,0,0,0,C0|00|08|00|00|00|07
1771333970.198,unsolicited,0,0,0,C0|00|08|00|00|00|07
1771333970.402,unsolicited,0,0,0,C0|00|08|00|00|00|07
1771333970.804,unsolicited,0,0,0,C0|00|08|00|00|00|07
1771333970.837,unsolicited,0,0,0,C0|00|08|00|00|00|07
1771333970.870,unsolicited,0,0,0,C0|00|08|00|00|00|07
1771333973.599,unsolicited,0,0,0,C0|00|08|00|00|00|07
1771333973.834,unsolicited,0,0,0,C0|00|08|00|00|00|07
1771333974.101,unsolicited,0,0,0,C0|00|08|00|00|00|07
1771333974.170,solicited,0,,0,
1771333975.077,solicited,0,,0,
1771333975.077,unsolicited,0,0,0,C0|00|08|00|00|00|07
1771333975.346,unsolicited,0,0,0,C0|00|08|00|00|00|07
1771333975.413,unsolicited,0,0,0,C0|00|08|00|00|00|07
1771333976.757,unsolicited,0,0,0,C0|00|08|00|00|00|07
1771333976.791,solicited,0,,0,
1771333976.824,unsolicited,0,0,0,C0|00|08|00|00|00|07
1771333977.060,unsolicited,0,0,0,C0|00|08|00|00|00|07
1771333977.127,unsolicited,0,0,0,C0|00|08|00|00|00|07
1771333978.808,unsolicited,0,0,0,C0|00|08|00|00|00|07
1771333978.842,unsolicited,0,0,0,C0|00|08|00|00|00|07
1771333978.842,unsolicited,0,0,0,C0|00|08|00|00|00|07
1771333978.843,solicited,0,,0,
1771333978.876,unsolicited,0,0,0,C0|00|08|00|00|00|07
1771333979.412,solicited,0,,0,
1771333980.050,solicited,0,,0,
1771333980.115,unsolicited,0,0,0,C0|00|08|00|00|00|07
1771333980.987,unsolicited,0,0,0,C0|00|08|00|00|00|07
1771333981.021,unsolicited,0,0,0,C0|00|08|00|00|00|07
1771333981.256,unsolicited,0,0,0,C0|00|08|00|00|00|07
1771333981.257,unsolicited,0,0,0,C0|00|08|00|00|00|07
1771333981.258,unsolicited,0,0,0,C0|00|08|00|00|00|07
1771333981.792,unsolicited,0,0,0,C0|00|08|00|00|00|07
1771333981.792,unsolicited,0,0,0,C0|00|08|00|00|00|07
1771333982.965,solicited,0,,0,
1771333984.638,solicited,0,,0,
1771333984.672,unsolicited,0,0,0,C0|00|08|00|00|00|07
1771333985.512,unsolicited,0,0,0,C0|00|08|00|00|00|07
1771333985.512,unsolicited,0,0,0,C0|00|08|00|00|00|07
1771333985.513,unsolicited,0,0,0,C0|00|08|00|00|00|07
1771333985.545,solicited,0,,0,
1771333985.710,unsolicited,0,0,0,C0|00|08|00|00|00|07
1771333986.783,unsolicited,0,0,0,C0|00|08|00|00|00|07
1771333986.783,unsolicited,0,0,0,C0|00|08|00|00|00|07
1771333986.816,solicited,0,,0,
1771333986.817,unsolicited,0,0,0,C0|00|08|00|00|00|07
1771333987.118,unsolicited,0,0,0,C0|00|08|00|00|00|07
1771333988.424,unsolicited,0,0,0,C0|00|08|00|00|00|07
1771333988.458,solicited,0,,0,
1771333988.526,unsolicited,0,0,0,C0|00|08|00|00|00|07
1771333990.733,unsolicited,0,0,0,C0|00|08|00|00|00|07
1771333990.766,solicited,0,,0,
1771333990.767,unsolicited,0,0,0,C0|00|08|00|00|00|07
1771333993.552,unsolicited,0,0,0,C0|00|08|00|00|00|07
1771333993.585,solicited,0,,0,
1771333994.256,unsolicited,0,0,0,C0|00|08|00|00|00|07
1771333994.290,solicited,0,,0,
1771333994.290,unsolicited,0,0,0,C0|00|08|00|00|00|07
1771333994.358,unsolicited,0,0,0,C0|00|08|00|00|00|07
1771333994.358,unsolicited,0,0,0,C0|00|08|00|00|00|07
1771333994.390,unsolicited,0,0,0,C0|00|08|00|00|00|07
1771333994.390,unsolicited,0,0,0,C0|00|08|00|00|00|07
1771333994.456,unsolicited,0,0,0,C0|00|08|00|00|00|07
1771333994.489,unsolicited,0,0,0,C0|00|08|00|00|00|07
1771333995.699,solicited,0,,0,
1771333997.172,solicited,0,,0,
1771333997.239,unsolicited,0,0,0,C0|00|08|00|00|00|07
1771333997.273,unsolicited,0,0,0,C0|00|08|00|00|00|07
1771333998.312,unsolicited,0,0,0,C0|00|08|00|00|00|07
1771333998.312,unsolicited,0,0,0,C0|00|08|00|00|00|07
1771333998.345,solicited,0,,0,
1771333998.345,unsolicited,0,0,0,C0|00|08|00|00|00|07
1771333999.080,solicited,0,,0,
1771333999.147,unsolicited,0,0,0,C0|00|08|00|00|00|07
1771334000.121,unsolicited,0,0,0,C0|00|08|00|00|00|07
1771334000.153,solicited,0,,0,
1771334000.221,unsolicited,0,0,0,C0|00|08|00|00|00|07
1771334000.827,solicited,0,,0,
1771334000.860,unsolicited,0,0,0,C0|00|08|00|00|00|07
1771334000.860,unsolicited,0,0,0,C0|00|08|00|00|00|07
1771334000.860,unsolicited,0,0,0,C0|00|08|00|00|00|07
1771334001.093,unsolicited,0,0,0,C0|00|08|00|00|00|07
1771334002.634,solicited,0,,0,
1771334002.634,unsolicited,0,0,0,C0|00|08|00|00|00|07
1771334002.634,unsolicited,0,0,0,C0|00|08|00|00|00|07
1771334002.634,unsolicited,0,0,0,C0|00|08|00|00|00|07
1771334004.415,unsolicited,0,0,0,C0|00|08|00|00|00|07
1771334004.415,unsolicited,0,0,0,C0|00|08|00|00|00|07
1771334004.448,solicited,0,,0,
1771334004.449,unsolicited,0,0,0,C0|00|08|00|00|00|07
1771334006.227,unsolicited,0,0,0,C0|00|08|00|00|00|07
1771334006.863,unsolicited,0,0,0,C0|00|08|00|00|00|07
1771334006.897,solicited,0,,0,
1771334006.897,unsolicited,0,0,0,C0|00|08|00|00|00|07
1771334009.445,unsolicited,0,0,0,C0|00|08|00|00|00|07
1771334009.677,unsolicited,0,0,0,C0|00|08|00|00|00|07
1771334013.292,unsolicited,0,0,0,C0|00|08|00|00|00|07
1771334013.292,unsolicited,0,0,0,C0|00|08|00|00|00|07
1771334013.392,solicited,0,,0,
1771334015.608,unsolicited,0,0,0,C0|00|08|00|00|00|07
1771334015.642,solicited,0,,0,
1771334016.750,unsolicited,0,0,0,C0|00|08|00|00|00|07
1771334016.783,unsolicited,0,0,0,C0|00|08|00|00|00|07
1771334016.783,unsolicited,0,0,0,C0|00|08|00|00|00|07
1771334016.984,unsolicited,0,0,0,C0|00|08|00|00|00|07
1771334018.425,unsolicited,0,0,0,C0|00|08|00|00|00|07
1771334018.460,solicited,0,,0,
1771334018.526,unsolicited,0,0,0,C0|00|08|00|00|00|07
1771334019.363,solicited,0,,0,
1771334019.430,unsolicited,0,0,0,C0|00|08|00|00|00|07
1771334019.431,unsolicited,0,0,0,C0|00|08|00|00|00|07
1771334019.565,unsolicited,0,0,0,C0|00|08|00|00|00|07
1771334019.566,unsolicited,0,0,0,C0|00|08|00|00|00|07
1771334020.372,solicited,0,,0,
1771334020.876,solicited,0,,0,
1771334021.314,unsolicited,0,0,0,C0|00|08|00|00|00|07
1771334021.346,unsolicited,0,0,0,C0|00|08|00|00|00|07
1771334021.346,unsolicited,0,0,0,C0|00|08|00|00|00|07
1771334021.478,solicited,0,,0,
1771334021.511,unsolicited,0,0,0,C0|00|08|00|00|00|07
1771334023.244,unsolicited,0,0,0,C0|00|08|00|00|00|07
1771334023.278,solicited,0,,0,
1771334023.278,unsolicited,0,0,0,C0|00|08|00|00|00|07
1771334023.312,unsolicited,0,0,0,C0|00|08|00|00|00|07
1771334023.515,unsolicited,0,0,0,C0|00|08|00|00|00|07
1771334023.516,unsolicited,0,0,0,C0|00|08|00|00|00|07
1771334023.516,unsolicited,0,0,0,C0|00|08|00|00|00|07
1771334024.283,unsolicited,0,0,0,C0|00|08|00|00|00|07
1771334024.516,unsolicited,0,0,0,C0|00|08|00|00|00|07
1771334024.584,unsolicited,0,0,0,C0|00|08|00|00|00|07
1771334024.584,unsolicited,0,0,0,C0|00|08|00|00|00|07
1771334025.015,unsolicited,0,0,0,C0|00|08|00|00|00|07
1771334025.082,solicited,0,,0,
1771334025.649,unsolicited,0,0,0,C0|00|08|00|00|00|07
1771334025.682,unsolicited,0,0,0,C0|00|08|00|00|00|07
1771334025.682,solicited,0,,0,
1771334025.748,unsolicited,0,0,0,C0|00|08|00|00|00|07
1771334026.926,unsolicited,0,0,0,C0|00|08|00|00|00|07
1771334026.958,solicited,0,,0,
1771334027.664,unsolicited,0,0,0,C0|00|08|00|00|00|07
1771334027.697,solicited,0,,0,
1771334030.039,solicited,0,,0,
1771334032.491,unsolicited,0,0,0,C0|00|08|00|00|00|07
1771334032.524,solicited,0,,0,
1771334033.663,solicited,0,,0,
1771334035.039,unsolicited,0,0,0,C0|00|08|00|00|00|07
1771334035.073,solicited,0,,0,
1771334035.543,unsolicited,0,0,0,C0|00|08|00|00|00|07
1771334035.544,unsolicited,0,0,0,C0|00|08|00|00|00|07
1771334035.544,unsolicited,0,0,0,C0|00|08|00|00|00|07
1771334035.578,unsolicited,0,0,0,C0|00|08|00|00|00|07
1771334035.578,solicited,0,,0,
1771334037.256,solicited,0,,0,
1771334037.589,unsolicited,0,0,0,C0|00|08|00|00|00|07
1771334037.622,unsolicited,0,0,0,C0|00|08|00|00|00|07
1771334037.723,unsolicited,0,0,0,C0|00|08|00|00|00|07
1771334037.792,solicited,0,,0,
1771334038.330,unsolicited,0,0,0,C0|00|08|00|00|00|07
1771334038.331,unsolicited,0,0,0,C0|00|08|00|00|00|07
1771334038.365,unsolicited,0,0,0,C0|00|08|00|00|00|07
1771334038.365,solicited,0,,0,
1771334038.801,unsolicited,0,0,0,C0|00|08|00|00|00|07
1771334038.901,unsolicited,0,0,0,C0|00|08|00|00|00|07
1771334038.935,solicited,0,,0,
1771334039.069,unsolicited,0,0,0,C0|00|08|00|00|00|07
1771334039.103,unsolicited,0,0,0,C0|00|08|00|00|00|07
1771334041.240,solicited,0,,0,
1771334041.273,unsolicited,0,0,0,C0|00|08|00|00|00|07
1771334041.274,unsolicited,0,0,0,C0|00|08|00|00|00|07
1771334041.574,unsolicited,0,0,0,C0|00|08|00|00|00|07
1771334041.642,unsolicited,0,0,0,C0|00|08|00|00|00|07
1771334041.675,unsolicited,0,0,0,C0|00|08|00|00|00|07
1771334041.676,unsolicited,0,0,0,C0|00|08|00|00|00|07
1771334041.709,unsolicited,0,0,0,C0|00|08|00|00|00|07
1771334041.709,unsolicited,0,0,0,C0|00|08|00|00|00|07
1771334041.742,solicited,0,,0,
1771334042.849,solicited,0,,0,
1771334042.850,unsolicited,0,0,0,C0|00|08|00|00|00|07
1771334043.621,unsolicited,0,0,0,C0|00|08|00|00|00|07
1771334043.889,unsolicited,0,0,0,C0|00|08|00|00|00|07
1771334044.122,unsolicited,0,0,0,C0|00|08|00|00|00|07
1771334044.155,unsolicited,0,0,0,C0|00|08|00|00|00|07
1771334044.155,unsolicited,0,0,0,C0|00|08|00|00|00|07
1771334044.155,solicited,0,,0,
1771334047.604,solicited,0,,0,
1771334047.637,unsolicited,0,0,0,C0|00|08|00|00|00|07
1771334047.637,unsolicited,0,0,0,C0|00|08|00|00|00|07
1771334048.206,solicited,0,,0,
1771334049.080,unsolicited,0,0,0,C0|00|08|00|00|00|07
1771334049.080,unsolicited,0,0,0,C0|00|08|00|00|00|07
1771334049.112,unsolicited,0,0,0,C0|00|08|00|00|00|07
1771334050.318,unsolicited,0,0,0,C0|00|08|00|00|00|07
1771334050.350,solicited,0,,0,
1771334050.416,unsolicited,0,0,0,C0|00|08|00|00|00|07
1771334050.416,unsolicited,0,0,0,C0|00|08|00|00|00|07
1771334051.893,unsolicited,0,0,0,C0|00|08|00|00|00|07
1771334051.927,unsolicited,0,0,0,C0|00|08|00|00|00|07
1771334052.026,unsolicited,0,0,0,C0|00|08|00|00|00|07
1771334052.026,unsolicited,0,0,0,C0|00|08|00|00|00|07
1771334052.261,unsolicited,0,0,0,C0|00|08|00|00|00|07
1771334052.294,solicited,0,,0,
1771334054.851,unsolicited,0,0,0,C0|00|08|00|00|00|07
1771334054.851,unsolicited,0,0,0,C0|00|08|00|00|00|07
1771334055.389,unsolicited,0,0,0,C0|00|08|00|00|00|07
1771334055.390,unsolicited,0,0,0,C0|00|08|00|00|00|07
1771334055.424,solicited,0,,0,
1771334055.590,unsolicited,0,0,0,C0|00|08|00|00|00|07
1771334055.591,unsolicited,0,0,0,C0|00|08|00|00|00|07
1771334057.498,solicited,0,,0,
1771334058.743,unsolicited,0,0,0,C0|00|08|00|00|00|07
1771334058.811,solicited,0,,0,
1771334058.811,unsolicited,0,0,0,C0|00|08|00|00|00|07
1771334058.978,unsolicited,0,0,0,C0|00|08|00|00|00|07
1771334060.358,unsolicited,0,0,0,C0|00|08|00|00|00|07
1771334060.391,solicited,0,,0,
1771334060.425,unsolicited,0,0,0,C0|00|08|00|00|00|07
1771334061.195,solicited,0,,0,
1771334061.665,unsolicited,0,0,0,C0|00|08|00|00|00|07
1771334061.967,unsolicited,0,0,0,C0|00|08|00|00|00|07
1771334061.967,unsolicited,0,0,0,C0|00|08|00|00|00|07
1771334062.470,solicited,0,,0,
1771334063.102,solicited,0,,0,
1771334063.707,solicited,0,,0,
1771334063.740,unsolicited,0,0,0,C0|00|08|00|00|00|07
1771334063.740,unsolicited,0,0,0,C0|00|08|00|00|00|07
1771334063.740,unsolicited,0,0,0,C0|00|08|00|00|00|07
1771334063.773,unsolicited,0,0,0,C0|00|08|00|00|00|07
1771334063.773,unsolicited,0,0,0,C0|00|08|00|00|00|07
1771334064.843,unsolicited,0,0,0,C0|00|08|00|00|00|07
1771334065.177,solicited,0,,0,
1771334066.451,unsolicited,0,0,0,C0|00|08|00|00|00|07
1771334066.484,solicited,0,,0,
1771334066.518,unsolicited,0,0,0,C0|00|08|00|00|00|07
1771334066.519,unsolicited,0,0,0,C0|00|08|00|00|00|07
1771334068.832,solicited,0,,0,
1771334069.135,unsolicited,0,0,0,C0|00|08|00|00|00|07
1771334071.388,solicited,0,,0,
1771334071.388,unsolicited,0,0,0,C0|00|08|00|00|00|07
1771334071.422,unsolicited,0,0,0,C0|00|08|00|00|00|07
1771334071.659,unsolicited,0,0,0,C0|00|08|00|00|00|07
1771334071.659,unsolicited,0,0,0,C0|00|08|00|00|00|07
1771334073.876,solicited,0,,0,
1771334073.910,unsolicited,0,0,0,C0|00|08|00|00|00|07
1771334076.326,unsolicited,0,0,0,C0|00|08|00|00|00|07
1771334076.360,unsolicited,0,0,0,C0|00|08|00|00|00|07
1771334076.360,solicited,0,,0,
1771334081.799,unsolicited,0,0,0,C0|00|08|00|00|00|07
1771334081.832,solicited,0,,0,
1771334081.899,unsolicited,0,0,0,C0|00|08|00|00|00|07
1771334081.899,unsolicited,0,0,0,C0|00|08|00|00|00|07
1771334084.012,unsolicited,0,0,0,C0|00|08|00|00|00|07
1771334084.012,unsolicited,0,0,0,C0|00|08|00|00|00|07
1771334084.045,solicited,0,,0,
1771334084.046,unsolicited,0,0,0,C0|00|08|00|00|00|07
1771334084.079,unsolicited,0,0,0,C0|00|08|00|00|00|07
1771334084.581,solicited,0,,0,
1771334086.181,solicited,0,,0,
1771334086.852,unsolicited,0,0,0,C0|00|08|00|00|00|07
1771334087.088,unsolicited,0,0,0,C0|00|08|00|00|00|07
1771334087.088,unsolicited,0,0,0,C0|00|08|00|00|00|07
1771334087.757,unsolicited,0,0,0,C0|00|08|00|00|00|07
1771334087.758,unsolicited,0,0,0,C0|00|08|00|00|00|07
1771334087.758,solicited,0,,0,
1771334088.393,solicited,0,,0,
1771334088.494,unsolicited,0,0,0,C0|00|08|00|00|00|07
1771334088.495,unsolicited,0,0,0,C0|00|08|00|00|00|07
1771334088.495,unsolicited,0,0,0,C0|00|08|00|00|00|07
1771334089.132,solicited,0,,0,
1771334091.818,solicited,0,,0,
1771334092.492,solicited,0,,0,
1771334094.333,unsolicited,0,0,0,C0|00|08|00|00|00|07
1771334094.334,solicited,0,,0,
1771334094.400,unsolicited,0,0,0,C0|00|08|00|00|00|07
1771334094.401,unsolicited,0,0,0,C0|00|08|00|00|00|07
1771334094.433,unsolicited,0,0,0,C0|00|08|00|00|00|07
1771334094.636,unsolicited,0,0,0,C0|00|08|00|00|00|07
1771334094.670,unsolicited,0,0,0,C0|00|08|00|00|00|07
1771334095.275,unsolicited,0,0,0,C0|00|08|00|00|00|07
1771334095.275,solicited,0,,0,
1771334097.179,unsolicited,0,0,0,C0|00|08|00|00|00|07
1771334097.179,solicited,0,,0,
1771334097.514,unsolicited,0,0,0,C0|00|08|00|00|00|07
1771334097.581,unsolicited,0,0,0,C0|00|08|00|00|00|07
1771334097.581,unsolicited,0,0,0,C0|00|08|00|00|00|07
1771334097.914,unsolicited,0,0,0,C0|00|08|00|00|00|07
1771334097.914,unsolicited,0,0,0,C0|00|08|00|00|00|07
1771334097.947,unsolicited,0,0,0,C0|00|08|00|00|00|07
1771334097.947,solicited,0,,0,
1771334098.115,unsolicited,0,0,0,C0|00|08|00|00|00|07
1771334098.149,unsolicited,0,0,0,C0|00|08|00|00|00|07
1771334099.794,solicited,0,,0,
1771334100.599,unsolicited,0,0,0,C0|00|08|00|00|00|07
1771334100.599,solicited,0,,0,
1771334101.235,unsolicited,0,0,0,C0|00|08|00|00|00|07
1771334101.268,solicited,0,,0,
1771334101.469,unsolicited,0,0,0,C0|00|08|00|00|00|07
1771334103.149,solicited,0,,0,
1771334103.182,unsolicited,0,0,0,C0|00|08|00|00|00|07
1771334103.482,unsolicited,0,0,0,C0|00|08|00|00|00|07
1771334104.956,solicited,1153,,0,
1771334105.060,unsolicited,512,8,1153,C8|08|08|01|00|00|18
1771334107.372,unsolicited,512,8,1153,C8|08|08|00|00|00|17
1771334107.372,unsolicited,512,8,1153,C8|08|08|00|00|00|17
1771334107.372,unsolicited,512,8,1153,C8|08|08|00|00|00|17
1771334107.372,unsolicited,512,8,1153,C8|08|08|00|00|00|17
1771334107.406,solicited,1325,,512,
1771334108.515,solicited,1294,,512,
1771334109.690,solicited,1309,,512,
1771334109.723,unsolicited,512,8,1309,C0|08|08|00|00|00|0F
1771334109.723,unsolicited,512,8,1309,C0|08|08|00|00|00|0F
1771334110.495,solicited,1295,,512,
1771334111.366,unsolicited,512,8,1295,C0|08|08|00|00|00|0F
1771334111.367,solicited,1305,,512,
1771334111.904,unsolicited,512,8,1305,C0|08|08|00|00|00|0F
1771334111.904,unsolicited,512,8,1305,C0|08|08|00|00|00|0F
1771334112.438,unsolicited,512,8,1305,C0|08|08|00|00|00|0F
1771334112.472,solicited,1295,,512,
1771334113.305,unsolicited,448,7,1295,C0|07|08|00|00|00|0E
1771334113.339,unsolicited,448,7,1295,C0|07|08|00|00|00|0E
1771334113.339,unsolicited,448,7,1295,C0|07|08|00|00|00|0E
1771334113.340,solicited,1304,,448,
1771334113.440,unsolicited,448,7,1304,C0|07|08|00|00|00|0E
1771334114.709,unsolicited,448,7,1304,C0|07|08|00|00|00|0E
1771334114.742,solicited,1298,,448,
1771334115.685,solicited,1297,,448,
1771334116.890,solicited,1299,,448,
1771334117.158,unsolicited,448,7,1299,C0|07|08|00|00|00|0E
1771334117.292,unsolicited,448,7,1299,C0|07|08|00|00|00|0E
1771334117.292,unsolicited,448,7,1299,C0|07|08|00|00|00|0E
1771334117.326,unsolicited,448,7,1299,C0|07|08|00|00|00|0E
1771334118.661,unsolicited,448,7,1299,C0|07|08|00|00|00|0E
1771334118.695,unsolicited,448,7,1299,C0|07|08|00|00|00|0E
1771334118.696,solicited,1299,,448,
1771334118.830,unsolicited,448,7,1299,C0|07|08|00|00|00|0E
1771334118.863,unsolicited,448,7,1299,C0|07|08|00|00|00|0E
1771334118.864,unsolicited,448,7,1299,C0|07|08|00|00|00|0E
1771334118.931,unsolicited,448,7,1299,C0|07|08|00|00|00|0E
1771334119.942,unsolicited,448,7,1299,C0|07|08|00|00|00|0E
1771334120.177,unsolicited,448,7,1299,C0|07|08|00|00|00|0E
1771334120.513,solicited,1303,,448,
1771334121.892,unsolicited,448,7,1303,C0|07|08|00|00|00|0E
1771334121.926,solicited,1302,,448,
1771334122.262,unsolicited,448,7,1302,C0|07|08|00|00|00|0E
1771334122.531,unsolicited,448,7,1302,C0|07|08|00|00|00|0E
1771334124.677,unsolicited,0,0,1302,C0|00|08|00|00|00|07
1771334124.679,unsolicited,0,0,1302,C0|00|08|00|00|00|07
1771334125.009,unsolicited,0,0,1302,C0|00|08|00|00|00|07
1771334125.346,unsolicited,0,0,1302,C0|00|08|00|00|00|07
1771334125.347,unsolicited,0,0,1302,C0|00|08|00|00|00|07
1771334125.648,unsolicited,0,0,1302,C0|00|08|00|00|00|07
1771334127.822,unsolicited,0,0,1302,C0|00|08|00|00|00|07
1771334129.228,unsolicited,0,0,1302,C0|00|08|00|00|00|07
1771334129.228,unsolicited,0,0,1302,C0|00|08|00|00|00|07
1771334129.229,unsolicited,0,0,1302,C0|00|08|00|00|00|07
1771334129.262,unsolicited,0,0,1302,C0|00|08|00|00|00|07
1771334129.262,unsolicited,0,0,1302,C0|00|08|00|00|00|07
1771334129.296,unsolicited,0,0,1302,C0|00|08|00|00|00|07
1771334129.296,unsolicited,0,0,1302,C0|00|08|00|00|00|07
1771334131.076,solicited,0,,0,
1771334131.312,unsolicited,0,0,0,C0|00|08|00|00|00|07
1771334132.216,unsolicited,0,0,0,C0|00|08|00|00|00|07
1771334132.216,unsolicited,0,0,0,C0|00|08|00|00|00|07
1771334132.350,unsolicited,0,0,0,C0|00|08|00|00|00|07
1771334135.713,solicited,0,,0,
1771334137.259,unsolicited,0,0,0,C0|00|08|00|00|00|07
1771334137.259,solicited,0,,0,
1771334139.171,unsolicited,0,0,0,C0|00|08|00|00|00|07
1771334142.094,unsolicited,0,0,0,C0|00|08|00|00|00|07
1771334142.127,unsolicited,0,0,0,C0|00|08|00|00|00|07
1771334142.127,solicited,0,,0,
1771334142.127,unsolicited,0,0,0,C0|00|08|00|00|00|07
1771334142.762,unsolicited,0,0,0,C0|00|08|00|00|00|07
1771334143.907,unsolicited,0,0,0,C0|00|08|00|00|00|07
1771334143.940,unsolicited,0,0,0,C0|00|08|00|00|00|07
1771334143.940,unsolicited,0,0,0,C0|00|08|00|00|00|07
1771334145.964,solicited,0,,0,
1771334145.996,unsolicited,0,0,0,C0|00|08|00|00|00|07
1771334148.179,solicited,0,,0,
1771334148.179,unsolicited,0,0,0,C0|00|08|00|00|00|07
1771334149.689,solicited,0,,0,
1771334149.756,unsolicited,0,0,0,C0|00|08|00|00|00|07
1771334149.757,unsolicited,0,0,0,C0|00|08|00|00|00|07
1771334149.758,unsolicited,0,0,0,C0|00|08|00|00|00|07
1771334151.037,unsolicited,0,0,0,C0|00|08|00|00|00|07
1771334151.071,solicited,0,,0,
1771334151.103,unsolicited,0,0,0,C0|00|08|00|00|00|07
1771334151.103,unsolicited,0,0,0,C0|00|08|00|00|00|07
1771334151.476,unsolicited,0,0,0,C0|00|08|00|00|00|07
1771334151.508,unsolicited,0,0,0,C0|00|08|00|00|00|07
1771334155.779,unsolicited,0,0,0,C0|00|08|00|00|00|07
1771334155.815,solicited,0,,0,
1771334155.847,unsolicited,0,0,0,C0|00|08|00|00|00|07
1771334155.848,unsolicited,0,0,0,C0|00|08|00|00|00|07
1771334156.657,solicited,0,,0,
1771334156.657,unsolicited,0,0,0,C0|00|08|00|00|00|07
1771334156.658,unsolicited,0,0,0,C0|00|08|00|00|00|07
1771334157.632,unsolicited,0,0,0,C0|00|08|00|00|00|07
1771334157.665,solicited,0,,0,
1771334157.665,unsolicited,0,0,0,C0|00|08|00|00|00|07
1771334159.211,unsolicited,0,0,0,C0|00|08|00|00|00|07
1771334159.515,solicited,0,,0,
1771334161.529,unsolicited,0,0,0,C0|00|08|00|00|00|07
1771334162.097,solicited,0,,0,
1771334163.133,solicited,0,,0,
1771334164.106,unsolicited,0,0,0,C0|00|08|00|00|00|07
1771334164.106,unsolicited,0,0,0,C0|00|08|00|00|00|07
1771334164.406,unsolicited,0,0,0,C0|00|08|00|00|00|07
1771334164.406,unsolicited,0,0,0,C0|00|08|00|00|00|07
1771334164.406,unsolicited,0,0,0,C0|00|08|00|00|00|07
1771334164.642,unsolicited,0,0,0,C0|00|08|00|00|00|07
1771334165.514,unsolicited,0,0,0,C0|00|08|00|00|00|07
1771334165.514,unsolicited,0,0,0,C0|00|08|00|00|00|07
1771334165.514,solicited,0,,0,
1771334167.625,unsolicited,0,0,0,C0|00|08|00|00|00|07
1771334167.658,unsolicited,0,0,0,C0|00|08|00|00|00|07
1771334167.658,solicited,0,,0,
1771334167.928,unsolicited,0,0,0,C0|00|08|00|00|00|07
1771334168.531,unsolicited,0,0,0,C0|00|08|00|00|00|07
1771334168.565,solicited,0,,0,
1771334170.275,solicited,0,,0,
1771334170.949,solicited,0,,0,
1771334171.588,solicited,0,,0,
1771334171.720,unsolicited,0,0,0,C0|00|08|00|00|00|07
1771334171.720,unsolicited,0,0,0,C0|00|08|00|00|00|07
1771334172.285,solicited,0,,0,
1771334172.960,unsolicited,0,0,0,C0|00|08|00|00|00|07
1771334173.027,solicited,0,,0,
1771334173.596,unsolicited,0,0,0,C0|00|08|00|00|00|07
1771334173.630,solicited,0,,0,
1771334173.732,unsolicited,0,0,0,C0|00|08|00|00|00|07
1771334173.765,unsolicited,0,0,0,C0|00|08|00|00|00|07
1771334173.766,unsolicited,0,0,0,C0|00|08|00|00|00|07
1771334173.766,unsolicited,0,0,0,C0|00|08|00|00|00|07
1771334175.209,unsolicited,0,0,0,C0|00|08|00|00|00|07
1771334175.243,unsolicited,0,0,0,C0|00|08|00|00|00|07
1771334175.244,solicited,0,,0,
1771334175.943,unsolicited,0,0,0,C0|00|08|00|00|00|07
1771334175.976,solicited,0,,0,
1771334176.349,unsolicited,0,0,0,C0|00|08|00|00|00|07
1771334176.350,unsolicited,0,0,0,C0|00|08|00|00|00|07
1771334176.382,unsolicited,0,0,0,C0|00|08|00|00|00|07
1771334176.482,solicited,0,,0,
1771334177.424,solicited,0,,0,
1771334178.530,unsolicited,0,0,0,C0|00|08|00|00|00|07
1771334179.200,unsolicited,0,0,0,C0|00|08|00|00|00|07
1771334179.469,unsolicited,0,0,0,C0|00|08|00|00|00|07
1771334179.504,unsolicited,0,0,0,C0|00|08|00|00|00|07
1771334179.504,unsolicited,0,0,0,C0|00|08|00|00|00|07
1771334179.974,unsolicited,0,0,0,C0|00|08|00|00|00|07
1771334179.974,unsolicited,0,0,0,C0|00|08|00|00|00|07
1771334181.185,solicited,0,,0,
1771334182.028,solicited,0,,0,
1771334185.253,solicited,0,,0,
1771334187.269,solicited,0,,0,
1771334189.544,unsolicited,0,0,0,C0|00|08|00|00|00|07
1771334189.576,solicited,0,,0,
1771334190.315,solicited,0,,0,
1771334193.003,unsolicited,0,0,0,C0|00|08|00|00|00|07
1771334194.176,unsolicited,0,0,0,C0|00|08|00|00|00|07
1771334194.209,solicited,0,,0,
1771334197.123,unsolicited,512,8,0,C8|08|08|00|00|00|17
1771334197.126,unsolicited,512,8,0,C8|08|08|00|00|00|17
1771334197.126,solicited,1413,,512,
1771334197.389,unsolicited,512,8,1413,C8|08|08|00|00|00|17
1771334197.422,unsolicited,512,8,1413,C8|08|08|00|00|00|17
1771334197.455,unsolicited,512,8,1413,C8|08|08|00|00|00|17
1771334198.637,unsolicited,512,8,1413,C8|08|08|00|00|00|17
1771334198.670,solicited,1329,,512,
1771334200.079,solicited,1305,,512,
1771334202.668,unsolicited,448,7,1305,C0|07|08|00|00|00|0E
1771334203.209,unsolicited,448,7,1305,C0|07|08|00|00|00|0E
1771334203.242,solicited,1305,,448,
1771334203.308,unsolicited,448,7,1305,C0|07|08|00|00|00|0E
1771334206.166,unsolicited,448,7,1305,C0|07|08|00|00|00|0E
1771334206.199,solicited,1289,,448,
1771334206.702,unsolicited,448,7,1289,C0|07|08|00|00|00|0E
1771334206.735,solicited,1302,,448,
1771334208.147,solicited,1299,,448,
1771334208.946,solicited,1300,,448,
1771334208.946,unsolicited,448,7,1300,C0|07|08|00|00|00|0E
1771334209.217,unsolicited,448,7,1300,C0|07|08|00|00|00|0E
1771334209.418,unsolicited,448,7,1300,C0|07|08|00|00|00|0E
1771334209.450,solicited,1300,,448,
1771334211.233,solicited,1301,,448,
1771334211.334,unsolicited,448,7,1301,C0|07|08|00|00|00|0E
1771334211.670,unsolicited,448,7,1301,C0|07|08|00|00|00|0E
1771334211.837,unsolicited,448,7,1301,C0|07|08|00|00|00|0E
1771334211.870,solicited,1296,,448,
1771334212.810,solicited,1298,,448,
1771334212.943,unsolicited,448,7,1298,C0|07|08|00|00|00|0E
1771334213.846,solicited,1297,,448,
1771334214.147,unsolicited,384,6,1297,C0|06|08|00|00|00|0D
1771334214.349,unsolicited,384,6,1297,C0|06|08|00|00|00|0D
1771334214.383,solicited,1299,,384,
1771334215.557,solicited,1295,,384,
1771334215.557,unsolicited,384,6,1295,C0|06|08|00|00|00|0D
1771334216.232,solicited,1296,,384,
1771334217.639,solicited,1300,,384,
1771334219.009,unsolicited,384,6,1300,C0|06|08|00|00|00|0D
1771334219.009,unsolicited,384,6,1300,C0|06|08|00|00|00|0D
1771334219.043,solicited,1300,,384,
1771334219.852,unsolicited,384,6,1300,C0|06|08|00|00|00|0D
1771334219.887,solicited,1300,,384,
1771334219.887,unsolicited,384,6,1300,C0|06|08|00|00|00|0D
1771334219.954,unsolicited,384,6,1300,C0|06|08|00|00|00|0D
1771334219.955,unsolicited,384,6,1300,C0|06|08|00|00|00|0D
1771334223.685,unsolicited,384,6,1300,C0|06|08|00|00|00|0D
1771334223.686,solicited,1282,,384,
1771334223.719,unsolicited,384,6,1282,C0|06|08|00|00|00|0D
1771334223.988,unsolicited,384,6,1282,C0|06|08|00|00|00|0D
1771334223.989,unsolicited,384,6,1282,C0|06|08|00|00|00|0D
1771334224.593,unsolicited,384,6,1282,C0|06|08|00|00|00|0D
1771334224.594,unsolicited,384,6,1282,C0|06|08|00|00|00|0D
1771334224.626,solicited,1225,,384,
1771334224.830,unsolicited,384,6,1225,C0|06|08|00|00|00|0D
1771334226.310,unsolicited,384,6,1225,C0|06|08|00|00|00|0D
1771334226.377,solicited,1246,,384,
1771334227.115,solicited,1225,,384,
1771334227.148,unsolicited,384,6,1225,C0|06|08|00|00|00|0D
1771334227.315,unsolicited,384,6,1225,C0|06|08|00|00|00|0D
1771334228.227,solicited,1248,,384,
1771334228.227,unsolicited,384,6,1248,C0|06|08|00|00|00|0D
1771334229.268,solicited,1192,,384,
1771334230.142,unsolicited,384,6,1192,C0|06|08|00|00|00|0D
1771334230.643,unsolicited,320,5,1192,C0|05|08|00|00|00|0C
1771334230.915,unsolicited,320,5,1192,C0|05|08|00|00|00|0C
1771334230.947,unsolicited,320,5,1192,C0|05|08|00|00|00|0C
1771334230.947,unsolicited,320,5,1192,C0|05|08|00|00|00|0C
1771334230.948,unsolicited,320,5,1192,C0|05|08|00|00|00|0C
1771334230.981,unsolicited,320,5,1192,C0|05|08|00|00|00|0C
1771334232.491,unsolicited,0,0,1192,C0|00|08|00|00|00|07
1771334232.525,solicited,149,,0,
1771334232.659,unsolicited,0,0,149,C0|00|08|00|00|00|07
1771334233.196,solicited,0,,0,
1771334235.207,unsolicited,0,0,0,C0|00|08|00|00|00|07
1771334235.439,unsolicited,0,0,0,C0|00|08|00|00|00|07
1771334235.674,unsolicited,0,0,0,C0|00|08|00|00|00|07
1771334235.708,unsolicited,0,0,0,C0|00|08|00|00|00|07
1771334235.775,solicited,0,,0,
1771334235.911,unsolicited,0,0,0,C0|00|08|00|00|00|07
1771334237.156,unsolicited,0,0,0,C0|00|08|00|00|00|07
1771334237.190,unsolicited,0,0,0,C0|00|08|00|00|00|07
1771334237.190,solicited,0,,0,
1771334238.337,solicited,0,,0,
1771334238.405,unsolicited,0,0,0,C0|00|08|00|00|00|07
1771334238.439,unsolicited,0,0,0,C0|00|08|00|00|00|07
1771334238.641,unsolicited,0,0,0,C0|00|08|00|00|00|07
1771334238.708,unsolicited,0,0,0,C0|00|08|00|00|00|07
1771334239.986,unsolicited,0,0,0,C0|00|08|00|00|00|07
1771334240.019,solicited,0,,0,
1771334240.452,unsolicited,0,0,0,C0|00|08|00|00|00|07
1771334240.453,unsolicited,0,0,0,C0|00|08|00|00|00|07
1771334240.687,unsolicited,0,0,0,C0|00|08|00|00|00|07
1771334240.720,solicited,0,,0,
1771334241.694,unsolicited,0,0,0,C0|00|08|00|00|00|07
1771334241.728,unsolicited,0,0,0,C0|00|08|00|00|00|07
1771334241.728,solicited,0,,0,
1771334242.366,solicited,0,,0,
1771334243.004,unsolicited,0,0,0,C0|00|08|00|00|00|07
1771334243.274,unsolicited,0,0,0,C0|00|08|00|00|00|07
1771334244.512,unsolicited,0,0,0,C0|00|08|00|00|00|07
1771334244.545,solicited,0,,0,
1771334244.614,unsolicited,0,0,0,C0|00|08|00|00|00|07
1771334245.221,unsolicited,0,0,0,C0|00|08|00|00|00|07
1771334245.254,unsolicited,0,0,0,C0|00|08|00|00|00|07
1771334245.254,solicited,0,,0,
1771334246.737,unsolicited,0,0,0,C0|00|08|00|00|00|07
1771334246.772,solicited,0,,0,
1771334247.779,solicited,0,,0,
1771334247.846,unsolicited,0,0,0,C0|00|08|00|00|00|07
1771334247.846,unsolicited,0,0,0,C0|00|08|00|00|00|07
1771334248.581,unsolicited,0,0,0,C0|00|08|00|00|00|07
1771334248.582,solicited,0,,0,
1771334250.838,solicited,0,,0,
1771334251.071,unsolicited,0,0,0,C0|00|08|00|00|00|07
1771334251.171,unsolicited,0,0,0,C0|00|08|00|00|00|07
1771334253.546,unsolicited,0,0,0,C0|00|08|00|00|00|07
1771334253.580,solicited,0,,0,
1771334254.420,unsolicited,0,0,0,C0|00|08|00|00|00|07
1771334254.420,unsolicited,0,0,0,C0|00|08|00|00|00|07
1771334254.421,unsolicited,0,0,0,C0|00|08|00|00|00|07
1771334254.655,unsolicited,0,0,0,C0|00|08|00|00|00|07
1771334254.855,unsolicited,0,0,0,C0|00|08|00|00|00|07
1771334254.989,solicited,0,,0,
1771334256.965,solicited,0,,0,
1771334257.871,unsolicited,0,0,0,C0|00|08|00|00|00|07
1771334257.905,solicited,0,,0,
1771334259.946,unsolicited,0,0,0,C0|00|08|00|00|00|07
1771334260.483,unsolicited,0,0,0,C0|00|08|00|00|00|07
1771334263.046,solicited,0,,0,
1771334263.114,unsolicited,0,0,0,C0|00|08|00|00|00|07
1771334263.350,unsolicited,0,0,0,C0|00|08|00|00|00|07
1771334264.864,unsolicited,0,0,0,C0|00|08|00|00|00|07
1771334264.864,solicited,0,,0,
1771334264.965,unsolicited,0,0,0,C0|00|08|00|00|00|07
1771334264.998,unsolicited,0,0,0,C0|00|08|00|00|00|07
1771334266.038,solicited,0,,0,
1771334266.274,unsolicited,0,0,0,C0|00|08|00|00|00|07
1771334266.275,unsolicited,0,0,0,C0|00|08|00|00|00|07
1771334266.944,solicited,0,,0,
1771334267.146,unsolicited,0,0,0,C0|00|08|00|00|00|07
1771334267.146,unsolicited,0,0,0,C0|00|08|00|00|00|07
1771334267.212,unsolicited,0,0,0,C0|00|08|00|00|00|07
1771334269.874,unsolicited,0,0,0,C0|00|08|00|00|00|07
1771334269.908,solicited,0,,0,
1771334270.244,unsolicited,0,0,0,C0|00|08|00|00|00|07
1771334271.289,unsolicited,0,0,0,C0|00|08|00|00|00|07
1771334271.323,unsolicited,0,0,0,C0|00|08|00|00|00|07
1771334271.323,unsolicited,0,0,0,C0|00|08|00|00|00|07
1771334271.357,solicited,0,,0,
1771334271.827,unsolicited,0,0,0,C0|00|08|00|00|00|07
1771334271.859,solicited,0,,0,
1771334273.808,unsolicited,0,0,0,C0|00|08|00|00|00|07
1771334273.842,solicited,0,,0,
1771334273.876,unsolicited,0,0,0,C0|00|08|00|00|00|07
1771334274.515,solicited,0,,0,
1771334275.486,unsolicited,0,0,0,C0|00|08|00|00|00|07
1771334275.856,unsolicited,0,0,0,C0|00|08|00|00|00|07
1771334276.633,unsolicited,0,0,0,C0|00|08|00|00|00|07
1771334276.666,solicited,0,,0,
1771334276.699,unsolicited,0,0,0,C0|00|08|00|00|00|07
1771334276.970,unsolicited,0,0,0,C0|00|08|00|00|00|07
1771334276.970,unsolicited,0,0,0,C0|00|08|00|00|00|07
1771334277.002,unsolicited,0,0,0,C0|00|08|00|00|00|07
1771334278.442,unsolicited,0,0,0,C0|00|08|00|00|00|07
1771334278.442,unsolicited,0,0,0,C0|00|08|00|00|00|07
1771334278.476,unsolicited,0,0,0,C0|00|08|00|00|00|07
1771334278.509,solicited,0,,0,
1771334279.920,unsolicited,0,0,0,C0|00|08|00|00|00|07
1771334279.953,unsolicited,0,0,0,C0|00|08|00|00|00|07
1771334281.096,unsolicited,0,0,0,C0|00|08|00|00|00|07
1771334281.396,unsolicited,0,0,0,C0|00|08|00|00|00|07
1771334281.666,solicited,0,,0,
1771334282.437,solicited,0,,0,
1771334284.681,solicited,0,,0,
1771334284.715,unsolicited,0,0,0,C0|00|08|00|00|00|07
1771334285.556,unsolicited,0,0,0,C0|00|08|00|00|00|07
1771334285.726,unsolicited,0,0,0,C0|00|08|00|00|00|07
1771334285.726,unsolicited,0,0,0,C0|00|08|00|00|00|07
1771334285.760,unsolicited,0,0,0,C0|00|08|00|00|00|07
1771334285.793,unsolicited,0,0,0,C0|00|08|00|00|00|07
1771334286.975,unsolicited,0,0,0,C0|00|08|00|00|00|07
1771334287.008,solicited,0,,0,
1771334287.008,unsolicited,0,0,0,C0|00|08|00|00|00|07
1771334287.042,unsolicited,0,0,0,C0|00|08|00|00|00|07
1771334287.243,unsolicited,0,0,0,C0|00|08|00|00|00|07
1771334288.444,unsolicited,0,0,0,C0|00|08|00|00|00|07
1771334288.445,solicited,0,,0,
1771334288.581,unsolicited,0,0,0,C0|00|08|00|00|00|07
1771334288.615,unsolicited,0,0,0,C0|00|08|00|00|00|07
1771334290.763,solicited,0,,0,
1771334290.763,unsolicited,0,0,0,C0|00|08|00|00|00|07
1771334290.763,unsolicited,0,0,0,C0|00|08|00|00|00|07
1771334290.763,unsolicited,0,0,0,C0|00|08|00|00|00|07
1771334291.439,solicited,0,,0,
1771334293.657,unsolicited,0,0,0,C0|00|08|00|00|00|07
1771334293.690,solicited,0,,0,
1771334293.691,unsolicited,0,0,0,C0|00|08|00|00|00|07
1771334293.724,unsolicited,0,0,0,C0|00|08|00|00|00|07
1771334295.534,unsolicited,0,0,0,C0|00|08|00|00|00|07
1771334295.534,unsolicited,0,0,0,C0|00|08|00|00|00|07
1771334295.567,solicited,0,,0,
1771334295.601,unsolicited,0,0,0,C0|00|08|00|00|00|07
1771334295.601,unsolicited,0,0,0,C0|00|08|00|00|00|07
1771334296.506,unsolicited,0,0,0,C0|00|08|00|00|00|07
1771334296.540,solicited,0,,0,
1771334298.286,solicited,0,,0,
1771334298.286,unsolicited,0,0,0,C0|00|08|00|00|00|07
1771334298.286,unsolicited,0,0,0,C0|00|08|00|00|00|07
1771334298.287,unsolicited,0,0,0,C0|00|08|00|00|00|07
1771334298.957,unsolicited,0,0,0,C0|00|08|00|00|00|07
1771334298.991,unsolicited,0,0,0,C0|00|08|00|00|00|07
1771334299.192,unsolicited,0,0,0,C0|00|08|00|00|00|07
1771334299.225,unsolicited,0,0,0,C0|00|08|00|00|00|07
1771334299.963,solicited,0,,0,
1771334300.198,unsolicited,0,0,0,C0|00|08|00|00|00|07
1771334300.198,unsolicited,0,0,0,C0|00|08|00|00|00|07
1771334300.231,unsolicited,0,0,0,C0|00|08|00|00|00|07
1771334300.232,unsolicited,0,0,0,C0|00|08|00|00|00|07
1771334300.232,unsolicited,0,0,0,C0|00|08|00|00|00|07
1771334302.881,unsolicited,0,0,0,C0|00|08|00|00|00|07
1771334302.949,solicited,0,,0,
1771334302.949,unsolicited,0,0,0,C0|00|08|00|00|00|07
1771334304.395,solicited,0,,0,
1771334306.445,unsolicited,0,0,0,C0|00|08|00|00|00|07
1771334306.445,unsolicited,0,0,0,C0|00|08|00|00|00|07
1771334306.713,solicited,0,,0,
1771334306.713,unsolicited,0,0,0,C0|00|08|00|00|00|07
1771334306.713,unsolicited,0,0,0,C0|00|08|00|00|00|07
1771334306.781,unsolicited,0,0,0,C0|00|08|00|00|00|07
1771334307.249,unsolicited,0,0,0,C0|00|08|00|00|00|07
1771334307.282,solicited,0,,0,
1771334307.315,unsolicited,0,0,0,C0|00|08|00|00|00|07
1771334307.316,unsolicited,0,0,0,C0|00|08|00|00|00|07
1771334307.750,unsolicited,0,0,0,C0|00|08|00|00|00|07
1771334308.053,unsolicited,0,0,0,C0|00|08|00|00|00|07
1771334308.589,unsolicited,0,0,0,C0|00|08|00|00|00|07
1771334308.623,unsolicited,0,0,0,C0|00|08|00|00|00|07
1771334308.623,solicited,0,,0,
1771334308.623,unsolicited,0,0,0,C0|00|08|00|00|00|07
1771334308.959,unsolicited,0,0,0,C0|00|08|00|00|00|07
1771334308.959,unsolicited,0,0,0,C0|00|08|00|00|00|07
1771334309.096,unsolicited,0,0,0,C0|00|08|00|00|00|07
1771334309.096,unsolicited,0,0,0,C0|00|08|00|00|00|07
1771334311.447,solicited,0,,0,
1771334311.515,unsolicited,0,0,0,C0|00|08|00|00|00|07
1771334311.515,unsolicited,0,0,0,C0|00|08|00|00|00|07
1771334312.216,solicited,0,,0,
1771334312.582,unsolicited,0,0,0,C0|00|08|00|00|00|07
1771334312.818,unsolicited,0,0,0,C0|00|08|00|00|00|07
1771334313.052,unsolicited,0,0,0,C0|00|08|00|00|00|07
1771334314.729,unsolicited,0,0,0,C0|00|08|00|00|00|07
1771334314.729,solicited,0,,0,
1771334314.729,unsolicited,0,0,0,C0|00|08|00|00|00|07
1771334314.762,unsolicited,0,0,0,C0|00|08|00|00|00|07
1771334315.561,solicited,0,,0,
1771334315.595,unsolicited,0,0,0,C0|00|08|00|00|00|07
1771334317.097,unsolicited,0,0,0,C0|00|08|00|00|00|07
1771334317.131,solicited,0,,0,
1771334318.604,unsolicited,0,0,0,C0|00|08|00|00|00|07
1771334318.636,solicited,0,,0,
1771334318.703,unsolicited,0,0,0,C0|00|08|00|00|00|07
1771334318.703,unsolicited,0,0,0,C0|00|08|00|00|00|07
1771334318.837,unsolicited,0,0,0,C0|00|08|00|00|00|07
1771334318.838,unsolicited,0,0,0,C0|00|08|00|00|00|07
1771334318.838,unsolicited,0,0,0,C0|00|08|00|00|00|07
1771334318.871,unsolicited,0,0,0,C0|00|08|00|00|00|07
1771334318.905,unsolicited,0,0,0,C0|00|08|00|00|00|07
1771334318.905,unsolicited,0,0,0,C0|00|08|00|00|00|07
1771334320.646,solicited,0,,0,
1771334321.315,unsolicited,0,0,0,C0|00|08|00|00|00|07
1771334321.349,solicited,0,,0,
1771334321.418,unsolicited,0,0,0,C0|00|08|00|00|00|07
1771334321.451,unsolicited,0,0,0,C0|00|08|00|00|00|07
1771334321.451,unsolicited,0,0,0,C0|00|08|00|00|00|07
1771334321.885,solicited,0,,0,
1771334321.985,unsolicited,0,0,0,C0|00|08|00|00|00|07
1771334322.018,unsolicited,0,0,0,C0|00|08|00|00|00|07
1771334322.591,unsolicited,0,0,0,C0|00|08|00|00|00|07
1771334322.625,solicited,0,,0,
1771334323.261,unsolicited,0,0,0,C0|00|08|00|00|00|07
1771334323.261,unsolicited,0,0,0,C0|00|08|00|00|00|07
1771334323.294,solicited,0,,0,
1771334323.363,unsolicited,0,0,0,C0|00|08|00|00|00|07
1771334323.597,unsolicited,0,0,0,C0|00|08|00|00|00|07
1771334323.597,unsolicited,0,0,0,C0|00|08|00|00|00|07
1771334323.597,unsolicited,0,0,0,C0|00|08|00|00|00|07
1771334324.271,unsolicited,0,0,0,C0|00|08|00|00|00|07
1771334324.304,unsolicited,0,0,0,C0|00|08|00|00|00|07
1771334324.305,solicited,0,,0,
1771334324.806,unsolicited,0,0,0,C0|00|08|00|00|00|07
1771334324.839,unsolicited,0,0,0,C0|00|08|00|00|00|07
1771334324.839,solicited,0,,0,
1771334325.141,unsolicited,0,0,0,C0|00|08|00|00|00|07
1771334326.245,solicited,0,,0,
1771334326.681,unsolicited,0,0,0,C0|00|08|00|00|00|07
1771334326.681,unsolicited,0,0,0,C0|00|08|00|00|00|07
1771334326.715,unsolicited,0,0,0,C0|00|08|00|00|00|07
1771334326.748,solicited,0,,0,
1771334327.285,unsolicited,0,0,0,C0|00|08|00|00|00|07
1771334327.318,solicited,0,,0,
1771334327.385,unsolicited,0,0,0,C0|00|08|00|00|00|07
1771334327.419,unsolicited,0,0,0,C0|00|08|00|00|00|07
1771334327.419,unsolicited,0,0,0,C0|00|08|00|00|00|07
1771334327.419,unsolicited,0,0,0,C0|00|08|00|00|00|07
1771334327.452,unsolicited,0,0,0,C0|00|08|00|00|00|07
1771334327.485,unsolicited,0,0,0,C0|00|08|00|00|00|07
1771334328.355,unsolicited,0,0,0,C0|00|08|00|00|00|07
1771334328.423,solicited,0,,0,
1771334328.424,unsolicited,0,0,0,C0|00|08|00|00|00|07
1771334329.958,solicited,0,,0,
1771334329.958,unsolicited,0,0,0,C0|00|08|00|00|00|07
1771334329.992,unsolicited,0,0,0,C0|00|08|00|00|00|07
1771334331.132,unsolicited,0,0,0,C0|00|08|00|00|00|07
1771334331.132,unsolicited,0,0,0,C0|00|08|00|00|00|07
1771334331.164,unsolicited,0,0,0,C0|00|08|00|00|00|07
1771334331.165,solicited,0,,0,
1771334331.535,unsolicited,0,0,0,C0|00|08|00|00|00|07
1771334331.535,unsolicited,0,0,0,C0|00|08|00|00|00|07
1771334332.205,unsolicited,0,0,0,C0|00|08|00|00|00|07
1771334332.205,solicited,0,,0,
1771334333.776,unsolicited,0,0,0,C0|00|08|00|00|00|07
1771334334.011,unsolicited,0,0,0,C0|00|08|00|00|00|07
1771334334.280,unsolicited,0,0,0,C0|00|08|00|00|00|07
1771334335.429,unsolicited,0,0,0,C0|00|08|00|00|00|07
1771334335.461,solicited,0,,0,
1771334335.528,unsolicited,0,0,0,C0|00|08|00|00|00|07
1771334335.529,unsolicited,0,0,0,C0|00|08|00|00|00|07
1771334337.502,unsolicited,0,0,0,C0|00|08|00|00|00|07
1771334337.502,solicited,0,,0,
1771334337.602,unsolicited,0,0,0,C0|00|08|00|00|00|07
1771334337.836,unsolicited,0,0,0,C0|00|08|00|00|00|07
1771334337.837,unsolicited,0,0,0,C0|00|08|00|00|00|07
1771334337.837,unsolicited,0,0,0,C0|00|08|00|00|00|07
1771334337.905,unsolicited,0,0,0,C0|00|08|00|00|00|07
1771334338.708,unsolicited,0,0,0,C0|00|08|00|00|00|07
1771334338.777,unsolicited,0,0,0,C0|00|08|00|00|00|07
1771334339.419,unsolicited,0,0,0,C0|00|08|00|00|00|07
1771334339.452,solicited,0,,0,
1771334339.957,solicited,0,,0,
1771334339.991,unsolicited,0,0,0,C0|00|08|00|00|00|07
1771334341.334,solicited,0,,0,
1771334341.334,unsolicited,0,0,0,C0|00|08|00|00|00|07
1771334342.001,solicited,0,,0,
1771334342.336,unsolicited,0,0,0,C0|00|08|00|00|00|07
1771334342.336,unsolicited,0,0,0,C0|00|08|00|00|00|07
1771334342.369,unsolicited,0,0,0,C0|00|08|00|00|00|07
1771334343.638,unsolicited,0,0,0,C0|00|08|00|00|00|07
1771334343.671,solicited,0,,0,
1771334344.311,unsolicited,0,0,0,C0|00|08|00|00|00|07
1771334344.345,solicited,0,,0,
1771334346.125,unsolicited,0,0,0,C0|00|08|00|00|00|07
1771334346.158,solicited,0,,0,
1771334347.603,unsolicited,0,0,0,C0|00|08|00|00|00|07
1771334347.636,solicited,0,,0,
1771334347.671,unsolicited,0,0,0,C0|00|08|00|00|00|07
1771334347.840,unsolicited,0,0,0,C0|00|08|00|00|00|07
1771334349.014,solicited,0,,0,
1771334349.954,solicited,0,,0,
1771334351.727,solicited,0,,0,
1771334351.827,unsolicited,0,0,0,C0|00|08|00|00|00|07
1771334351.828,unsolicited,0,0,0,C0|00|08|00|00|00|07
1771334352.028,unsolicited,0,0,0,C0|00|08|00|00|00|07
1771334352.261,solicited,0,,0,
1771334352.261,unsolicited,0,0,0,C0|00|08|00|00|00|07
1771334353.502,solicited,0,,0,
1771334353.536,unsolicited,0,0,0,C0|00|08|00|00|00|07
1771334354.239,solicited,0,,0,
1771334354.239,unsolicited,0,0,0,C0|00|08|00|00|00|07
1771334354.708,unsolicited,0,0,0,C0|00|08|00|00|00|07
1771334354.743,unsolicited,0,0,0,C0|00|08|00|00|00|07
1771334355.346,unsolicited,0,0,0,C0|00|08|00|00|00|07
1771334355.647,unsolicited,0,0,0,C0|00|08|00|00|00|07
1771334355.713,unsolicited,0,0,0,C0|00|08|00|00|00|07
1771334357.834,solicited,0,,0,
1771334359.071,solicited,0,,0,
1771334359.104,unsolicited,0,0,0,C0|00|08|00|00|00|07
1771334363.844,solicited,0,,0,
1771334364.547,solicited,0,,0,
1771334365.118,solicited,0,,0,
1771334365.488,unsolicited,0,0,0,C0|00|08|00|00|00|07
1771334366.024,solicited,0,,0,
1771334366.091,unsolicited,0,0,0,C0|00|08|00|00|00|07
1771334366.325,unsolicited,0,0,0,C0|00|08|00|00|00|07
1771334366.393,unsolicited,0,0,0,C0|00|08|00|00|00|07
1771334366.393,unsolicited,0,0,0,C0|00|08|00|00|00|07
1771334367.734,unsolicited,0,0,0,C0|00|08|00|00|00|07
1771334367.767,unsolicited,0,0,0,C0|00|08|00|00|00|07
1771334367.767,solicited,0,,0,
1771334367.834,unsolicited,0,0,0,C0|00|08|00|00|00|07
1771334367.902,unsolicited,0,0,0,C0|00|08|00|00|00|07
1771334368.679,unsolicited,0,0,0,C0|00|08|00|00|00|07
1771334368.713,solicited,0,,0,
1771334368.713,unsolicited,0,0,0,C0|00|08|00|00|00|07
1771334368.747,unsolicited,0,0,0,C0|00|08|00|00|00|07
1771334369.014,unsolicited,0,0,0,C0|00|08|00|00|00|07
1771334369.014,unsolicited,0,0,0,C0|00|08|00|00|00|07
1771334369.650,unsolicited,0,0,0,C0|00|08|00|00|00|07
1771334369.650,unsolicited,0,0,0,C0|00|08|00|00|00|07
1771334369.948,unsolicited,0,0,0,C0|00|08|00|00|00|07
1771334369.949,unsolicited,0,0,0,C0|00|08|00|00|00|07
1771334369.983,unsolicited,0,0,0,C0|00|08|00|00|00|07
1771334370.117,unsolicited,0,0,0,C0|00|08|00|00|00|07
1771334371.292,unsolicited,0,0,0,C0|00|08|00|00|00|07
1771334371.293,solicited,0,,0,
1771334371.392,unsolicited,0,0,0,C0|00|08|00|00|00|07
1771334371.393,unsolicited,0,0,0,C0|00|08|00|00|00|07
1771334371.630,unsolicited,0,0,0,C0|00|08|00|00|00|07
1771334371.730,unsolicited,0,0,0,C0|00|08|00|00|00|07
1771334371.762,unsolicited,0,0,0,C0|00|08|00|00|00|07
1771334371.795,solicited,0,,0,
1771334374.916,unsolicited,0,0,0,C0|00|08|00|00|00|07
1771334374.950,solicited,0,,0,
1771334375.687,unsolicited,0,0,0,C0|00|08|00|00|00|07
1771334375.721,solicited,0,,0,
1771334375.721,unsolicited,0,0,0,C0|00|08|00|00|00|07
1771334375.754,unsolicited,0,0,0,C0|00|08|00|00|00|07
1771334375.789,unsolicited,0,0,0,C0|00|08|00|00|00|07
1771334375.822,unsolicited,0,0,0,C0|00|08|00|00|00|07
1771334375.889,unsolicited,0,0,0,C0|00|08|00|00|00|07
1771334375.889,unsolicited,0,0,0,C0|00|08|00|00|00|07
1771334375.922,unsolicited,0,0,0,C0|00|08|00|00|00|07
1771334376.893,unsolicited,0,0,0,C0|00|08|00|00|00|07
1771334376.927,solicited,0,,0,
1771334376.927,unsolicited,0,0,0,C0|00|08|00|00|00|07
1771334376.927,unsolicited,0,0,0,C0|00|08|00|00|00|07
1771334379.510,unsolicited,0,0,0,C0|00|08|00|00|00|07
1771334379.543,solicited,0,,0,
1771334379.543,unsolicited,0,0,0,C0|00|08|00|00|00|07
1771334379.543,unsolicited,0,0,0,C0|00|08|00|00|00|07
1771334380.211,unsolicited,0,0,0,C0|00|08|00|00|00|07
1771334380.411,unsolicited,0,0,0,C0|00|08|00|00|00|07
1771334380.444,unsolicited,0,0,0,C0|00|08|00|00|00|07
1771334380.812,unsolicited,0,0,0,C0|00|08|00|00|00|07
1771334380.845,unsolicited,0,0,0,C0|00|08|00|00|00|07
1771334381.081,unsolicited,0,0,0,C0|00|08|00|00|00|07
1771334381.148,unsolicited,0,0,0,C0|00|08|00|00|00|07
1771334381.182,unsolicited,0,0,0,C0|00|08|00|00|00|07
1771334381.182,unsolicited,0,0,0,C0|00|08|00|00|00|07
1771334381.216,unsolicited,0,0,0,C0|00|08|00|00|00|07
1771334382.764,unsolicited,0,0,0,C0|00|08|00|00|00|07
1771334382.797,solicited,0,,0,
1771334382.797,unsolicited,0,0,0,C0|00|08|00|00|00|07
1771334383.199,unsolicited,0,0,0,C0|00|08|00|00|00|07
1771334385.011,solicited,0,,0,
1771334385.713,unsolicited,0,0,0,C0|00|08|00|00|00|07
1771334385.713,unsolicited,0,0,0,C0|00|08|00|00|00|07
1771334385.747,solicited,0,,0,
1771334387.867,solicited,0,,0,
1771334388.541,unsolicited,0,0,0,C0|00|08|00|00|00|07
1771334388.574,solicited,0,,0,
1771334388.642,unsolicited,0,0,0,C0|00|08|00|00|00|07
1771334388.775,unsolicited,0,0,0,C0|00|08|00|00|00|07
1771334388.842,unsolicited,0,0,0,C0|00|08|00|00|00|07
1771334388.908,unsolicited,0,0,0,C0|00|08|00|00|00|07
1771334389.747,unsolicited,0,0,0,C0|00|08|00|00|00|07
1771334389.748,unsolicited,0,0,0,C0|00|08|00|00|00|07
1771334389.748,unsolicited,0,0,0,C0|00|08|00|00|00|07
1771334389.781,solicited,0,,0,
1771334391.258,unsolicited,0,0,0,C0|00|08|00|00|00|07
1771334391.292,solicited,0,,0,
1771334392.371,solicited,0,,0,
1771334392.877,solicited,0,,0,
1771334395.421,unsolicited,0,0,0,C0|00|08|00|00|00|07
1771334395.455,solicited,0,,0,
1771334396.325,solicited,0,,0,
1771334396.827,solicited,0,,0,
1771334396.894,unsolicited,0,0,0,C0|00|08|00|00|00|07
1771334396.894,unsolicited,0,0,0,C0|00|08|00|00|00|07
1771334397.702,solicited,0,,0,
1771334397.703,unsolicited,0,0,0,C0|00|08|00|00|00|07
1771334397.736,unsolicited,0,0,0,C0|00|08|00|00|00|07
1771334398.408,unsolicited,0,0,0,C0|00|08|00|00|00|07
1771334398.442,solicited,0,,0,
1771334398.442,unsolicited,0,0,0,C0|00|08|00|00|00|07
1771334398.475,unsolicited,0,0,0,C0|00|08|00|00|00|07
1771334398.912,unsolicited,0,0,0,C0|00|08|00|00|00|07
1771334398.945,solicited,0,,0,
1771334399.047,unsolicited,0,0,0,C0|00|08|00|00|00|07
1771334399.047,unsolicited,0,0,0,C0|00|08|00|00|00|07
1771334399.047,unsolicited,0,0,0,C0|00|08|00|00|00|07
1771334399.081,unsolicited,0,0,0,C0|00|08|00|00|00|07
1771334399.081,unsolicited,0,0,0,C0|00|08|00|00|00|07
1771334399.081,unsolicited,0,0,0,C0|00|08|00|00|00|07
1771334399.114,unsolicited,0,0,0,C0|00|08|00|00|00|07
1771334399.114,unsolicited,0,0,0,C0|00|08|00|00|00|07
1771334399.114,unsolicited,0,0,0,C0|00|08|00|00|00|07
1771334400.928,unsolicited,0,0,0,C0|00|08|00|00|00|07
1771334400.928,unsolicited,0,0,0,C0|00|08|00|00|00|07
1771334400.961,solicited,0,,0,
1771334401.532,unsolicited,0,0,0,C0|00|08|00|00|00|07
1771334401.566,solicited,0,,0,
1771334402.239,solicited,0,,0,
1771334402.878,solicited,0,,0,
1771334403.881,unsolicited,0,0,0,C0|00|08|00|00|00|07
1771334403.915,solicited,0,,0,
1771334404.587,unsolicited,0,0,0,C0|00|08|00|00|00|07
1771334404.587,unsolicited,0,0,0,C0|00|08|00|00|00|07
1771334404.619,solicited,0,,0,
1771334404.687,unsolicited,0,0,0,C0|00|08|00|00|00|07
1771334404.687,unsolicited,0,0,0,C0|00|08|00|00|00|07
1771334405.892,solicited,0,,0,
1771334407.303,solicited,0,,0,
1771334407.539,unsolicited,0,0,0,C0|00|08|00|00|00|07
1771334407.539,unsolicited,0,0,0,C0|00|08|00|00|00|07
1771334407.539,unsolicited,0,0,0,C0|00|08|00|00|00|07
1771334407.640,unsolicited,0,0,0,C0|00|08|00|00|00|07
1771334407.672,unsolicited,0,0,0,C0|00|08|00|00|00|07
1771334407.673,unsolicited,0,0,0,C0|00|08|00|00|00|07
1771334407.673,unsolicited,0,0,0,C0|00|08|00|00|00|07
1771334409.395,unsolicited,0,0,0,C0|00|08|00|00|00|07
1771334409.429,solicited,0,,0,
1771334410.164,solicited,0,,0,
1771334410.197,unsolicited,0,0,0,C0|00|08|00|00|00|07
1771334410.197,unsolicited,0,0,0,C0|00|08|00|00|00|07
1771334410.802,unsolicited,0,0,0,C0|00|08|00|00|00|07
1771334410.835,solicited,0,,0,
1771334411.643,unsolicited,0,0,0,C0|00|08|00|00|00|07
1771334411.675,unsolicited,0,0,0,C0|00|08|00|00|00|07
1771334411.675,solicited,0,,0,
1771334411.741,unsolicited,0,0,0,C0|00|08|00|00|00|07
1771334411.742,unsolicited,0,0,0,C0|00|08|00|00|00|07
1771334412.010,unsolicited,0,0,0,C0|00|08|00|00|00|07
1771334412.077,unsolicited,0,0,0,C0|00|08|00|00|00|07
1771334412.077,unsolicited,0,0,0,C0|00|08|00|00|00|07
1771334412.078,unsolicited,0,0,0,C0|00|08|00|00|00|07
1771334413.319,unsolicited,0,0,0,C0|00|08|00|00|00|07
1771334413.353,solicited,0,,0,
1771334413.895,solicited,0,,0,
1771334414.432,unsolicited,0,0,0,C0|00|08|00|00|00|07
1771334414.466,solicited,0,,0,
1771334415.139,solicited,0,,0,
1771334415.139,unsolicited,0,0,0,C8|00|08|03|00|00|12
1771334415.140,unsolicited,0,0,0,C8|00|08|04|00|00|13
1771334415.173,unsolicited,0,0,0,C8|00|08|04|00|00|13
1771334415.206,unsolicited,0,0,0,C8|00|08|05|00|00|14
1771334415.274,unsolicited,0,0,0,C8|00|08|05|00|00|14
1771334417.379,unsolicited,0,0,0,C8|00|08|00|00|00|0F
1771334417.412,unsolicited,0,0,0,C8|00|08|00|00|00|0F
1771334418.918,unsolicited,0,0,0,C0|00|08|00|00|00|07
1771334418.919,unsolicited,0,0,0,C0|00|08|00|00|00|07
1771334418.951,solicited,1279,,0,
1771334422.449,unsolicited,0,0,1279,C0|00|08|00|00|00|07
1771334422.451,solicited,1344,,0,
1771334422.482,unsolicited,0,0,1344,C0|00|08|00|00|00|07
1771334423.624,solicited,1361,,0,
1771334423.756,unsolicited,0,0,1361,C0|00|08|00|00|00|07
1771334423.758,unsolicited,0,0,1361,C0|00|08|00|00|00|07
1771334423.758,unsolicited,0,0,1361,C0|00|08|00|00|00|07
1771334423.790,unsolicited,0,0,1361,C0|00|08|00|00|00|07
1771334423.790,unsolicited,0,0,1361,C0|00|08|00|00|00|07
1771334423.858,unsolicited,0,0,1361,C0|00|08|00|00|00|07
1771334427.049,unsolicited,448,7,1361,C0|07|08|00|00|00|0E
1771334427.051,unsolicited,448,7,1361,C0|07|08|00|00|00|0E
1771334427.051,unsolicited,448,7,1361,C0|07|08|00|00|00|0E
1771334427.082,solicited,1314,,448,
1771334427.385,unsolicited,448,7,1314,C0|07|08|00|00|00|0E
1771334427.622,solicited,1296,,448,
1771334427.622,unsolicited,448,7,1296,C0|07|08|00|00|00|0E
1771334427.655,unsolicited,448,7,1296,C0|07|08|00|00|00|0E
1771334428.257,solicited,1307,,448,
1771334428.963,solicited,1295,,448,
1771334428.963,unsolicited,448,7,1295,C0|07|08|00|00|00|0E
1771334428.997,unsolicited,448,7,1295,C0|07|08|00|00|00|0E
1771334429.606,solicited,1300,,448,
1771334430.174,unsolicited,448,7,1300,C0|07|08|00|00|00|0E
1771334430.208,solicited,1304,,448,
1771334431.214,solicited,1306,,448,
1771334431.248,unsolicited,448,7,1306,C0|07|08|00|00|00|0E
1771334433.495,solicited,1298,,448,
1771334433.528,unsolicited,448,7,1298,C0|07|08|00|00|00|0E
1771334433.764,unsolicited,448,7,1298,C0|07|08|00|00|00|0E
1771334433.765,unsolicited,448,7,1298,C0|07|08|00|00|00|0E
1771334433.933,unsolicited,448,7,1298,C0|07|08|00|00|00|0E
1771334435.745,unsolicited,448,7,1298,C0|07|08|00|00|00|0E
1771334435.778,solicited,1303,,448,
1771334435.778,unsolicited,448,7,1303,C0|07|08|00|00|00|0E
1771334436.046,unsolicited,448,7,1303,C0|07|08|00|00|00|0E
1771334436.047,unsolicited,448,7,1303,C0|07|08|00|00|00|0E
1771334436.183,unsolicited,448,7,1303,C0|07|08|00|00|00|0E
1771334436.217,unsolicited,448,7,1303,C0|07|08|00|00|00|0E
1771334436.217,unsolicited,448,7,1303,C0|07|08|00|00|00|0E
1771334437.258,solicited,1300,,448,
1771334437.259,unsolicited,448,7,1300,C0|07|08|00|00|00|0E
1771334437.963,unsolicited,448,7,1300,C0|07|08|00|00|00|0E
1771334437.996,solicited,1305,,448,
1771334439.304,unsolicited,448,7,1305,C0|07|08|00|00|00|0E
1771334439.339,solicited,1178,,448,
1771334439.641,unsolicited,0,0,1178,C0|00|08|00|00|00|07
1771334440.580,solicited,0,,0,
1771334440.647,unsolicited,0,0,0,C0|00|08|00|00|00|07
1771334441.350,unsolicited,0,0,0,C0|00|08|00|00|00|07
1771334441.382,solicited,0,,0,
1771334441.448,unsolicited,0,0,0,C0|00|08|00|00|00|07
1771334441.517,unsolicited,0,0,0,C0|00|08|00|00|00|07
1771334442.999,unsolicited,0,0,0,C0|00|08|00|00|00|07
1771334443.032,unsolicited,0,0,0,C0|00|08|00|00|00|07
1771334443.065,solicited,0,,0,
1771334443.065,unsolicited,0,0,0,C0|00|08|00|00|00|07
1771334443.066,unsolicited,0,0,0,C0|00|08|00|00|00|07
1771334443.301,unsolicited,0,0,0,C0|00|08|00|00|00|07
1771334443.334,unsolicited,0,0,0,C0|00|08|00|00|00|07
1771334443.368,unsolicited,0,0,0,C0|00|08|00|00|00|07
1771334443.401,unsolicited,0,0,0,C0|00|08|00|00|00|07
1771334443.401,unsolicited,0,0,0,C0|00|08|00|00|00|07
1771334444.243,unsolicited,0,0,0,C0|00|08|00|00|00|07
1771334444.243,unsolicited,0,0,0,C0|00|08|00|00|00|07
1771334444.243,solicited,0,,0,
1771334445.250,unsolicited,0,0,0,C0|00|08|00|00|00|07
1771334445.519,solicited,0,,0,
1771334446.256,solicited,0,,0,
1771334446.323,unsolicited,0,0,0,C0|00|08|00|00|00|07
1771334446.323,unsolicited,0,0,0,C0|00|08|00|00|00|07
1771334448.816,solicited,0,,0,
1771334449.119,unsolicited,0,0,0,C0|00|08|00|00|00|07
1771334449.756,solicited,0,,0,
1771334449.824,unsolicited,0,0,0,C0|00|08|00|00|00|07
1771334449.857,unsolicited,0,0,0,C0|00|08|00|00|00|07
1771334451.976,unsolicited,0,0,0,C0|00|08|00|00|00|07
1771334452.009,solicited,0,,0,
1771334452.009,unsolicited,0,0,0,C0|00|08|00|00|00|07
1771334452.647,unsolicited,0,0,0,C0|00|08|00|00|00|07
1771334452.679,solicited,0,,0,
1771334454.555,unsolicited,0,0,0,C0|00|08|00|00|00|07
1771334454.589,solicited,0,,0,
1771334454.623,unsolicited,0,0,0,C0|00|08|00|00|00|07
1771334455.293,unsolicited,0,0,0,C0|00|08|00|00|00|07
1771334455.326,unsolicited,0,0,0,C0|00|08|00|00|00|07
1771334455.326,solicited,0,,0,
1771334455.358,unsolicited,0,0,0,C0|00|08|00|00|00|07
1771334455.359,unsolicited,0,0,0,C0|00|08|00|00|00|07
1771334455.999,solicited,0,,0,
1771334457.738,unsolicited,0,0,0,C0|00|08|00|00|00|07
1771334457.739,unsolicited,0,0,0,C0|00|08|00|00|00|07
1771334457.772,solicited,0,,0,
1771334458.076,unsolicited,0,0,0,C0|00|08|00|00|00|07
1771334459.351,solicited,0,,0,
1771334459.351,unsolicited,0,0,0,C0|00|08|00|00|00|07
1771334460.456,solicited,0,,0,
1771334460.557,unsolicited,0,0,0,C0|00|08|00|00|00|07
1771334460.557,unsolicited,0,0,0,C0|00|08|00|00|00|07
1771334460.790,unsolicited,0,0,0,C0|00|08|00|00|00|07
1771334460.791,unsolicited,0,0,0,C0|00|08|00|00|00|07
1771334461.430,solicited,0,,0,
1771334461.633,unsolicited,0,0,0,C0|00|08|00|00|00|07
1771334464.492,unsolicited,0,0,0,C0|00|08|00|00|00|07
1771334464.525,solicited,0,,0,
1771334464.525,unsolicited,0,0,0,C0|00|08|00|00|00|07
1771334464.526,unsolicited,0,0,0,C0|00|08|00|00|00|07
1771334464.765,unsolicited,0,0,0,C0|00|08|00|00|00|07
1771334464.765,unsolicited,0,0,0,C0|00|08|00|00|00|07
1771334464.766,unsolicited,0,0,0,C0|00|08|00|00|00|07
1771334465.404,unsolicited,0,0,0,C0|00|08|00|00|00|07
1771334465.404,solicited,0,,0,
1771334465.539,unsolicited,0,0,0,C0|00|08|00|00|00|07
1771334465.638,unsolicited,0,0,0,C0|00|08|00|00|00|07
1771334468.153,unsolicited,0,0,0,C0|00|08|00|00|00|07
1771334468.457,unsolicited,0,0,0,C0|00|08|00|00|00|07
1771334468.489,unsolicited,0,0,0,C0|00|08|00|00|00|07
1771334470.576,unsolicited,0,0,0,C0|00|08|00|00|00|07
1771334470.611,unsolicited,0,0,0,C0|00|08|00|00|00|07
1771334473.068,solicited,0,,0,
1771334473.775,solicited,0,,0,
1771334473.775,unsolicited,0,0,0,C0|00|08|00|00|00|07
1771334473.808,unsolicited,0,0,0,C0|00|08|00|00|00|07
1771334474.347,solicited,0,,0,
1771334474.415,unsolicited,0,0,0,C0|00|08|00|00|00|07
1771334474.515,unsolicited,0,0,0,C0|00|08|00|00|00|07
1771334476.029,unsolicited,0,0,0,C0|00|08|00|00|00|07
1771334476.029,unsolicited,0,0,0,C0|00|08|00|00|00|07
1771334476.063,solicited,0,,0,
1771334478.077,solicited,0,,0,
1771334478.145,unsolicited,0,0,0,C0|00|08|00|00|00|07
1771334480.330,unsolicited,0,0,0,C0|00|08|00|00|00|07
1771334480.363,solicited,0,,0,
1771334480.632,unsolicited,0,0,0,C0|00|08|00|00|00|07
1771334480.632,unsolicited,0,0,0,C0|00|08|00|00|00|07
1771334480.666,unsolicited,0,0,0,C0|00|08|00|00|00|07
1771334480.698,unsolicited,0,0,0,C0|00|08|00|00|00|07
1771334481.835,unsolicited,0,0,0,C0|00|08|00|00|00|07
1771334481.868,solicited,0,,0,
1771334482.002,unsolicited,0,0,0,C0|00|08|00|00|00|07
1771334483.170,solicited,0,,0,
1771334483.238,unsolicited,0,0,0,C0|00|08|00|00|00|07
1771334483.506,unsolicited,0,0,0,C0|00|08|00|00|00|07
1771334484.145,unsolicited,0,0,0,C0|00|08|00|00|00|07
1771334484.145,solicited,0,,0,
1771334484.312,unsolicited,0,0,0,C0|00|08|00|00|00|07
1771334484.347,unsolicited,0,0,0,C0|00|08|00|00|00|07
1771334484.347,unsolicited,0,0,0,C0|00|08|00|00|00|07
1771334485.857,unsolicited,0,0,0,C0|00|08|00|00|00|07
1771334485.890,unsolicited,0,0,0,C0|00|08|00|00|00|07
1771334485.891,unsolicited,0,0,0,C0|00|08|00|00|00|07
1771334485.891,solicited,0,,0,
1771334486.761,unsolicited,0,0,0,C0|00|08|00|00|00|07
1771334486.794,solicited,0,,0,
1771334488.606,unsolicited,0,0,0,C0|00|08|00|00|00|07
1771334488.673,solicited,0,,0,
1771334488.975,unsolicited,0,0,0,C0|00|08|00|00|00|07
1771334488.975,unsolicited,0,0,0,C0|00|08|00|00|00|07
1771334491.190,solicited,0,,0,
1771334491.224,unsolicited,0,0,0,C0|00|08|00|00|00|07
1771334491.224,unsolicited,0,0,0,C0|00|08|00|00|00|07
1771334492.897,unsolicited,0,0,0,C0|00|08|00|00|00|07
1771334492.931,solicited,0,,0,
1771334494.106,unsolicited,0,0,0,C0|00|08|00|00|00|07
1771334494.173,solicited,0,,0,
1771334494.543,unsolicited,0,0,0,C0|00|08|00|00|00|07
1771334497.298,solicited,0,,0,
1771334501.024,solicited,0,,0,
1771334501.093,unsolicited,0,0,0,C0|00|08|00|00|00|07
1771334501.327,unsolicited,0,0,0,C0|00|08|00|00|00|07
1771334501.961,solicited,0,,0,
1771334504.444,unsolicited,0,0,0,C0|00|08|00|00|00|07
1771334504.477,solicited,0,,0,
1771334504.746,unsolicited,0,0,0,C0|00|08|00|00|00|07
1771334507.067,unsolicited,0,0,0,C0|00|08|00|00|00|07
1771334507.100,solicited,0,,0,
1771334507.101,unsolicited,0,0,0,C0|00|08|00|00|00|07
1771334507.134,unsolicited,0,0,0,C0|00|08|00|00|00|07
1771334509.516,solicited,0,,0,
1771334509.584,unsolicited,0,0,0,C0|00|08|00|00|00|07
1771334511.196,unsolicited,0,0,0,C0|00|08|00|00|00|07
1771334511.332,solicited,0,,0,
1771334511.367,unsolicited,0,0,0,C0|00|08|00|00|00|07
1771334512.441,solicited,0,,0,
1771334512.476,unsolicited,0,0,0,C0|00|08|00|00|00|07
1771334512.875,unsolicited,0,0,0,C0|00|08|00|00|00|07
1771334513.010,solicited,0,,0,
1771334513.010,unsolicited,0,0,0,C0|00|08|00|00|00|07
1771334515.331,solicited,0,,0,
1771334516.271,solicited,0,,0,
1771334516.271,unsolicited,0,0,0,C0|00|08|00|00|00|07
1771334516.304,unsolicited,0,0,0,C0|00|08|00|00|00|07
1771334517.853,unsolicited,0,0,0,C0|00|08|00|00|00|07
1771334517.886,solicited,0,,0,
1771334518.188,unsolicited,0,0,0,C0|00|08|00|00|00|07
1771334518.188,unsolicited,0,0,0,C0|00|08|00|00|00|07
1771334518.356,unsolicited,0,0,0,C0|00|08|00|00|00|07
1771334518.389,solicited,0,,0,
1771334518.389,unsolicited,0,0,0,C0|00|08|00|00|00|07
1771334520.301,solicited,0,,0,
1771334520.334,unsolicited,0,0,0,C0|00|08|00|00|00|07
1771334520.334,unsolicited,0,0,0,C0|00|08|00|00|00|07
1771334520.567,unsolicited,0,0,0,C0|00|08|00|00|00|07
1771334521.743,unsolicited,0,0,0,C0|00|08|00|00|00|07
1771334521.776,solicited,0,,0,
1771334521.844,unsolicited,0,0,0,C0|00|08|00|00|00|07
1771334521.844,unsolicited,0,0,0,C0|00|08|00|00|00|07
1771334522.315,solicited,0,,0,
1771334522.347,unsolicited,0,0,0,C0|00|08|00|00|00|07
1771334523.280,unsolicited,0,0,0,C0|00|08|00|00|00|07
1771334523.414,unsolicited,0,0,0,C0|00|08|00|00|00|07
1771334523.448,unsolicited,0,0,0,C0|00|08|00|00|00|07
1771334524.456,solicited,0,,0,
1771334524.489,unsolicited,0,0,0,C0|00|08|00|00|00|07
1771334524.790,unsolicited,0,0,0,C0|00|08|00|00|00|07
1771334524.791,unsolicited,0,0,0,C0|00|08|00|00|00|07
1771334525.125,unsolicited,0,0,0,C0|00|08|00|00|00|07
1771334525.190,solicited,0,,0,
1771334525.191,unsolicited,0,0,0,C0|00|08|00|00|00|07
1771334525.224,unsolicited,0,0,0,C0|00|08|00|00|00|07
1771334525.224,unsolicited,0,0,0,C0|00|08|00|00|00|07
1771334525.258,unsolicited,0,0,0,C0|00|08|00|00|00|07
1771334525.259,unsolicited,0,0,0,C0|00|08|00|00|00|07
1771334526.702,solicited,0,,0,
1771334526.702,unsolicited,0,0,0,C0|00|08|00|00|00|07
1771334526.735,unsolicited,0,0,0,C0|00|08|00|00|00|07
1771334526.967,unsolicited,0,0,0,C0|00|08|00|00|00|07
1771334526.967,unsolicited,0,0,0,C0|00|08|00|00|00|07
1771334527.337,solicited,0,,0,
1771334527.369,unsolicited,0,0,0,C0|00|08|00|00|00|07
1771334527.538,unsolicited,0,0,0,C0|00|08|00|00|00|07
1771334527.538,unsolicited,0,0,0,C0|00|08|00|00|00|07
1771334527.538,unsolicited,0,0,0,C0|00|08|00|00|00|07
1771334529.918,solicited,0,,0,
1771334529.987,unsolicited,0,0,0,C0|00|08|00|00|00|07
1771334529.987,unsolicited,0,0,0,C0|00|08|00|00|00|07
1771334531.665,solicited,0,,0,
1771334532.202,unsolicited,0,0,0,C0|00|08|00|00|00|07
1771334532.235,solicited,0,,0,
1771334532.235,unsolicited,0,0,0,C0|00|08|00|00|00|07
1771334532.901,solicited,0,,0,
1771334532.969,unsolicited,0,0,0,C0|00|08|00|00|00|07
1771334533.069,unsolicited,0,0,0,C0|00|08|00|00|00|07
1771334533.103,unsolicited,0,0,0,C0|00|08|00|00|00|07
1771334533.136,unsolicited,0,0,0,C0|00|08|00|00|00|07
1771334533.137,unsolicited,0,0,0,C0|00|08|00|00|00|07
1771334533.137,unsolicited,0,0,0,C0|00|08|00|00|00|07
1771334535.153,solicited,0,,0,
1771334535.186,unsolicited,0,0,0,C0|00|08|00|00|00|07
1771334535.420,unsolicited,0,0,0,C0|00|08|00|00|00|07
1771334535.421,unsolicited,0,0,0,C0|00|08|00|00|00|07
1771334537.298,unsolicited,0,0,0,C0|00|08|00|00|00|07
1771334537.330,solicited,0,,0,
1771334537.900,solicited,0,,0,
1771334538.840,solicited,0,,0,
1771334539.276,unsolicited,0,0,0,C0|00|08|00|00|00|07
1771334539.882,unsolicited,0,0,0,C0|00|08|00|00|00|07
1771334539.914,solicited,0,,0,
1771334539.981,unsolicited,0,0,0,C0|00|08|00|00|00|07
1771334540.318,unsolicited,0,0,0,C0|00|08|00|00|00|07
1771334540.318,unsolicited,0,0,0,C0|00|08|00|00|00|07
1771334541.595,solicited,0,,0,
1771334541.796,unsolicited,0,0,0,C0|00|08|00|00|00|07
1771334542.500,solicited,0,,0,
1771334542.736,unsolicited,0,0,0,C0|00|08|00|00|00|07
1771334542.770,unsolicited,0,0,0,C0|00|08|00|00|00|07
1771334544.954,unsolicited,0,0,0,C0|00|08|00|00|00|07
1771334544.954,unsolicited,0,0,0,C0|00|08|00|00|00|07
1771334544.987,solicited,0,,0,
1771334545.258,unsolicited,0,0,0,C0|00|08|00|00|00|07
1771334545.258,unsolicited,0,0,0,C0|00|08|00|00|00|07
1771334545.293,unsolicited,0,0,0,C0|00|08|00|00|00|07
1771334545.427,unsolicited,0,0,0,C0|00|08|00|00|00|07
1771334545.460,unsolicited,0,0,0,C0|00|08|00|00|00|07
1771334545.461,unsolicited,0,0,0,C0|00|08|00|00|00|07
1771334545.494,unsolicited,0,0,0,C0|00|08|00|00|00|07
1771334545.494,unsolicited,0,0,0,C0|00|08|00|00|00|07
1771334545.494,solicited,0,,0,
1771334545.528,unsolicited,0,0,0,C0|00|08|00|00|00|07
1771334545.729,unsolicited,0,0,0,C0|00|08|00|00|00|07
1771334545.762,unsolicited,0,0,0,C0|00|08|00|00|00|07
1771334545.762,unsolicited,0,0,0,C0|00|08|00|00|00|07
1771334545.795,unsolicited,0,0,0,C0|00|08|00|00|00|07
1771334545.795,unsolicited,0,0,0,C0|00|08|00|00|00|07
1771334545.829,unsolicited,0,0,0,C0|00|08|00|00|00|07
1771334545.829,unsolicited,0,0,0,C0|00|08|00|00|00|07
1771334545.829,unsolicited,0,0,0,C0|00|08|00|00|00|07
1771334550.168,solicited,0,,0,
1771334550.201,unsolicited,0,0,0,C0|00|08|00|00|00|07
1771334550.404,unsolicited,0,0,0,C0|00|08|00|00|00|07
1771334550.472,unsolicited,0,0,0,C0|00|08|00|00|00|07
1771334550.473,unsolicited,0,0,0,C0|00|08|00|00|00|07
1771334550.506,unsolicited,0,0,0,C0|00|08|00|00|00|07
1771334550.506,unsolicited,0,0,0,C0|00|08|00|00|00|07
1771334550.506,unsolicited,0,0,0,C0|00|08|00|00|00|07
1771334551.810,unsolicited,0,0,0,C0|00|08|00|00|00|07
1771334552.443,unsolicited,0,0,0,C0|00|08|00|00|00|07
1771334552.475,unsolicited,0,0,0,C0|00|08|00|00|00|07
1771334552.475,solicited,0,,0,
1771334552.575,unsolicited,0,0,0,C0|00|08|00|00|00|07
1771334552.576,unsolicited,0,0,0,C0|00|08|00|00|00|07
1771334552.811,unsolicited,0,0,0,C0|00|08|00|00|00|07
1771334554.998,solicited,0,,0,
1771334555.265,unsolicited,0,0,0,C0|00|08|00|00|00|07
1771334556.036,solicited,0,,0,
1771334558.085,unsolicited,0,0,0,C0|00|08|00|00|00|07
1771334558.085,unsolicited,0,0,0,C0|00|08|00|00|00|07
1771334558.118,unsolicited,0,0,0,C0|00|08|00|00|00|07
1771334558.119,unsolicited,0,0,0,C0|00|08|00|00|00|07
1771334558.119,solicited,0,,0,
1771334559.424,unsolicited,0,0,0,C0|00|08|00|00|00|07
1771334559.458,unsolicited,0,0,0,C0|00|08|00|00|00|07
1771334560.632,solicited,0,,0,
1771334562.682,unsolicited,0,0,0,C0|00|08|00|00|00|07
1771334562.683,unsolicited,0,0,0,C0|00|08|00|00|00|07
1771334562.750,solicited,0,,0,
1771334566.008,solicited,0,,0,
1771334566.008,unsolicited,0,0,0,C0|00|08|00|00|00|07
1771334566.513,unsolicited,0,0,0,C0|00|08|00|00|00|07
1771334566.514,solicited,0,,0,
1771334567.627,solicited,0,,0,
1771334567.694,unsolicited,0,0,0,C0|00|08|00|00|00|07
1771334569.367,solicited,0,,0,
1771334569.367,unsolicited,0,0,0,C0|00|08|00|00|00|07
1771334569.737,unsolicited,0,0,0,C0|00|08|00|00|00|07
1771334570.374,solicited,0,,0,
1771334570.474,unsolicited,0,0,0,C0|00|08|00|00|00|07
1771334570.609,unsolicited,0,0,0,C0|00|08|00|00|00|07
1771334571.279,solicited,0,,0,
1771334573.063,solicited,0,,0,
1771334574.670,unsolicited,0,0,0,C0|00|08|00|00|00|07
1771334574.670,unsolicited,0,0,0,C0|00|08|00|00|00|07
1771334574.704,unsolicited,0,0,0,C0|00|08|00|00|00|07
1771334574.704,solicited,0,,0,
1771334577.685,unsolicited,0,0,0,C0|00|08|00|00|00|07
1771334577.685,solicited,0,,0,
1771334577.986,unsolicited,0,0,0,C0|00|08|00|00|00|07
1771334578.088,unsolicited,0,0,0,C0|00|08|00|00|00|07
1771334578.088,unsolicited,0,0,0,C0|00|08|00|00|00|07
1771334578.120,unsolicited,0,0,0,C0|00|08|00|00|00|07
1771334578.221,solicited,0,,0,
1771334578.288,unsolicited,0,0,0,C0|00|08|00|00|00|07
1771334581.318,unsolicited,0,0,0,C0|00|08|00|00|00|07
1771334581.319,unsolicited,0,0,0,C0|00|08|00|00|00|07
1771334581.585,unsolicited,0,0,0,C0|00|08|00|00|00|07
1771334581.786,unsolicited,0,0,0,C0|00|08|00|00|00|07
1771334583.571,solicited,0,,0,
1771334585.386,unsolicited,0,0,0,C0|00|08|03|00|00|0A
1771334585.386,solicited,0,,0,
1771334585.419,unsolicited,0,0,0,C0|00|08|03|00|00|0A
1771334586.662,solicited,0,,0,
1771334586.729,unsolicited,0,0,0,C0|00|08|03|00|00|0A
1771334587.501,unsolicited,0,0,0,C0|00|08|03|00|00|0A
1771334587.535,unsolicited,0,0,0,C0|00|08|03|00|00|0A
1771334587.535,solicited,0,,0,
1771334587.568,unsolicited,0,0,0,C0|00|08|03|00|00|0A
1771334587.569,unsolicited,0,0,0,C0|00|08|03|00|00|0A
1771334587.569,unsolicited,0,0,0,C0|00|08|03|00|00|0A
1771334587.838,unsolicited,0,0,0,C0|00|08|03|00|00|0A
1771334587.872,unsolicited,0,0,0,C0|00|08|03|00|00|0A
1771334587.872,unsolicited,0,0,0,C0|00|08|03|00|00|0A
1771334588.308,solicited,0,,0,
1771334588.308,unsolicited,0,0,0,C0|00|08|03|00|00|0A
1771334588.341,unsolicited,0,0,0,C0|00|08|03|00|00|0A
1771334588.342,unsolicited,0,0,0,C0|00|08|03|00|00|0A
1771334588.881,solicited,0,,0,
1771334588.882,unsolicited,0,0,0,C0|00|08|03|00|00|0A
1771334589.719,solicited,0,,0,
1771334589.752,unsolicited,0,0,0,C0|00|08|01|00|00|08
1771334590.386,unsolicited,0,0,0,C0|00|08|00|00|00|07
1771334590.387,unsolicited,0,0,0,C0|00|08|00|00|00|07
1771334590.387,unsolicited,0,0,0,C0|00|08|00|00|00|07
1771334590.420,solicited,0,,0,
1771334590.420,unsolicited,0,0,0,C0|00|08|00|00|00|07
1771334590.453,unsolicited,0,0,0,C0|00|08|00|00|00|07
1771334590.454,unsolicited,0,0,0,C0|00|08|00|00|00|07
1771334590.487,unsolicited,0,0,0,C0|00|08|00|00|00|07
1771334590.955,solicited,0,,0,
1771334591.933,unsolicited,0,0,0,C0|00|08|00|00|00|07
1771334591.933,solicited,0,,0,
1771334594.045,unsolicited,0,0,0,C0|00|08|00|00|00|07
1771334594.079,solicited,0,,0,
1771334594.416,unsolicited,0,0,0,C0|00|08|00|00|00|07
1771334595.724,solicited,0,,0,
1771334595.758,unsolicited,0,0,0,C0|00|09|FB|00|00|03
1771334595.792,unsolicited,0,0,0,C0|00|09|FB|00|00|03
1771334597.405,unsolicited,0,0,0,C0|00|09|FB|00|00|03
1771334597.675,unsolicited,0,0,0,C0|00|09|FB|00|00|03
1771334597.977,unsolicited,0,0,0,C0|00|09|FB|00|00|03
1771334598.010,unsolicited,0,0,0,C0|00|09|FB|00|00|03
1771334598.010,solicited,0,,0,
1771334598.011,unsolicited,0,0,0,C0|00|09|FB|00|00|03
1771334598.043,unsolicited,0,0,0,C0|00|09|FB|00|00|03
1771334598.044,unsolicited,0,0,0,C0|00|09|FB|00|00|03
1771334598.682,solicited,0,,0,
1771334600.329,unsolicited,0,0,0,C0|00|08|00|00|00|07
1771334600.362,solicited,0,,0,
1771334600.362,unsolicited,0,0,0,C0|00|08|00|00|00|07
1771334601.232,unsolicited,0,0,0,C0|00|08|00|00|00|07
1771334601.232,unsolicited,0,0,0,C0|00|08|00|00|00|07
1771334601.265,solicited,0,,0,
1771334601.265,unsolicited,0,0,0,C0|00|08|00|00|00|07
1771334601.266,unsolicited,0,0,0,C0|00|08|00|00|00|07
1771334601.298,unsolicited,0,0,0,C0|00|08|00|00|00|07
1771334601.936,solicited,0,,0,
1771334602.003,unsolicited,0,0,0,C0|00|08|00|00|00|07
1771334602.038,unsolicited,0,0,0,C0|00|08|00|00|00|07
1771334602.170,unsolicited,0,0,0,C0|00|08|00|00|00|07
1771334602.272,unsolicited,0,0,0,C0|00|08|00|00|00|07
1771334602.474,unsolicited,0,0,0,C0|00|08|00|00|00|07
1771334606.130,unsolicited,0,0,0,C0|00|08|00|00|00|07
1771334606.130,unsolicited,0,0,0,C0|00|08|00|00|00|07
1771334606.163,solicited,0,,0,
1771334606.198,unsolicited,0,0,0,C0|00|08|00|00|00|07
1771334606.767,unsolicited,0,0,0,C0|00|08|00|00|00|07
1771334606.768,solicited,0,,0,
1771334606.768,unsolicited,0,0,0,C0|00|08|00|00|00|07
1771334606.800,unsolicited,0,0,0,C0|00|08|00|00|00|07
1771334607.907,solicited,0,,0,
1771334607.975,unsolicited,0,0,0,C0|00|08|00|00|00|07
1771334608.043,unsolicited,0,0,0,C0|00|08|00|00|00|07
1771334608.043,unsolicited,0,0,0,C0|00|08|00|00|00|07
1771334608.075,unsolicited,0,0,0,C0|00|08|00|00|00|07
1771334608.678,solicited,0,,0,
1771334608.713,unsolicited,0,0,0,C0|00|08|00|00|00|07
1771334608.948,unsolicited,0,0,0,C0|00|08|00|00|00|07
1771334609.083,unsolicited,0,0,0,C0|00|08|00|00|00|07
1771334609.083,unsolicited,0,0,0,C0|00|08|00|00|00|07
1771334609.116,unsolicited,0,0,0,C0|00|08|00|00|00|07
1771334609.117,unsolicited,0,0,0,C0|00|08|00|00|00|07
1771334609.117,unsolicited,0,0,0,C0|00|08|00|00|00|07
1771334609.150,unsolicited,0,0,0,C0|00|08|00|00|00|07
1771334609.151,unsolicited,0,0,0,C0|00|08|00|00|00|07
1771334610.692,unsolicited,0,0,0,C0|00|08|00|00|00|07
1771334610.724,unsolicited,0,0,0,C0|00|08|00|00|00|07
1771334610.725,unsolicited,0,0,0,C0|00|08|00|00|00|07
1771334610.759,solicited,0,,0,
1771334610.759,unsolicited,0,0,0,C0|00|08|00|00|00|07
1771334610.760,unsolicited,0,0,0,C0|00|08|00|00|00|07
1771334611.494,unsolicited,0,0,0,C0|00|08|00|00|00|07
1771334611.495,unsolicited,0,0,0,C0|00|08|00|00|00|07
1771334611.528,solicited,0,,0,
1771334611.595,unsolicited,0,0,0,C0|00|08|00|00|00|07
1771334611.629,unsolicited,0,0,0,C0|00|08|00|00|00|07
1771334612.198,unsolicited,0,0,0,C0|00|08|00|00|00|07
1771334612.264,solicited,0,,0,
1771334612.332,unsolicited,0,0,0,C0|00|08|00|00|00|07
1771334612.332,unsolicited,0,0,0,C0|00|08|00|00|00|07
1771334612.332,unsolicited,0,0,0,C0|00|08|00|00|00|07
1771334612.365,unsolicited,0,0,0,C0|00|08|00|00|00|07
1771334613.272,unsolicited,0,0,0,C0|00|08|00|00|00|07
1771334613.305,unsolicited,0,0,0,C0|00|08|00|00|00|07
1771334613.305,solicited,0,,0,
1771334613.742,unsolicited,0,0,0,C0|00|08|00|00|00|07
1771334614.346,unsolicited,0,0,0,C0|00|08|00|00|00|07
1771334614.379,solicited,0,,0,
1771334614.379,unsolicited,0,0,0,C0|00|08|00|00|00|07
1771334614.679,unsolicited,0,0,0,C0|00|08|00|00|00|07
1771334615.348,solicited,0,,0,
1771334616.185,solicited,0,,0,
1771334617.361,unsolicited,0,0,0,C0|00|08|00|00|00|07
1771334617.393,solicited,0,,0,
1771334617.761,unsolicited,0,0,0,C0|00|08|00|00|00|07
1771334619.572,solicited,0,,0,
1771334619.573,unsolicited,0,0,0,C0|00|08|00|00|00|07
1771334619.907,unsolicited,0,0,0,C0|00|08|00|00|00|07
1771334620.609,solicited,0,,0,
1771334622.689,unsolicited,0,0,0,C8|00|08|07|00|00|16
1771334622.721,solicited,0,,0,
1771334622.821,unsolicited,0,0,0,C8|00|08|07|00|00|16
1771334622.822,unsolicited,0,0,0,C8|00|08|07|00|00|16
1771334623.059,unsolicited,512,8,0,C8|08|08|06|00|00|1D
1771334623.831,solicited,1379,,512,
1771334623.999,unsolicited,512,8,1379,C8|08|08|00|00|00|17
1771334624.032,unsolicited,512,8,1379,C8|08|08|00|00|00|17
1771334625.542,solicited,1328,,512,
1771334626.077,unsolicited,512,8,1328,C0|08|08|00|00|00|0F
1771334626.111,unsolicited,512,8,1328,C0|08|08|00|00|00|0F
1771334626.144,solicited,1300,,512,
1771334627.488,unsolicited,512,8,1300,C0|08|08|00|00|00|0F
1771334627.488,unsolicited,512,8,1300,C0|08|08|00|00|00|0F
1771334627.522,solicited,1283,,512,
1771334628.091,unsolicited,512,8,1283,C0|08|08|00|00|00|0F
1771334628.092,unsolicited,512,8,1283,C0|08|08|00|00|00|0F
1771334628.124,solicited,1271,,512,
1771334628.356,unsolicited,512,8,1271,C0|08|08|00|00|00|0F
1771334628.424,unsolicited,512,8,1271,C0|08|08|00|00|00|0F
1771334628.424,unsolicited,512,8,1271,C0|08|08|00|00|00|0F
1771334628.457,unsolicited,512,8,1271,C0|08|08|00|00|00|0F
1771334629.872,unsolicited,512,8,1271,C0|08|08|00|00|00|0F
1771334629.872,unsolicited,512,8,1271,C0|08|08|00|00|00|0F
1771334629.904,solicited,1307,,512,
1771334630.711,solicited,1286,,512,
1771334631.350,unsolicited,512,8,1286,C0|08|08|00|00|00|0F
1771334631.416,solicited,1322,,512,
1771334631.483,unsolicited,512,8,1322,C0|08|08|00|00|00|0F
1771334632.123,solicited,1285,,512,
1771334632.857,solicited,1276,,512,
1771334634.234,unsolicited,512,8,1276,C0|08|08|00|00|00|0F
1771334634.267,solicited,1290,,512,
1771334634.268,unsolicited,512,8,1290,C0|08|08|00|00|00|0F
1771334634.268,unsolicited,512,8,1290,C0|08|08|00|00|00|0F
1771334634.301,unsolicited,512,8,1290,C0|08|08|00|00|00|0F
1771334636.048,solicited,1303,,512,
1771334636.350,unsolicited,512,8,1303,C0|08|08|00|00|00|0F
1771334636.954,unsolicited,512,8,1303,C0|08|08|00|00|00|0F
1771334636.987,unsolicited,512,8,1303,C0|08|08|00|00|00|0F
1771334636.987,solicited,1300,,512,
1771334637.086,unsolicited,512,8,1300,C0|08|08|00|00|00|0F
1771334637.119,unsolicited,512,8,1300,C0|08|08|00|00|00|0F
1771334637.152,unsolicited,512,8,1300,C0|08|08|00|00|00|0F
1771334639.331,solicited,1296,,512,
1771334639.700,unsolicited,512,8,1296,C0|08|08|00|00|00|0F
1771334639.733,unsolicited,512,8,1296,C0|08|08|00|00|00|0F
1771334640.539,solicited,1300,,512,
1771334640.605,unsolicited,512,8,1300,C0|08|08|00|00|00|0F
1771334640.606,unsolicited,512,8,1300,C0|08|08|00|00|00|0F
1771334640.775,unsolicited,512,8,1300,C0|08|08|00|00|00|0F
1771334640.775,unsolicited,512,8,1300,C0|08|08|00|00|00|0F
1771334641.044,unsolicited,512,8,1300,C0|08|08|00|00|00|0F
1771334641.680,solicited,1300,,512,
1771334641.680,unsolicited,512,8,1300,C0|08|08|00|00|00|0F
1771334642.285,unsolicited,512,8,1300,C0|08|08|00|00|00|0F
1771334642.285,unsolicited,512,8,1300,C0|08|08|00|00|00|0F
1771334642.317,solicited,1304,,512,
1771334642.487,unsolicited,512,8,1304,C0|08|08|00|00|00|0F
1771334642.789,unsolicited,512,8,1304,C0|08|08|00|00|00|0F
1771334642.789,unsolicited,512,8,1304,C0|08|08|00|00|00|0F
1771334642.822,solicited,1303,,512,
1771334642.889,unsolicited,512,8,1303,C0|08|08|00|00|00|0F
1771334642.923,unsolicited,512,8,1303,C0|08|08|00|00|00|0F
1771334643.393,unsolicited,512,8,1303,C0|08|08|00|00|00|0F
1771334643.393,solicited,1301,,512,
1771334643.427,unsolicited,512,8,1301,C0|08|08|00|00|00|0F
1771334643.427,unsolicited,512,8,1301,C0|08|08|00|00|00|0F
1771334644.736,solicited,1299,,512,
1771334645.407,unsolicited,512,8,1299,C0|08|08|00|00|00|0F
1771334645.440,solicited,1307,,512,
1771334647.685,solicited,1303,,512,
1771334648.020,unsolicited,512,8,1303,C0|08|08|00|00|00|0F
1771334648.252,unsolicited,512,8,1303,C0|08|08|00|00|00|0F
1771334648.253,solicited,1302,,512,
1771334648.518,unsolicited,512,8,1302,C0|08|08|00|00|00|0F
1771334648.551,unsolicited,512,8,1302,C0|08|08|00|00|00|0F
1771334651.439,unsolicited,0,0,1302,C0|00|08|00|00|00|07
1771334651.472,unsolicited,0,0,1302,C0|00|08|00|00|00|07
1771334651.472,solicited,118,,0,
1771334651.873,unsolicited,0,0,118,C0|00|08|00|00|00|07
1771334652.006,unsolicited,0,0,118,C0|00|08|00|00|00|07
1771334652.007,unsolicited,0,0,118,C0|00|08|00|00|00|07
1771334652.007,solicited,114,,0,
1771334652.944,unsolicited,0,0,114,C0|00|08|00|00|00|07
1771334653.817,solicited,0,,0,
1771334653.851,unsolicited,0,0,0,C0|00|08|00|00|00|07
1771334654.086,unsolicited,0,0,0,C0|00|08|00|00|00|07
1771334654.120,unsolicited,0,0,0,C0|00|08|00|00|00|07
1771334654.153,unsolicited,0,0,0,C0|00|08|00|00|00|07
1771334654.153,unsolicited,0,0,0,C0|00|08|00|00|00|07
1771334655.896,solicited,0,,0,
1771334656.164,unsolicited,0,0,0,C0|00|08|00|00|00|07
1771334656.772,unsolicited,0,0,0,C0|00|08|00|00|00|07
1771334656.805,unsolicited,0,0,0,C0|00|08|00|00|00|07
1771334656.805,solicited,0,,0,
1771334658.788,unsolicited,0,0,0,C0|00|08|00|00|00|07
1771334659.055,unsolicited,0,0,0,C0|00|08|00|00|00|07
1771334659.324,unsolicited,0,0,0,C0|00|08|00|00|00|07
1771334659.357,solicited,0,,0,
1771334661.573,solicited,0,,0,
1771334661.945,unsolicited,0,0,0,C0|00|08|00|00|00|07
1771334663.290,solicited,0,,0,
1771334663.424,unsolicited,0,0,0,C0|00|08|00|00|00|07
1771334663.556,unsolicited,0,0,0,C0|00|08|00|00|00|07
1771334664.600,solicited,0,,0,
1771334664.634,unsolicited,0,0,0,C0|00|08|00|00|00|07
1771334665.303,unsolicited,0,0,0,C0|00|08|00|00|00|07
1771334665.304,unsolicited,0,0,0,C0|00|08|00|00|00|07
1771334667.310,solicited,0,,0,
1771334669.863,solicited,0,,0,
1771334670.334,unsolicited,0,0,0,C0|00|08|00|00|00|07
1771334670.367,solicited,0,,0,
1771334670.434,unsolicited,0,0,0,C0|00|08|00|00|00|07
1771334675.631,solicited,0,,0,
1771334675.632,unsolicited,0,0,0,C0|00|08|00|00|00|07
1771334675.632,unsolicited,0,0,0,C0|00|08|00|00|00|07
1771334676.507,solicited,0,,0,
1771334676.540,unsolicited,0,0,0,C0|00|08|00|00|00|07
1771334678.251,solicited,0,,0,
1771334678.319,unsolicited,0,0,0,C0|00|08|00|00|00|07
1771334678.319,unsolicited,0,0,0,C0|00|08|00|00|00|07
1771334678.556,unsolicited,0,0,0,C0|00|08|00|00|00|07
1771334680.326,solicited,0,,0,
1771334680.393,unsolicited,0,0,0,C0|00|08|00|00|00|07
1771334680.627,unsolicited,0,0,0,C0|00|08|00|00|00|07
1771334683.684,unsolicited,0,0,0,C0|00|08|00|00|00|07
1771334683.718,unsolicited,0,0,0,C0|00|08|00|00|00|07
1771334683.719,solicited,0,,0,
1771334686.033,unsolicited,0,0,0,C0|00|08|00|00|00|07
1771334686.067,solicited,0,,0,
1771334686.672,unsolicited,0,0,0,C0|00|08|00|00|00|07
1771334686.706,solicited,0,,0,
1771334686.740,unsolicited,0,0,0,C0|00|08|00|00|00|07
1771334686.809,unsolicited,0,0,0,C0|00|08|00|00|00|07
1771334686.975,unsolicited,0,0,0,C0|00|08|00|00|00|07
1771334686.975,unsolicited,0,0,0,C0|00|08|00|00|00|07
1771334687.948,solicited,0,,0,
1771334688.918,unsolicited,0,0,0,C0|00|08|00|00|00|07
1771334688.951,solicited,0,,0,
1771334689.788,solicited,0,,0,
1771334690.221,unsolicited,0,0,0,C0|00|08|00|00|00|07
1771334690.254,unsolicited,0,0,0,C0|00|08|00|00|00|07
1771334690.287,unsolicited,0,0,0,C0|00|08|00|00|00|07
1771334690.488,unsolicited,0,0,0,C0|00|08|00|00|00|07
1771334690.555,unsolicited,0,0,0,C0|00|08|00|00|00|07
1771334690.555,unsolicited,0,0,0,C0|00|08|00|00|00|07
1771334691.862,solicited,0,,0,
1771334691.862,unsolicited,0,0,0,C0|00|08|00|00|00|07
1771334691.863,unsolicited,0,0,0,C0|00|08|00|00|00|07
1771334692.100,unsolicited,0,0,0,C0|00|08|00|00|00|07
1771334692.168,unsolicited,0,0,0,C0|00|08|00|00|00|07
1771334692.202,unsolicited,0,0,0,C0|00|08|00|00|00|07
1771334692.235,unsolicited,0,0,0,C0|00|08|00|00|00|07
1771334692.236,unsolicited,0,0,0,C0|00|08|00|00|00|07
1771334692.236,unsolicited,0,0,0,C0|00|08|00|00|00|07
1771334693.277,solicited,0,,0,
1771334693.310,unsolicited,0,0,0,C0|00|08|00|00|00|07
1771334693.378,unsolicited,0,0,0,C0|00|08|00|00|00|07
1771334693.379,unsolicited,0,0,0,C0|00|08|00|00|00|07
1771334695.157,solicited,0,,0,
1771334696.498,unsolicited,0,0,0,C0|00|08|00|00|00|07
1771334696.533,solicited,0,,0,
1771334697.171,unsolicited,0,0,0,C0|00|08|00|00|00|07
1771334697.203,solicited,0,,0,
1771334697.504,unsolicited,0,0,0,C0|00|08|00|00|00|07
1771334697.540,unsolicited,0,0,0,C0|00|08|00|00|00|07
1771334697.540,unsolicited,0,0,0,C0|00|08|00|00|00|07
1771334697.574,unsolicited,0,0,0,C0|00|08|00|00|00|07
1771334697.574,unsolicited,0,0,0,C0|00|08|00|00|00|07
1771334699.155,unsolicited,0,0,0,C0|00|08|00|00|00|07
1771334699.190,unsolicited,0,0,0,C0|00|08|00|00|00|07
1771334699.190,solicited,0,,0,
1771334699.828,unsolicited,0,0,0,C0|00|08|00|00|00|07
1771334699.861,solicited,0,,0,
1771334700.165,unsolicited,0,0,0,C0|00|08|00|00|00|07
1771334700.166,unsolicited,0,0,0,C0|00|08|00|00|00|07
1771334700.198,unsolicited,0,0,0,C0|00|08|00|00|00|07
1771334700.198,unsolicited,0,0,0,C0|00|08|00|00|00|07
1771334700.265,unsolicited,0,0,0,C0|00|08|00|00|00|07
1771334701.503,solicited,0,,0,
1771334702.309,unsolicited,0,0,0,C0|00|08|00|00|00|07
1771334702.309,unsolicited,0,0,0,C0|00|08|00|00|00|07
1771334702.341,unsolicited,0,0,0,C0|00|08|00|00|00|07
1771334702.341,solicited,0,,0,
1771334702.409,unsolicited,0,0,0,C0|00|08|00|00|00|07
1771334702.442,unsolicited,0,0,0,C0|00|08|00|00|00|07
1771334703.286,unsolicited,0,0,0,C0|00|08|00|00|00|07
1771334703.320,solicited,0,,0,
1771334708.213,solicited,0,,0,
1771334709.451,unsolicited,0,0,0,C0|00|08|00|00|00|07
1771334711.501,solicited,0,,0,
1771334711.835,unsolicited,0,0,0,C0|00|08|00|00|00|07
1771334711.868,unsolicited,0,0,0,C0|00|08|00|00|00|07
1771334712.504,solicited,0,,0,
1771334713.173,unsolicited,0,0,0,C0|00|08|00|00|00|07
1771334713.173,solicited,0,,0,
1771334713.842,solicited,0,,0,
1771334714.112,unsolicited,0,0,0,C0|00|08|00|00|00|07
1771334714.145,unsolicited,0,0,0,C0|00|08|00|00|00|07
1771334714.177,unsolicited,0,0,0,C0|00|08|00|00|00|07
1771334716.094,solicited,0,,0,
1771334716.730,solicited,0,,0,
1771334717.669,unsolicited,0,0,0,C0|00|08|00|00|00|07
1771334717.670,unsolicited,0,0,0,C0|00|08|00|00|00|07
1771334717.670,unsolicited,0,0,0,C0|00|08|00|00|00|07
1771334717.703,unsolicited,0,0,0,C0|00|08|00|00|00|07
1771334717.704,unsolicited,0,0,0,C0|00|08|00|00|00|07
1771334717.971,unsolicited,0,0,0,C0|00|08|00|00|00|07
1771334718.006,solicited,0,,0,
1771334720.731,unsolicited,0,0,0,C0|00|08|00|00|00|07
1771334720.731,unsolicited,0,0,0,C0|00|08|00|00|00|07
1771334720.731,unsolicited,0,0,0,C0|00|08|00|00|00|07
1771334720.764,solicited,0,,0,
1771334721.304,unsolicited,0,0,0,C0|00|08|00|00|00|07
1771334721.304,unsolicited,0,0,0,C0|00|08|00|00|00|07
1771334721.305,unsolicited,0,0,0,C0|00|08|00|00|00|07
1771334721.338,solicited,0,,0,
1771334722.340,solicited,0,,0,
1771334723.143,solicited,0,,0,
1771334723.211,unsolicited,0,0,0,C0|00|08|00|00|00|07
1771334723.211,unsolicited,0,0,0,C0|00|08|00|00|00|07
1771334723.211,unsolicited,0,0,0,C0|00|08|00|00|00|07
1771334723.516,unsolicited,0,0,0,C0|00|08|00|00|00|07
1771334725.833,unsolicited,0,0,0,C0|00|08|00|00|00|07
1771334725.900,solicited,0,,0,
1771334725.900,unsolicited,0,0,0,C0|00|08|00|00|00|07
1771334725.933,unsolicited,0,0,0,C0|00|08|00|00|00|07
1771334726.603,unsolicited,0,0,0,C0|00|08|00|00|00|07
1771334726.638,solicited,0,,0,
1771334727.141,unsolicited,0,0,0,C0|00|08|00|00|00|07
1771334727.413,unsolicited,0,0,0,C0|00|08|00|00|00|07
1771334729.027,unsolicited,0,0,0,C0|00|08|00|00|00|07
1771334729.027,unsolicited,0,0,0,C0|00|08|00|00|00|07
1771334729.028,unsolicited,0,0,0,C0|00|08|00|00|00|07
1771334729.060,solicited,0,,0,
1771334729.060,unsolicited,0,0,0,C0|00|08|00|00|00|07
1771334729.060,unsolicited,0,0,0,C0|00|08|00|00|00|07
1771334729.865,unsolicited,0,0,0,C0|00|08|00|00|00|07
1771334729.900,solicited,0,,0,
1771334729.933,unsolicited,0,0,0,C0|00|08|00|00|00|07
1771334730.370,unsolicited,0,0,0,C0|00|08|00|00|00|07
1771334730.404,solicited,0,,0,
1771334730.404,unsolicited,0,0,0,C0|00|08|00|00|00|07
1771334730.739,unsolicited,0,0,0,C0|00|08|00|00|00|07
1771334730.772,unsolicited,0,0,0,C0|00|08|00|00|00|07
1771334731.243,unsolicited,0,0,0,C0|00|08|00|00|00|07
1771334731.243,solicited,0,,0,
1771334731.277,unsolicited,0,0,0,C0|00|08|00|00|00|07
1771334731.511,unsolicited,0,0,0,C0|00|08|00|00|00|07
1771334731.511,unsolicited,0,0,0,C0|00|08|00|00|00|07
1771334733.392,solicited,0,,0,
1771334733.765,unsolicited,0,0,0,C0|00|08|00|00|00|07
1771334736.570,unsolicited,0,0,0,C0|00|08|00|00|00|07
1771334736.570,unsolicited,0,0,0,C0|00|08|00|00|00|07
1771334736.810,unsolicited,0,0,0,C0|00|08|00|00|00|07
1771334736.843,unsolicited,0,0,0,C0|00|08|00|00|00|07
1771334736.944,unsolicited,0,0,0,C0|00|08|00|00|00|07
1771334737.178,unsolicited,0,0,0,C0|00|08|00|00|00|07
1771334737.179,unsolicited,0,0,0,C0|00|08|00|00|00|07
1771334737.212,unsolicited,0,0,0,C0|00|08|00|00|00|07
1771334738.690,solicited,0,,0,
1771334738.691,unsolicited,0,0,0,C0|00|08|00|00|00|07
1771334738.725,unsolicited,0,0,0,C0|00|08|00|00|00|07
1771334738.961,unsolicited,0,0,0,C0|00|08|00|00|00|07
1771334739.566,unsolicited,0,0,0,C0|00|08|00|00|00|07
1771334739.868,unsolicited,0,0,0,C0|00|08|00|00|00|07
1771334739.869,unsolicited,0,0,0,C0|00|08|00|00|00|07
1771334739.902,unsolicited,0,0,0,C0|00|08|00|00|00|07
1771334741.048,unsolicited,0,0,0,C0|00|08|00|00|00|07
1771334741.048,unsolicited,0,0,0,C0|00|08|00|00|00|07
1771334741.081,solicited,0,,0,
1771334741.081,unsolicited,0,0,0,C0|00|08|00|00|00|07
1771334741.082,unsolicited,0,0,0,C0|00|08|00|00|00|07
1771334741.114,unsolicited,0,0,0,C0|00|08|00|00|00|07
1771334741.652,unsolicited,0,0,0,C0|00|08|00|00|00|07
1771334741.686,unsolicited,0,0,0,C0|00|08|00|00|00|07
1771334741.686,solicited,0,,0,
1771334741.720,unsolicited,0,0,0,C0|00|08|00|00|00|07
1771334744.534,unsolicited,0,0,0,C0|00|08|00|00|00|07
1771334744.801,unsolicited,0,0,0,C0|00|08|00|00|00|07
1771334744.869,unsolicited,0,0,0,C0|00|08|00|00|00|07
1771334744.902,solicited,0,,0,
1771334744.969,unsolicited,0,0,0,C0|00|08|00|00|00|07
1771334744.970,unsolicited,0,0,0,C0|00|08|00|00|00|07
1771334744.970,unsolicited,0,0,0,C0|00|08|00|00|00|07
1771334746.219,unsolicited,0,0,0,C0|00|08|00|00|00|07
1771334746.253,solicited,0,,0,
1771334746.287,unsolicited,0,0,0,C0|00|08|00|00|00|07
1771334746.387,unsolicited,0,0,0,C0|00|08|00|00|00|07
1771334746.420,unsolicited,0,0,0,C0|00|08|00|00|00|07
1771334746.421,unsolicited,0,0,0,C0|00|08|00|00|00|07
1771334746.453,unsolicited,0,0,0,C0|00|08|00|00|00|07
1771334746.453,unsolicited,0,0,0,C0|00|08|00|00|00|07
1771334747.323,solicited,0,,0,
1771334748.030,unsolicited,0,0,0,C0|00|08|00|00|00|07
1771334748.030,unsolicited,0,0,0,C0|00|08|00|00|00|07
1771334748.063,solicited,0,,0,
1771334748.063,unsolicited,0,0,0,C0|00|08|00|00|00|07
1771334748.063,unsolicited,0,0,0,C0|00|08|00|00|00|07
1771334749.636,solicited,0,,0,
1771334750.477,solicited,0,,0,
1771334750.511,unsolicited,0,0,0,C0|00|08|00|00|00|07
1771334750.677,unsolicited,0,0,0,C0|00|08|00|00|00|07
1771334751.551,unsolicited,0,0,0,C0|00|08|00|00|00|07
1771334751.787,unsolicited,0,0,0,C0|00|08|00|00|00|07
1771334751.788,unsolicited,0,0,0,C0|00|08|00|00|00|07
1771334753.032,unsolicited,0,0,0,C0|00|08|00|00|00|07
1771334753.032,unsolicited,0,0,0,C0|00|08|00|00|00|07
1771334754.845,unsolicited,0,0,0,C0|00|08|00|00|00|07
1771334754.913,solicited,0,,0,
1771334755.451,unsolicited,0,0,0,C0|00|08|00|00|00|07
1771334755.451,unsolicited,0,0,0,C0|00|08|00|00|00|07
1771334755.451,solicited,0,,0,
1771334755.519,unsolicited,0,0,0,C0|00|08|00|00|00|07
1771334756.828,unsolicited,0,0,0,C0|00|08|00|00|00|07
1771334756.861,solicited,0,,0,
1771334756.895,unsolicited,0,0,0,C0|00|08|00|00|00|07
1771334757.500,unsolicited,0,0,0,C0|00|08|00|00|00|07
1771334757.500,unsolicited,0,0,0,C0|00|08|00|00|00|07
1771334757.533,solicited,0,,0,
1771334757.533,unsolicited,0,0,0,C0|00|08|00|00|00|07
1771334757.566,unsolicited,0,0,0,C0|00|08|00|00|00|07
1771334757.871,unsolicited,0,0,0,C0|00|08|00|00|00|07
1771334757.871,unsolicited,0,0,0,C0|00|08|00|00|00|07
1771334757.904,unsolicited,0,0,0,C0|00|08|00|00|00|07
1771334757.904,unsolicited,0,0,0,C0|00|08|00|00|00|07
1771334757.905,unsolicited,0,0,0,C0|00|08|00|00|00|07
1771334758.577,solicited,0,,0,
1771334758.677,unsolicited,0,0,0,C0|00|08|00|00|00|07
1771334758.677,unsolicited,0,0,0,C0|00|08|00|00|00|07
1771334758.710,unsolicited,0,0,0,C0|00|08|00|00|00|07
1771334758.711,unsolicited,0,0,0,C0|00|08|00|00|00|07
1771334758.743,unsolicited,0,0,0,C0|00|08|00|00|00|07
1771334763.373,solicited,0,,0,
1771334763.475,unsolicited,0,0,0,C0|00|08|00|00|00|07
1771334763.475,unsolicited,0,0,0,C0|00|08|00|00|00|07
1771334763.712,unsolicited,0,0,0,C0|00|08|00|00|00|07
1771334764.348,solicited,0,,0,
1771334764.516,unsolicited,0,0,0,C0|00|08|00|00|00|07
1771334764.517,unsolicited,0,0,0,C0|00|08|00|00|00|07
1771334764.550,unsolicited,0,0,0,C0|00|08|00|00|00|07
1771334765.624,solicited,0,,0,
1771334765.624,unsolicited,0,0,0,C0|00|08|00|00|00|07
1771334766.936,solicited,0,,0,
1771334766.970,unsolicited,0,0,0,C0|00|08|00|00|00|07
1771334766.970,unsolicited,0,0,0,C0|00|08|00|00|00|07
1771334767.440,unsolicited,0,0,0,C0|00|08|00|00|00|07
1771334767.473,unsolicited,0,0,0,C0|00|08|00|00|00|07
1771334767.473,solicited,0,,0,
1771334767.506,unsolicited,0,0,0,C0|00|08|00|00|00|07
1771334768.045,unsolicited,0,0,0,C0|00|08|00|00|00|07
1771334768.045,unsolicited,0,0,0,C0|00|08|00|00|00|07
1771334768.045,solicited,0,,0,
1771334768.078,unsolicited,0,0,0,C0|00|08|00|00|00|07
1771334768.819,unsolicited,0,0,0,C0|00|08|00|00|00|07
1771334768.853,solicited,0,,0,
1771334769.590,solicited,0,,0,
1771334770.433,unsolicited,0,0,0,C0|00|08|00|00|00|07
1771334770.467,unsolicited,0,0,0,C0|00|08|00|00|00|07
1771334770.467,solicited,0,,0,
1771334771.434,unsolicited,0,0,0,C0|00|08|00|00|00|07
1771334771.470,unsolicited,0,0,0,C0|00|08|00|00|00|07
1771334771.470,solicited,0,,0,
1771334772.043,unsolicited,0,0,0,C0|00|08|00|00|00|07
1771334772.076,solicited,0,,0,
1771334772.851,unsolicited,0,0,0,C0|00|08|00|00|00|07
1771334772.851,unsolicited,0,0,0,C0|00|08|00|00|00|07
1771334773.087,unsolicited,0,0,0,C0|00|08|00|00|00|07
1771334773.088,unsolicited,0,0,0,C0|00|08|00|00|00|07
1771334773.722,solicited,0,,0,
1771334775.333,solicited,0,,0,
1771334775.568,unsolicited,0,0,0,C0|00|08|00|00|00|07
1771334775.601,unsolicited,0,0,0,C0|00|08|00|00|00|07
1771334776.437,unsolicited,0,0,0,C0|00|08|00|00|00|07
1771334776.470,solicited,0,,0,
1771334777.414,unsolicited,0,0,0,C0|00|08|00|00|00|07
1771334777.446,solicited,0,,0,
1771334777.513,unsolicited,0,0,0,C0|00|08|00|00|00|07
1771334777.784,unsolicited,0,0,0,C0|00|08|00|00|00|07
1771334779.806,unsolicited,0,0,0,C0|00|08|00|00|00|07
1771334779.839,solicited,0,,0,
1771334779.874,unsolicited,0,0,0,C0|00|08|00|00|00|07
1771334780.076,unsolicited,0,0,0,C0|00|08|00|00|00|07
1771334780.110,unsolicited,0,0,0,C0|00|08|00|00|00|07
1771334780.177,unsolicited,0,0,0,C0|00|08|00|00|00|07
1771334780.378,solicited,0,,0,
1771334780.412,unsolicited,0,0,0,C0|00|08|00|00|00|07
1771334780.444,unsolicited,0,0,0,C0|00|08|00|00|00|07
1771334780.444,unsolicited,0,0,0,C0|00|08|00|00|00|07
1771334780.445,unsolicited,0,0,0,C0|00|08|00|00|00|07
1771334780.477,unsolicited,0,0,0,C0|00|08|00|00|00|07
1771334780.478,unsolicited,0,0,0,C0|00|08|00|00|00|07
1771334783.363,solicited,0,,0,
1771334783.598,unsolicited,0,0,0,C0|00|08|00|00|00|07
1771334783.631,unsolicited,0,0,0,C0|00|08|00|00|00|07
1771334783.697,unsolicited,0,0,0,C0|00|08|00|00|00|07
1771334783.764,unsolicited,0,0,0,C0|00|08|00|00|00|07
1771334783.831,unsolicited,0,0,0,C0|00|08|00|00|00|07
1771334783.831,unsolicited,0,0,0,C0|00|08|00|00|00|07
1771334783.864,solicited,0,,0,
1771334786.255,solicited,0,,0,
1771334786.625,unsolicited,0,0,0,C0|00|08|00|00|00|07
1771334787.803,solicited,0,,0,
1771334787.970,unsolicited,0,0,0,C0|00|08|00|00|00|07
1771334788.679,unsolicited,0,0,0,C0|00|08|00|00|00|07
1771334788.679,solicited,0,,0,
1771334789.754,solicited,0,,0,
1771334789.755,unsolicited,0,0,0,C0|00|08|00|00|00|07
1771334789.789,unsolicited,0,0,0,C0|00|08|00|00|00|07
1771334791.335,unsolicited,0,0,0,C0|00|08|00|00|00|07
1771334791.370,solicited,0,,0,
1771334791.438,unsolicited,0,0,0,C0|00|08|00|00|00|07
1771334791.674,unsolicited,0,0,0,C0|00|08|00|00|00|07
1771334793.556,unsolicited,0,0,0,C0|00|08|00|00|00|07
1771334794.058,unsolicited,0,0,0,C0|00|08|00|00|00|07
1771334794.092,unsolicited,0,0,0,C0|00|08|00|00|00|07
1771334794.293,unsolicited,0,0,0,C0|00|08|00|00|00|07
1771334796.948,unsolicited,0,0,0,C0|00|08|00|00|00|07
1771334797.515,solicited,0,,0,
1771334798.156,unsolicited,0,0,0,C8|00|08|07|00|00|16
1771334798.190,solicited,0,,0,
1771334798.257,unsolicited,0,0,0,C8|00|08|07|00|00|16
1771334798.291,unsolicited,0,0,0,C8|00|08|07|00|00|16
1771334798.325,unsolicited,0,0,0,C8|00|08|07|00|00|16
1771334798.325,unsolicited,0,0,0,C8|00|08|07|00|00|16
1771334798.325,unsolicited,0,0,0,C8|00|08|07|00|00|16
1771334798.357,unsolicited,0,0,0,C8|00|08|07|00|00|16
1771334798.358,unsolicited,0,0,0,C8|00|08|07|00|00|16
1771334798.391,unsolicited,0,0,0,C8|00|08|07|00|00|16
1771334798.424,unsolicited,0,0,0,C8|00|08|07|00|00|16
1771334799.997,solicited,1259,,0,
1771334800.468,unsolicited,512,8,1259,C8|08|08|00|00|00|17
1771334800.468,unsolicited,512,8,1259,C8|08|08|00|00|00|17
1771334800.500,solicited,1285,,512,
1771334801.071,solicited,1327,,512,
1771334801.071,unsolicited,512,8,1327,C8|08|08|00|00|00|17
1771334801.104,unsolicited,512,8,1327,C8|08|08|00|00|00|17
1771334801.138,unsolicited,512,8,1327,C8|08|08|00|00|00|17
1771334801.139,unsolicited,512,8,1327,C8|08|08|00|00|00|17
1771334801.172,unsolicited,512,8,1327,C8|08|08|00|00|00|17
1771334801.172,unsolicited,512,8,1327,C8|08|08|00|00|00|17
1771334801.274,unsolicited,512,8,1327,C8|08|08|00|00|00|17
1771334801.307,unsolicited,512,8,1327,C8|08|08|00|00|00|17
1771334801.308,unsolicited,512,8,1327,C8|08|08|00|00|00|17
1771334801.341,unsolicited,512,8,1327,C8|08|08|00|00|00|17
1771334801.375,unsolicited,512,8,1327,C0|08|08|00|00|00|0F
1771334801.376,unsolicited,512,8,1327,C0|08|08|00|00|00|0F
1771334801.376,unsolicited,512,8,1327,C0|08|08|00|00|00|0F
1771334801.409,unsolicited,512,8,1327,C0|08|08|00|00|00|0F
1771334801.410,unsolicited,512,8,1327,C0|08|08|00|00|00|0F
1771334801.410,unsolicited,512,8,1327,C0|08|08|00|00|00|0F
1771334801.443,unsolicited,512,8,1327,C0|08|08|00|00|00|0F
1771334803.028,solicited,1296,,512,
1771334803.096,unsolicited,512,8,1296,C0|08|08|00|00|00|0F
1771334803.129,unsolicited,512,8,1296,C0|08|08|00|00|00|0F
1771334803.733,unsolicited,512,8,1296,C0|08|08|00|00|00|0F
1771334803.733,solicited,1303,,512,
1771334803.934,unsolicited,512,8,1303,C0|08|08|00|00|00|0F
1771334803.965,unsolicited,512,8,1303,C0|08|08|00|00|00|0F
1771334803.966,unsolicited,512,8,1303,C0|08|08|00|00|00|0F
1771334803.966,unsolicited,512,8,1303,C0|08|08|00|00|00|0F
1771334804.066,unsolicited,512,8,1303,C0|08|08|00|00|00|0F
1771334804.101,unsolicited,512,8,1303,C0|08|08|00|00|00|0F
1771334804.102,unsolicited,512,8,1303,C0|08|08|00|00|00|0F
1771334804.235,unsolicited,512,8,1303,C0|08|08|00|00|00|0F
1771334804.269,solicited,1298,,512,
1771334804.405,unsolicited,512,8,1298,C0|08|08|00|00|00|0F
1771334804.437,unsolicited,512,8,1298,C0|08|08|00|00|00|0F
1771334804.504,unsolicited,512,8,1298,C0|08|08|00|00|00|0F
1771334807.086,unsolicited,512,8,1298,C0|08|08|00|00|00|0F
1771334807.890,unsolicited,512,8,1298,C0|08|08|00|00|00|0F
1771334809.068,unsolicited,512,8,1298,C0|08|08|00|00|00|0F
1771334811.521,solicited,1304,,512,
1771334811.553,unsolicited,512,8,1304,C0|08|08|00|00|00|0F
1771334811.888,unsolicited,512,8,1304,C0|08|08|00|00|00|0F
1771334813.159,unsolicited,512,8,1304,C0|08|08|00|00|00|0F
1771334813.160,unsolicited,512,8,1304,C0|08|08|00|00|00|0F
1771334813.193,solicited,1298,,512,
1771334813.363,unsolicited,512,8,1298,C0|08|08|00|00|00|0F
1771334813.530,unsolicited,512,8,1298,C0|08|08|00|00|00|0F
1771334813.898,unsolicited,512,8,1298,C0|08|08|00|00|00|0F
1771334813.931,solicited,1304,,512,
1771334816.016,solicited,1300,,512,
1771334816.017,unsolicited,512,8,1300,C0|08|08|00|00|00|0F
1771334816.051,unsolicited,512,8,1300,C0|08|08|00|00|00|0F
1771334816.924,solicited,1308,,512,
1771334817.058,unsolicited,512,8,1308,C0|08|08|00|00|00|0F
1771334819.478,solicited,1299,,512,
1771334819.478,unsolicited,512,8,1299,C0|08|08|00|00|00|0F
1771334820.820,solicited,1299,,512,
1771334821.524,unsolicited,512,8,1299,C0|08|08|00|00|00|0F
1771334821.557,solicited,1302,,512,
1771334821.559,unsolicited,512,8,1302,C0|08|08|00|00|00|0F
1771334824.200,solicited,0,,512,
1771334824.233,unsolicited,0,0,0,C0|00|08|00|00|00|07
1771334824.234,unsolicited,0,0,0,C0|00|08|00|00|00|07
1771334825.807,unsolicited,0,0,0,C0|00|08|00|00|00|07
1771334825.840,solicited,0,,0,
1771334825.873,unsolicited,0,0,0,C0|00|08|00|00|00|07
1771334825.874,unsolicited,0,0,0,C0|00|08|00|00|00|07
1771334830.043,unsolicited,0,0,0,C0|00|08|00|00|00|07
1771334830.043,unsolicited,0,0,0,C0|00|08|00|00|00|07
1771334830.277,unsolicited,0,0,0,C0|00|08|00|00|00|07
1771334830.278,unsolicited,0,0,0,C0|00|08|00|00|00|07
1771334830.510,unsolicited,0,0,0,C0|00|08|00|00|00|07
1771334830.611,unsolicited,0,0,0,C0|00|08|00|00|00|07
1771334830.645,unsolicited,0,0,0,C0|00|08|00|00|00|07
1771334830.678,solicited,0,,0,
1771334832.258,solicited,0,,0,
1771334832.563,unsolicited,0,0,0,C0|00|08|00|00|00|07
1771334833.064,unsolicited,0,0,0,C0|00|08|00|00|00|07
1771334833.097,solicited,0,,0,
1771334833.131,unsolicited,0,0,0,C0|00|08|00|00|00|07
1771334833.703,unsolicited,0,0,0,C0|00|08|00|00|00|07
1771334833.738,unsolicited,0,0,0,C0|00|08|00|00|00|07
1771334833.738,unsolicited,0,0,0,C0|00|08|00|00|00|07
1771334833.738,solicited,0,,0,
1771334833.872,unsolicited,0,0,0,C0|00|08|00|00|00|07
1771334833.906,unsolicited,0,0,0,C0|00|08|00|00|00|07
1771334834.948,solicited,0,,0,
1771334835.651,unsolicited,0,0,0,C0|00|08|00|00|00|07
1771334835.651,unsolicited,0,0,0,C0|00|08|00|00|00|07
1771334835.684,solicited,0,,0,
1771334835.684,unsolicited,0,0,0,C0|00|08|00|00|00|07
1771334835.685,unsolicited,0,0,0,C0|00|08|00|00|00|07
1771334835.718,unsolicited,0,0,0,C0|00|08|00|00|00|07
1771334835.853,unsolicited,0,0,0,C0|00|08|00|00|00|07
1771334835.853,unsolicited,0,0,0,C0|00|08|00|00|00|07
1771334835.887,unsolicited,0,0,0,C0|00|08|00|00|00|07
1771334835.887,unsolicited,0,0,0,C0|00|08|00|00|00|07
1771334835.887,unsolicited,0,0,0,C0|00|08|00|00|00|07
1771334837.067,solicited,0,,0,
1771334837.838,unsolicited,0,0,0,C0|00|08|00|00|00|07
1771334837.839,unsolicited,0,0,0,C0|00|08|00|00|00|07
1771334837.839,solicited,0,,0,
1771334837.873,unsolicited,0,0,0,C0|00|08|00|00|00|07
1771334837.873,unsolicited,0,0,0,C0|00|08|00|00|00|07
