timestamp,source,rpm_value,raw_byte,other_source_rpm,raw_frame
1771327673.719,unsolicited,0,0,,C0|00|08|00|00|00|07
1771327673.822,unsolicited,0,0,,C0|00|08|00|00|00|07
1771327673.825,unsolicited,0,0,,C0|00|08|00|00|00|07
1771327674.056,unsolicited,0,0,,C0|00|08|00|00|00|07
1771327674.225,unsolicited,0,0,,C0|00|08|00|00|00|07
1771327674.225,unsolicited,0,0,,C0|00|08|00|00|00|07
1771327674.226,unsolicited,0,0,,C0|00|08|00|00|00|07
1771327674.325,unsolicited,0,0,,C0|00|08|00|00|00|07
1771327674.391,unsolicited,0,0,,C0|00|08|00|00|00|07
1771327674.457,unsolicited,0,0,,C0|00|08|00|00|00|07
1771327674.658,unsolicited,0,0,,C0|00|08|00|00|00|07
1771327674.693,unsolicited,0,0,,C0|00|08|00|00|00|07
1771327674.725,unsolicited,0,0,,C0|00|08|00|00|00|07
1771327675.027,unsolicited,0,0,,C0|00|08|00|00|00|07
1771327675.161,unsolicited,0,0,,C0|00|08|00|00|00|07
1771327675.196,unsolicited,0,0,,C0|00|08|00|00|00|07
1771327675.196,unsolicited,0,0,,C0|00|08|00|00|00|07
1771327675.297,unsolicited,0,0,,C0|00|08|00|00|00|07
1771327675.299,unsolicited,0,0,,C0|00|08|00|00|00|07
1771327675.430,unsolicited,0,0,,C0|00|08|00|00|00|07
1771327675.497,unsolicited,0,0,,C0|00|08|00|00|00|07
1771327675.499,unsolicited,0,0,,C0|00|08|00|00|00|07
1771327675.566,unsolicited,0,0,,C0|00|08|00|00|00|07
1771327675.735,unsolicited,0,0,,C0|00|08|00|00|00|07
1771327675.768,unsolicited,0,0,,C0|00|08|00|00|00|07
1771327675.801,unsolicited,0,0,,C0|00|08|00|00|00|07
1771327675.836,unsolicited,0,0,,C0|00|08|00|00|00|07
1771327675.869,unsolicited,0,0,,C0|00|08|00|00|00|07
1771327675.903,unsolicited,0,0,,C0|00|08|00|00|00|07
1771327675.904,unsolicited,0,0,,C0|00|08|00|00|00|07
1771327675.971,unsolicited,0,0,,C0|00|08|00|00|00|07
1771327676.141,unsolicited,0,0,,C0|00|08|00|00|00|07
1771327676.175,unsolicited,0,0,,C0|00|08|00|00|00|07
1771327676.208,unsolicited,0,0,,C0|00|08|00|00|00|07
1771327676.241,unsolicited,0,0,,C0|00|08|00|00|00|07
1771327676.408,unsolicited,0,0,,C0|00|08|00|00|00|07
1771327676.442,unsolicited,0,0,,C0|00|08|00|00|00|07
1771327676.578,unsolicited,0,0,,C0|00|08|00|00|00|07
1771327676.645,unsolicited,0,0,,C0|00|08|00|00|00|07
1771327676.678,unsolicited,0,0,,C0|00|08|00|00|00|07
1771327676.712,unsolicited,0,0,,C0|00|08|00|00|00|07
1771327676.745,unsolicited,0,0,,C0|00|08|00|00|00|07
1771327676.813,unsolicited,0,0,,C0|00|08|00|00|00|07
1771327676.816,unsolicited,0,0,,C0|00|08|00|00|00|07
1771327676.880,unsolicited,0,0,,C0|00|08|00|00|00|07
1771327676.948,unsolicited,0,0,,C0|00|08|00|00|00|07
1771327677.150,unsolicited,0,0,,C0|00|08|00|00|00|07
1771327677.183,unsolicited,0,0,,C0|00|08|00|00|00|07
1771327677.184,unsolicited,0,0,,C0|00|08|00|00|00|07
1771327677.250,unsolicited,0,0,,C0|00|08|00|00|00|07
1771327677.318,unsolicited,0,0,,C0|00|08|00|00|00|07
1771327677.351,unsolicited,0,0,,C0|00|08|00|00|00|07
1771327677.418,unsolicited,0,0,,C0|00|08|00|00|00|07
1771327677.451,unsolicited,0,0,,C0|00|08|00|00|00|07
1771327677.585,unsolicited,0,0,,C0|00|08|00|00|00|07
1771327677.618,unsolicited,0,0,,C0|00|08|00|00|00|07
1771327677.652,unsolicited,0,0,,C0|00|08|00|00|00|07
1771327677.686,unsolicited,0,0,,C0|00|08|00|00|00|07
1771327677.784,unsolicited,0,0,,C0|00|08|00|00|00|07
1771327678.085,unsolicited,0,0,,C0|00|08|00|00|00|07
1771327678.185,unsolicited,0,0,,C0|00|08|00|00|00|07
1771327678.386,unsolicited,0,0,,C0|00|08|00|00|00|07
1771327678.420,unsolicited,0,0,,C0|00|08|00|00|00|07
1771327678.453,unsolicited,0,0,,C0|00|08|00|00|00|07
1771327678.485,unsolicited,0,0,,C0|00|08|00|00|00|07
1771327678.520,unsolicited,0,0,,C0|00|08|00|00|00|07
1771327678.555,unsolicited,0,0,,C0|00|08|00|00|00|07
1771327678.589,unsolicited,0,0,,C0|00|08|00|00|00|07
1771327678.688,unsolicited,0,0,,C0|00|08|00|00|00|07
1771327678.689,unsolicited,0,0,,C0|00|08|00|00|00|07
1771327678.756,unsolicited,0,0,,C0|00|08|00|00|00|07
1771327678.789,unsolicited,0,0,,C0|00|08|00|00|00|07
1771327678.956,unsolicited,0,0,,C0|00|08|00|00|00|07
1771327679.057,unsolicited,0,0,,C0|00|08|00|00|00|07
1771327679.193,unsolicited,0,0,,C0|00|08|00|00|00|07
1771327679.194,unsolicited,0,0,,C0|00|08|00|00|00|07
1771327679.226,unsolicited,0,0,,C0|00|08|00|00|00|07
1771327679.293,unsolicited,0,0,,C0|00|08|00|00|00|07
1771327679.359,unsolicited,0,0,,C0|00|08|00|00|00|07
1771327679.493,unsolicited,0,0,,C0|00|08|00|00|00|07
1771327679.493,unsolicited,0,0,,C0|00|08|00|00|00|07
1771327679.627,unsolicited,0,0,,C0|00|08|00|00|00|07
1771327679.762,unsolicited,0,0,,C0|00|08|00|00|00|07
1771327679.897,unsolicited,0,0,,C0|00|08|00|00|00|07
1771327679.898,unsolicited,0,0,,C0|00|08|00|00|00|07
1771327679.965,unsolicited,0,0,,C0|00|08|00|00|00|07
1771327679.968,unsolicited,0,0,,C0|00|08|00|00|00|07
1771327680.032,unsolicited,0,0,,C0|00|08|00|00|00|07
1771327680.100,unsolicited,0,0,,C0|00|08|00|00|00|07
1771327680.101,unsolicited,0,0,,C0|00|08|00|00|00|07
1771327680.168,unsolicited,0,0,,C0|00|08|00|00|00|07
1771327680.234,unsolicited,0,0,,C0|00|08|00|00|00|07
1771327680.404,unsolicited,0,0,,C0|00|08|00|00|00|07
1771327680.471,unsolicited,0,0,,C0|00|08|00|00|00|07
1771327680.539,unsolicited,0,0,,C0|00|08|00|00|00|07
1771327680.571,unsolicited,0,0,,C0|00|08|00|00|00|07
1771327680.605,unsolicited,0,0,,C0|00|08|00|00|00|07
1771327680.674,unsolicited,0,0,,C0|00|08|00|00|00|07
1771327680.708,unsolicited,0,0,,C0|00|08|00|00|00|07
1771327680.845,unsolicited,0,0,,C0|00|08|00|00|00|07
1771327681.011,unsolicited,0,0,,C0|00|08|00|00|00|07
1771327681.013,unsolicited,0,0,,C0|00|08|00|00|00|07
1771327681.045,unsolicited,0,0,,C0|00|08|00|00|00|07
1771327681.211,unsolicited,0,0,,C0|00|08|00|00|00|07
1771327681.244,unsolicited,0,0,,C0|00|08|00|00|00|07
1771327681.313,unsolicited,0,0,,C0|00|08|00|00|00|07
1771327681.347,unsolicited,0,0,,C0|00|08|00|00|00|07
1771327681.381,unsolicited,0,0,,C0|00|08|00|00|00|07
1771327681.514,unsolicited,0,0,,C0|00|08|00|00|00|07
1771327681.514,unsolicited,0,0,,C0|00|08|00|00|00|07
1771327681.515,unsolicited,0,0,,C0|00|08|00|00|00|07
1771327681.547,unsolicited,0,0,,C0|00|08|00|00|00|07
1771327681.682,unsolicited,0,0,,C0|00|08|00|00|00|07
1771327681.783,unsolicited,0,0,,C0|00|08|00|00|00|07
1771327681.849,unsolicited,0,0,,C0|00|08|00|00|00|07
1771327681.850,unsolicited,0,0,,C0|00|08|00|00|00|07
1771327681.882,unsolicited,0,0,,C0|00|08|00|00|00|07
1771327681.949,unsolicited,0,0,,C0|00|08|00|00|00|07
1771327682.016,unsolicited,0,0,,C0|00|08|00|00|00|07
1771327682.050,unsolicited,0,0,,C0|00|08|00|00|00|07
1771327682.220,unsolicited,0,0,,C0|00|08|00|00|00|07
1771327682.355,unsolicited,0,0,,C0|00|08|00|00|00|07
1771327682.424,unsolicited,0,0,,C0|00|08|00|00|00|07
1771327682.525,unsolicited,0,0,,C0|00|08|00|00|00|07
1771327682.729,unsolicited,0,0,,C0|00|08|00|00|00|07
1771327682.730,unsolicited,0,0,,C0|00|08|00|00|00|07
1771327682.797,unsolicited,0,0,,C0|00|08|00|00|00|07
1771327682.831,unsolicited,0,0,,C0|00|08|00|00|00|07
1771327682.864,unsolicited,0,0,,C0|00|08|00|00|00|07
1771327682.898,unsolicited,0,0,,C0|00|08|00|00|00|07
1771327682.965,unsolicited,0,0,,C0|00|08|00|00|00|07
1771327683.099,unsolicited,0,0,,C0|00|08|00|00|00|07
1771327683.135,unsolicited,0,0,,C0|00|08|00|00|00|07
1771327683.135,unsolicited,0,0,,C0|00|08|00|00|00|07
1771327683.201,unsolicited,0,0,,C0|00|08|00|00|00|07
1771327683.236,unsolicited,0,0,,C0|00|08|00|00|00|07
1771327683.270,unsolicited,0,0,,C0|00|08|00|00|00|07
1771327683.270,unsolicited,0,0,,C0|00|08|00|00|00|07
1771327683.306,unsolicited,0,0,,C0|00|08|00|00|00|07
1771327683.338,unsolicited,0,0,,C0|00|08|00|00|00|07
1771327683.406,unsolicited,0,0,,C0|00|08|00|00|00|07
1771327683.440,unsolicited,0,0,,C0|00|08|00|00|00|07
1771327683.441,unsolicited,0,0,,C0|00|08|00|00|00|07
1771327683.541,unsolicited,0,0,,C0|00|08|00|00|00|07
1771327683.608,unsolicited,0,0,,C0|00|08|00|00|00|07
1771327683.610,unsolicited,0,0,,C0|00|08|00|00|00|07
1771327683.642,unsolicited,0,0,,C0|00|08|00|00|00|07
1771327683.709,unsolicited,0,0,,C0|00|08|00|00|00|07
1771327683.709,unsolicited,0,0,,C0|00|08|00|00|00|07
1771327684.209,unsolicited,0,0,,C0|00|08|00|00|00|07
1771327684.209,unsolicited,0,0,,C0|00|08|00|00|00|07
1771327684.241,unsolicited,0,0,,C0|00|08|00|00|00|07
1771327684.242,unsolicited,0,0,,C0|00|08|00|00|00|07
1771327684.309,unsolicited,0,0,,C0|00|08|00|00|00|07
1771327684.376,unsolicited,0,0,,C0|00|08|00|00|00|07
1771327684.444,unsolicited,0,0,,C0|00|08|00|00|00|07
1771327684.479,unsolicited,0,0,,C0|00|08|00|00|00|07
1771327684.513,unsolicited,0,0,,C0|00|08|00|00|00|07
1771327684.579,unsolicited,0,0,,C0|00|08|00|00|00|07
1771327684.647,unsolicited,0,0,,C0|00|08|00|00|00|07
1771327684.713,unsolicited,0,0,,C0|00|08|00|00|00|07
1771327684.714,unsolicited,0,0,,C0|00|08|00|00|00|07
1771327684.745,unsolicited,0,0,,C0|00|08|00|00|00|07
1771327684.747,unsolicited,0,0,,C0|00|08|00|00|00|07
1771327684.780,unsolicited,0,0,,C0|00|08|00|00|00|07
1771327684.881,unsolicited,0,0,,C0|00|08|00|00|00|07
1771327684.984,unsolicited,0,0,,C0|00|08|00|00|00|07
1771327685.017,unsolicited,0,0,,C0|00|08|00|00|00|07
1771327685.050,unsolicited,0,0,,C0|00|08|00|00|00|07
1771327685.218,unsolicited,0,0,,C0|00|08|00|00|00|07
1771327685.220,unsolicited,0,0,,C0|00|08|00|00|00|07
1771327685.287,unsolicited,0,0,,C0|00|08|00|00|00|07
1771327685.288,unsolicited,0,0,,C0|00|08|00|00|00|07
1771327685.354,unsolicited,0,0,,C0|00|08|00|00|00|07
1771327685.387,unsolicited,0,0,,C0|00|08|00|00|00|07
1771327685.554,unsolicited,0,0,,C0|00|08|00|00|00|07
1771327685.623,unsolicited,0,0,,C0|00|08|00|00|00|07
1771327685.623,unsolicited,0,0,,C0|00|08|00|00|00|07
1771327685.657,unsolicited,0,0,,C0|00|08|00|00|00|07
1771327685.725,unsolicited,0,0,,C0|00|08|00|00|00|07
1771327685.758,unsolicited,0,0,,C0|00|08|00|00|00|07
1771327685.793,unsolicited,0,0,,C0|00|08|00|00|00|07
1771327685.858,unsolicited,0,0,,C0|00|08|00|00|00|07
1771327685.958,unsolicited,0,0,,C0|00|08|00|00|00|07
1771327686.026,unsolicited,0,0,,C0|00|08|00|00|00|07
1771327686.058,unsolicited,0,0,,C0|00|08|00|00|00|07
1771327686.125,unsolicited,0,0,,C0|00|08|00|00|00|07
1771327686.194,unsolicited,0,0,,C0|00|08|00|00|00|07
1771327686.196,unsolicited,0,0,,C0|00|08|00|00|00|07
1771327686.328,unsolicited,0,0,,C0|00|08|00|00|00|07
1771327686.530,unsolicited,0,0,,C0|00|08|00|00|00|07
1771327686.630,unsolicited,0,0,,C0|00|08|00|00|00|07
1771327686.664,unsolicited,0,0,,C0|00|08|00|00|00|07
1771327686.697,unsolicited,0,0,,C0|00|08|00|00|00|07
1771327686.732,unsolicited,0,0,,C0|00|08|00|00|00|07
1771327686.766,unsolicited,0,0,,C0|00|08|00|00|00|07
1771327686.867,unsolicited,0,0,,C0|00|08|00|00|00|07
1771327686.901,unsolicited,0,0,,C0|00|08|00|00|00|07
1771327686.935,unsolicited,0,0,,C0|00|08|00|00|00|07
1771327687.103,unsolicited,0,0,,C0|00|08|00|00|00|07
1771327687.137,unsolicited,0,0,,C0|00|08|00|00|00|07
1771327687.173,unsolicited,0,0,,C0|00|08|00|00|00|07
1771327687.204,unsolicited,0,0,,C0|00|08|00|00|00|07
1771327687.272,unsolicited,0,0,,C0|00|08|00|00|00|07
1771327687.306,unsolicited,0,0,,C0|00|08|00|00|00|07
1771327687.375,unsolicited,0,0,,C0|00|08|00|00|00|07
1771327687.408,unsolicited,0,0,,C0|00|08|00|00|00|07
1771327687.509,unsolicited,0,0,,C0|00|08|00|00|00|07
1771327687.510,unsolicited,0,0,,C0|00|08|00|00|00|07
1771327687.543,unsolicited,0,0,,C0|00|08|00|00|00|07
1771327687.643,unsolicited,0,0,,C0|00|08|00|00|00|07
1771327687.644,unsolicited,0,0,,C0|00|08|00|00|00|07
1771327687.712,unsolicited,0,0,,C0|00|08|00|00|00|07
1771327687.745,unsolicited,0,0,,C0|00|08|00|00|00|07
1771327687.780,unsolicited,0,0,,C0|00|08|00|00|00|07
1771327687.814,unsolicited,0,0,,C0|00|08|00|00|00|07
1771327687.846,unsolicited,0,0,,C0|00|08|00|00|00|07
1771327687.947,unsolicited,0,0,,C0|00|08|00|00|00|07
1771327687.948,unsolicited,0,0,,C0|00|08|00|00|00|07
1771327687.981,unsolicited,0,0,,C0|00|08|00|00|00|07
1771327688.047,unsolicited,0,0,,C0|00|08|00|00|00|07
1771327688.081,unsolicited,0,0,,C0|00|08|00|00|00|07
1771327688.115,unsolicited,0,0,,C0|00|08|00|00|00|07
1771327688.181,unsolicited,0,0,,C0|00|08|00|00|00|07
1771327688.216,unsolicited,0,0,,C0|00|08|00|00|00|07
1771327688.384,unsolicited,0,0,,C0|00|08|00|00|00|07
1771327688.519,unsolicited,0,0,,C0|00|08|00|00|00|07
1771327688.620,unsolicited,0,0,,C0|00|08|00|00|00|07
1771327688.687,unsolicited,0,0,,C0|00|08|00|00|00|07
1771327688.787,unsolicited,0,0,,C0|00|08|00|00|00|07
1771327688.788,unsolicited,0,0,,C0|00|08|00|00|00|07
1771327688.855,unsolicited,0,0,,C0|00|08|00|00|00|07
1771327688.923,unsolicited,0,0,,C0|00|08|00|00|00|07
1771327688.923,unsolicited,0,0,,C0|00|08|00|00|00|07
1771327688.989,unsolicited,0,0,,C0|00|08|00|00|00|07
1771327689.023,unsolicited,0,0,,C0|00|08|00|00|00|07
1771327689.057,unsolicited,0,0,,C0|00|08|00|00|00|07
1771327689.091,unsolicited,0,0,,C0|00|08|00|00|00|07
1771327689.125,unsolicited,0,0,,C0|00|08|00|00|00|07
1771327689.192,unsolicited,0,0,,C0|00|08|00|00|00|07
1771327689.326,unsolicited,0,0,,C0|00|08|00|00|00|07
1771327689.359,unsolicited,0,0,,C0|00|08|00|00|00|07
1771327689.564,unsolicited,0,0,,C0|00|08|00|00|00|07
1771327689.597,unsolicited,0,0,,C0|00|08|00|00|00|07
1771327689.696,unsolicited,0,0,,C0|00|08|00|00|00|07
1771327689.729,unsolicited,0,0,,C0|00|08|00|00|00|07
1771327689.763,unsolicited,0,0,,C0|00|08|00|00|00|07
1771327689.862,unsolicited,0,0,,C0|00|08|00|00|00|07
1771327689.864,unsolicited,0,0,,C0|00|08|00|00|00|07
1771327689.932,unsolicited,0,0,,C0|00|08|00|00|00|07
1771327689.964,unsolicited,0,0,,C0|00|08|00|00|00|07
1771327690.032,unsolicited,0,0,,C0|00|08|00|00|00|07
1771327690.134,unsolicited,0,0,,C0|00|08|00|00|00|07
1771327690.165,unsolicited,0,0,,C0|00|08|00|00|00|07
1771327690.200,unsolicited,0,0,,C0|00|08|00|00|00|07
1771327690.234,unsolicited,0,0,,C0|00|08|00|00|00|07
1771327690.267,unsolicited,0,0,,C0|00|08|00|00|00|07
1771327690.468,unsolicited,0,0,,C0|00|08|00|00|00|07
1771327690.502,unsolicited,0,0,,C0|00|08|00|00|00|07
1771327690.536,unsolicited,0,0,,C0|00|08|00|00|00|07
1771327690.536,unsolicited,0,0,,C0|00|08|00|00|00|07
1771327690.569,unsolicited,0,0,,C0|00|08|00|00|00|07
1771327690.602,unsolicited,0,0,,C0|00|08|00|00|00|07
1771327690.635,unsolicited,0,0,,C0|00|08|00|00|00|07
1771327690.901,unsolicited,0,0,,C0|00|08|00|00|00|07
1771327690.967,unsolicited,0,0,,C0|00|08|00|00|00|07
1771327691.002,unsolicited,0,0,,C0|00|08|00|00|00|07
1771327691.103,unsolicited,0,0,,C0|00|08|00|00|00|07
1771327691.137,unsolicited,0,0,,C0|00|08|00|00|00|07
1771327691.170,unsolicited,0,0,,C0|00|08|00|00|00|07
1771327691.271,unsolicited,0,0,,C0|00|08|00|00|00|07
1771327691.304,unsolicited,0,0,,C0|00|08|00|00|00|07
1771327691.440,unsolicited,0,0,,C0|00|08|00|00|00|07
1771327691.541,unsolicited,0,0,,C0|00|08|00|00|00|07
1771327691.607,unsolicited,0,0,,C0|00|08|00|00|00|07
1771327691.641,unsolicited,0,0,,C0|00|08|00|00|00|07
1771327691.676,unsolicited,0,0,,C0|00|08|00|00|00|07
1771327691.676,unsolicited,0,0,,C0|00|08|00|00|00|07
1771327691.709,unsolicited,0,0,,C0|00|08|00|00|00|07
1771327691.710,unsolicited,0,0,,C0|00|08|00|00|00|07
1771327691.710,unsolicited,0,0,,C0|00|08|00|00|00|07
1771327691.777,unsolicited,0,0,,C0|00|08|00|00|00|07
1771327691.812,unsolicited,0,0,,C0|00|08|00|00|00|07
1771327691.879,unsolicited,0,0,,C0|00|08|00|00|00|07
1771327691.947,unsolicited,0,0,,C0|00|08|00|00|00|07
1771327692.047,unsolicited,0,0,,C0|00|08|00|00|00|07
1771327692.148,unsolicited,0,0,,C0|00|08|00|00|00|07
1771327692.182,unsolicited,0,0,,C0|00|08|00|00|00|07
1771327692.250,unsolicited,0,0,,C0|00|08|00|00|00|07
1771327692.284,unsolicited,0,0,,C0|00|08|00|00|00|07
1771327692.285,unsolicited,0,0,,C0|00|08|00|00|00|07
1771327692.351,unsolicited,0,0,,C0|00|08|00|00|00|07
1771327692.420,unsolicited,0,0,,C0|00|08|00|00|00|07
1771327692.556,unsolicited,0,0,,C0|00|08|00|00|00|07
1771327692.589,unsolicited,0,0,,C0|00|08|00|00|00|07
1771327692.657,unsolicited,0,0,,C0|00|08|00|00|00|07
1771327692.691,unsolicited,0,0,,C0|00|08|00|00|00|07
1771327692.724,unsolicited,0,0,,C0|00|08|00|00|00|07
1771327692.758,unsolicited,0,0,,C0|00|08|00|00|00|07
1771327692.827,unsolicited,0,0,,C0|00|08|00|00|00|07
1771327692.893,unsolicited,0,0,,C0|00|08|00|00|00|07
1771327692.927,unsolicited,0,0,,C0|00|08|00|00|00|07
1771327692.961,unsolicited,0,0,,C0|00|08|00|00|00|07
1771327692.994,unsolicited,0,0,,C0|00|08|00|00|00|07
1771327693.027,unsolicited,0,0,,C0|00|08|00|00|00|07
1771327693.095,unsolicited,0,0,,C0|00|08|00|00|00|07
1771327693.095,unsolicited,0,0,,C0|00|08|00|00|00|07
1771327693.130,unsolicited,0,0,,C0|00|08|00|00|00|07
1771327693.165,unsolicited,0,0,,C0|00|08|00|00|00|07
1771327693.266,unsolicited,0,0,,C0|00|08|00|00|00|07
1771327693.333,unsolicited,0,0,,C0|00|08|00|00|00|07
1771327693.368,unsolicited,0,0,,C0|00|08|00|00|00|07
1771327693.569,unsolicited,0,0,,C0|00|08|00|00|00|07
1771327693.603,unsolicited,0,0,,C0|00|08|00|00|00|07
1771327693.636,unsolicited,0,0,,C0|00|08|00|00|00|07
1771327693.704,unsolicited,0,0,,C0|00|08|00|00|00|07
1771327693.737,unsolicited,0,0,,C0|00|08|00|00|00|07
1771327693.774,unsolicited,0,0,,C0|00|08|00|00|00|07
1771327693.807,unsolicited,0,0,,C0|00|08|00|00|00|07
1771327694.012,unsolicited,0,0,,C0|00|08|00|00|00|07
1771327694.080,unsolicited,0,0,,C0|00|08|00|00|00|07
1771327694.212,unsolicited,0,0,,C0|00|08|00|00|00|07
1771327694.213,unsolicited,0,0,,C0|00|08|00|00|00|07
1771327694.281,unsolicited,0,0,,C0|00|08|00|00|00|07
1771327694.381,unsolicited,0,0,,C0|00|08|00|00|00|07
1771327694.414,unsolicited,0,0,,C0|00|08|00|00|00|07
1771327694.448,unsolicited,0,0,,C0|00|08|00|00|00|07
1771327694.651,unsolicited,0,0,,C0|00|08|00|00|00|07
1771327694.684,unsolicited,0,0,,C0|00|08|00|00|00|07
1771327694.752,unsolicited,0,0,,C0|00|08|00|00|00|07
1771327694.785,unsolicited,0,0,,C0|00|08|00|00|00|07
1771327694.852,unsolicited,0,0,,C0|00|08|00|00|00|07
1771327694.886,unsolicited,0,0,,C0|00|08|00|00|00|07
1771327695.085,unsolicited,0,0,,C0|00|08|00|00|00|07
1771327695.152,unsolicited,0,0,,C0|00|08|00|00|00|07
1771327695.185,unsolicited,0,0,,C0|00|08|00|00|00|07
1771327695.252,unsolicited,0,0,,C0|00|08|00|00|00|07
1771327695.320,unsolicited,0,0,,C0|00|08|00|00|00|07
1771327695.421,unsolicited,0,0,,C0|00|08|00|00|00|07
1771327695.523,unsolicited,0,0,,C0|00|08|00|00|00|07
1771327695.556,unsolicited,0,0,,C0|00|08|00|00|00|07
1771327695.657,unsolicited,0,0,,C0|00|08|00|00|00|07
1771327695.759,unsolicited,0,0,,C0|00|08|00|00|00|07
1771327695.826,unsolicited,0,0,,C0|00|08|00|00|00|07
1771327695.859,unsolicited,0,0,,C0|00|08|00|00|00|07
1771327695.893,unsolicited,0,0,,C0|00|08|00|00|00|07
1771327695.895,unsolicited,0,0,,C0|00|08|00|00|00|07
1771327696.130,unsolicited,0,0,,C0|00|08|00|00|00|07
1771327696.163,unsolicited,0,0,,C0|00|08|00|00|00|07
1771327696.164,unsolicited,0,0,,C0|00|08|00|00|00|07
1771327696.197,unsolicited,0,0,,C0|00|08|00|00|00|07
1771327696.230,unsolicited,0,0,,C0|00|08|00|00|00|07
1771327696.264,unsolicited,0,0,,C0|00|08|00|00|00|07
1771327696.264,unsolicited,0,0,,C0|00|08|00|00|00|07
1771327696.265,unsolicited,0,0,,C0|00|08|00|00|00|07
1771327696.364,unsolicited,0,0,,C0|00|08|00|00|00|07
1771327696.365,unsolicited,0,0,,C0|00|08|00|00|00|07
1771327696.567,unsolicited,0,0,,C0|00|08|00|00|00|07
1771327696.737,unsolicited,0,0,,C0|00|08|00|00|00|07
1771327696.738,unsolicited,0,0,,C0|00|08|00|00|00|07
1771327696.739,unsolicited,0,0,,C0|00|08|00|00|00|07
1771327696.807,unsolicited,0,0,,C0|00|08|00|00|00|07
1771327696.807,unsolicited,0,0,,C0|00|08|00|00|00|07
1771327696.872,unsolicited,0,0,,C0|00|08|00|00|00|07
1771327696.940,unsolicited,0,0,,C0|00|08|00|00|00|07
1771327697.009,unsolicited,0,0,,C0|00|08|00|00|00|07
1771327697.076,unsolicited,0,0,,C0|00|08|00|00|00|07
1771327697.178,unsolicited,0,0,,C0|00|08|00|00|00|07
1771327697.213,unsolicited,0,0,,C0|00|08|00|00|00|07
1771327697.247,unsolicited,0,0,,C0|00|08|00|00|00|07
1771327697.278,unsolicited,0,0,,C0|00|08|00|00|00|07
1771327697.381,unsolicited,0,0,,C0|00|08|00|00|00|07
1771327697.648,unsolicited,0,0,,C0|00|08|00|00|00|07
1771327697.682,unsolicited,0,0,,C0|00|08|00|00|00|07
1771327697.682,unsolicited,0,0,,C8|00|08|00|00|00|0F
1771327697.715,unsolicited,0,0,,C8|00|08|01|00|00|10
1771327697.781,unsolicited,0,0,,C8|00|08|03|00|00|12
1771327697.850,unsolicited,0,0,,C8|00|08|05|00|00|14
1771327697.883,unsolicited,0,0,,C8|00|08|06|00|00|15
1771327698.021,unsolicited,0,0,,C8|00|08|07|00|00|16
1771327698.118,unsolicited,0,0,,C8|00|08|07|00|00|16
1771327698.218,unsolicited,0,0,,C8|00|08|07|00|00|16
1771327698.285,unsolicited,0,0,,C8|00|08|07|00|00|16
1771327698.285,unsolicited,0,0,,C8|00|08|07|00|00|16
1771327698.318,unsolicited,640,10,,C8|0A|08|06|00|00|1F
1771327698.351,unsolicited,640,10,,C8|0A|08|06|00|00|1F
1771327698.451,unsolicited,640,10,,C8|0A|08|05|00|00|1E
1771327698.518,unsolicited,640,10,,C8|0A|08|03|00|00|1C
1771327698.586,unsolicited,640,10,,C8|0A|08|03|00|00|1C
1771327698.622,unsolicited,640,10,,C8|0A|08|02|00|00|1B
1771327698.653,unsolicited,640,10,,C8|0A|08|02|00|00|1B
1771327698.688,unsolicited,640,10,,C8|0A|08|01|00|00|1A
1771327698.723,unsolicited,640,10,,C8|0A|08|01|00|00|1A
1771327698.789,unsolicited,640,10,,C8|0A|08|00|00|00|19
1771327698.822,unsolicited,640,10,,C8|0A|08|00|00|00|19
1771327698.825,unsolicited,640,10,,C8|0A|08|00|00|00|19
1771327698.992,unsolicited,640,10,,C8|0A|08|00|00|00|19
1771327699.024,unsolicited,640,10,,C8|0A|08|00|00|00|19
1771327699.059,unsolicited,640,10,,C8|0A|08|00|00|00|19
1771327699.060,unsolicited,640,10,,C8|0A|08|00|00|00|19
1771327699.261,unsolicited,640,10,,C8|0A|08|00|00|00|19
1771327699.293,unsolicited,640,10,,C8|0A|08|00|00|00|19
1771327699.294,unsolicited,640,10,,C8|0A|08|00|00|00|19
1771327699.364,unsolicited,640,10,,C8|0A|08|00|00|00|19
1771327699.395,unsolicited,640,10,,C8|0A|08|00|00|00|19
1771327699.428,unsolicited,640,10,,C8|0A|08|00|00|00|19
1771327699.461,unsolicited,640,10,,C8|0A|08|00|00|00|19
1771327699.495,unsolicited,640,10,,C8|0A|08|00|00|00|19
1771327699.562,unsolicited,640,10,,C8|0A|08|00|00|00|19
1771327699.597,unsolicited,640,10,,C8|0A|08|00|00|00|19
1771327699.729,unsolicited,640,10,,C8|0A|08|00|00|00|19
1771327699.867,unsolicited,640,10,,C8|0A|08|00|00|00|19
1771327699.898,unsolicited,640,10,,C8|0A|08|00|00|00|19
1771327699.999,unsolicited,640,10,,C8|0A|08|00|00|00|19
1771327700.066,unsolicited,640,10,,C8|0A|08|00|00|00|19
1771327700.099,unsolicited,640,10,,C8|0A|08|00|00|00|19
1771327700.133,unsolicited,640,10,,C8|0A|08|00|00|00|19
1771327700.234,unsolicited,640,10,,C8|0A|08|00|00|00|19
1771327700.336,unsolicited,640,10,,C8|0A|08|00|00|00|19
1771327700.604,unsolicited,640,10,,C8|0A|08|00|00|00|19
1771327700.605,unsolicited,640,10,,C8|0A|08|00|00|00|19
1771327700.705,unsolicited,640,10,,C8|0A|08|00|00|00|19
1771327700.772,unsolicited,640,10,,C8|0A|08|00|00|00|19
1771327700.806,unsolicited,640,10,,C8|0A|08|00|00|00|19
1771327700.873,unsolicited,640,10,,C8|0A|08|00|00|00|19
1771327700.973,unsolicited,640,10,,C8|0A|08|00|00|00|19
1771327701.041,unsolicited,640,10,,C8|0A|08|00|00|00|19
1771327701.107,unsolicited,640,10,,C8|0A|08|00|00|00|19
1771327701.175,unsolicited,640,10,,C8|0A|08|00|00|00|19
1771327701.177,unsolicited,640,10,,C8|0A|08|00|00|00|19
1771327701.310,unsolicited,640,10,,C0|0A|08|00|00|00|11
1771327701.410,unsolicited,640,10,,C0|0A|08|00|00|00|11
1771327701.445,unsolicited,640,10,,C0|0A|08|00|00|00|11
1771327701.479,unsolicited,640,10,,C0|0A|08|00|00|00|11
1771327701.511,unsolicited,640,10,,C0|0A|08|00|00|00|11
1771327701.514,unsolicited,640,10,,C0|0A|08|00|00|00|11
1771327701.579,unsolicited,640,10,,C0|0A|08|00|00|00|11
1771327701.713,unsolicited,640,10,,C0|0A|08|00|00|00|11
1771327701.781,unsolicited,640,10,,C0|0A|08|00|00|00|11
1771327701.883,unsolicited,640,10,,C0|0A|08|00|00|00|11
1771327701.884,unsolicited,640,10,,C0|0A|08|00|00|00|11
1771327701.916,unsolicited,640,10,,C0|0A|08|00|00|00|11
1771327701.950,unsolicited,640,10,,C0|0A|08|00|00|00|11
1771327702.049,unsolicited,640,10,,C0|0A|08|00|00|00|11
1771327702.117,unsolicited,640,10,,C0|0A|08|00|00|00|11
1771327702.217,unsolicited,640,10,,C0|0A|08|00|00|00|11
1771327702.250,unsolicited,640,10,,C0|0A|08|00|00|00|11
1771327702.251,unsolicited,640,10,,C0|0A|08|00|00|00|11
1771327702.284,unsolicited,640,10,,C0|0A|08|00|00|00|11
1771327702.317,unsolicited,640,10,,C0|0A|08|00|00|00|11
1771327702.385,unsolicited,640,10,,C0|0A|08|00|00|00|11
1771327702.453,unsolicited,640,10,,C0|0A|08|00|00|00|11
1771327702.485,unsolicited,640,10,,C0|0A|08|00|00|00|11
1771327702.486,unsolicited,640,10,,C0|0A|08|00|00|00|11
1771327702.520,unsolicited,640,10,,C0|0A|08|00|00|00|11
1771327702.551,unsolicited,640,10,,C0|0A|08|00|00|00|11
1771327702.652,unsolicited,640,10,,C0|0A|08|00|00|00|11
1771327702.753,unsolicited,640,10,,C0|0A|08|00|00|00|11
1771327702.852,unsolicited,640,10,,C0|0A|08|00|00|00|11
1771327702.885,unsolicited,640,10,,C0|0A|08|00|00|00|11
1771327702.919,unsolicited,640,10,,C0|0A|08|00|00|00|11
1771327702.988,unsolicited,640,10,,C0|0A|08|00|00|00|11
1771327703.020,unsolicited,640,10,,C0|0A|08|00|00|00|11
1771327703.055,unsolicited,640,10,,C0|0A|08|00|00|00|11
1771327703.186,unsolicited,640,10,,C0|0A|08|00|00|00|11
1771327703.220,unsolicited,640,10,,C0|0A|08|00|00|00|11
1771327703.319,unsolicited,640,10,,C0|0A|08|00|00|00|11
1771327703.353,unsolicited,640,10,,C0|0A|08|00|00|00|11
1771327703.386,unsolicited,640,10,,C0|0A|08|00|00|00|11
1771327703.455,unsolicited,640,10,,C0|0A|08|00|00|00|11
1771327703.456,unsolicited,640,10,,C0|0A|08|00|00|00|11
1771327703.491,unsolicited,640,10,,C0|0A|08|00|00|00|11
1771327703.690,unsolicited,640,10,,C0|0A|08|00|00|00|11
1771327703.794,unsolicited,640,10,,C0|0A|08|00|00|00|11
1771327703.993,unsolicited,640,10,,C0|0A|08|00|00|00|11
1771327704.063,unsolicited,640,10,,C0|0A|08|00|00|00|11
1771327704.094,unsolicited,640,10,,C0|0A|08|00|00|00|11
1771327704.128,unsolicited,640,10,,C0|0A|08|00|00|00|11
1771327704.162,unsolicited,640,10,,C0|0A|08|00|00|00|11
1771327704.299,unsolicited,640,10,,C0|0A|08|00|00|00|11
1771327704.398,unsolicited,640,10,,C0|0A|08|00|00|00|11
1771327704.501,unsolicited,640,10,,C0|0A|08|00|00|00|11
1771327704.502,unsolicited,640,10,,C0|0A|08|00|00|00|11
1771327704.569,unsolicited,640,10,,C0|0A|08|00|00|00|11
1771327704.569,unsolicited,640,10,,C0|0A|08|00|00|00|11
1771327704.669,unsolicited,640,10,,C0|0A|08|00|00|00|11
1771327704.871,unsolicited,640,10,,C0|0A|08|00|00|00|11
1771327704.937,unsolicited,640,10,,C0|0A|08|00|00|00|11
1771327704.971,unsolicited,640,10,,C0|0A|08|00|00|00|11
1771327705.003,unsolicited,640,10,,C0|0A|08|00|00|00|11
1771327705.105,unsolicited,640,10,,C0|0A|08|00|00|00|11
1771327705.138,unsolicited,640,10,,C0|0A|08|00|00|00|11
1771327705.206,unsolicited,640,10,,C0|0A|08|00|00|00|11
1771327705.275,unsolicited,640,10,,C0|0A|08|00|00|00|11
1771327705.276,unsolicited,640,10,,C0|0A|08|00|00|00|11
1771327705.308,unsolicited,640,10,,C0|0A|08|00|00|00|11
1771327705.343,unsolicited,640,10,,C0|0A|08|00|00|00|11
1771327705.376,unsolicited,640,10,,C0|0A|08|00|00|00|11
1771327705.410,unsolicited,640,10,,C0|0A|08|00|00|00|11
1771327705.410,unsolicited,640,10,,C0|0A|08|00|00|00|11
1771327705.442,unsolicited,640,10,,C0|0A|08|00|00|00|11
1771327705.510,unsolicited,640,10,,C0|0A|08|00|00|00|11
1771327705.612,unsolicited,640,10,,C0|0A|08|00|00|00|11
1771327705.645,unsolicited,640,10,,C0|0A|08|00|00|00|11
1771327705.712,unsolicited,640,10,,C0|0A|08|00|00|00|11
1771327705.812,unsolicited,640,10,,C0|0A|08|00|00|00|11
1771327705.879,unsolicited,640,10,,C0|0A|08|00|00|00|11
1771327705.945,unsolicited,640,10,,C0|0A|08|00|00|00|11
1771327705.979,unsolicited,640,10,,C0|0A|08|00|00|00|11
1771327706.012,unsolicited,640,10,,C0|0A|08|00|00|00|11
1771327706.079,unsolicited,640,10,,C0|0A|08|00|00|00|11
1771327706.281,unsolicited,640,10,,C0|0A|08|00|00|00|11
1771327706.281,unsolicited,640,10,,C0|0A|08|00|00|00|11
1771327706.349,unsolicited,640,10,,C0|0A|08|00|00|00|11
1771327706.382,unsolicited,640,10,,C0|0A|08|00|00|00|11
1771327706.548,unsolicited,640,10,,C0|0A|08|00|00|00|11
1771327706.581,unsolicited,640,10,,C0|0A|08|00|00|00|11
1771327706.616,unsolicited,640,10,,C0|0A|08|00|00|00|11
1771327706.682,unsolicited,640,10,,C0|0A|08|00|00|00|11
1771327706.683,unsolicited,640,10,,C0|0A|08|00|00|00|11
1771327706.716,unsolicited,640,10,,C0|0A|08|00|00|00|11
1771327706.751,unsolicited,640,10,,C0|0A|08|00|00|00|11
1771327706.783,unsolicited,640,10,,C0|0A|08|00|00|00|11
1771327706.819,unsolicited,640,10,,C0|0A|08|00|00|00|11
1771327706.918,unsolicited,640,10,,C0|0A|08|00|00|00|11
1771327706.952,unsolicited,640,10,,C0|0A|08|00|00|00|11
1771327706.952,unsolicited,640,10,,C0|0A|08|00|00|00|11
1771327706.986,unsolicited,640,10,,C0|0A|08|00|00|00|11
1771327707.054,unsolicited,640,10,,C0|0A|08|00|00|00|11
1771327707.090,unsolicited,640,10,,C0|0A|08|00|00|00|11
1771327707.091,unsolicited,640,10,,C0|0A|08|00|00|00|11
1771327707.190,unsolicited,640,10,,C0|0A|08|00|00|00|11
1771327707.292,unsolicited,640,10,,C0|0A|08|00|00|00|11
1771327707.359,unsolicited,640,10,,C0|0A|08|00|00|00|11
1771327707.361,unsolicited,640,10,,C0|0A|08|00|00|00|11
1771327707.459,unsolicited,640,10,,C0|0A|08|00|00|00|11
1771327707.460,unsolicited,640,10,,C0|0A|08|00|00|00|11
1771327707.460,unsolicited,640,10,,C0|0A|08|00|00|00|11
1771327707.494,unsolicited,640,10,,C0|0A|08|00|00|00|11
1771327707.561,unsolicited,640,10,,C0|0A|08|00|00|00|11
1771327707.628,unsolicited,640,10,,C0|0A|08|00|00|00|11
1771327707.696,unsolicited,640,10,,C0|0A|08|00|00|00|11
1771327707.830,unsolicited,640,10,,C0|0A|08|00|00|00|11
1771327707.965,unsolicited,640,10,,C0|0A|08|00|00|00|11
1771327708.031,unsolicited,640,10,,C0|0A|08|00|00|00|11
1771327708.065,unsolicited,640,10,,C0|0A|08|00|00|00|11
1771327708.131,unsolicited,640,10,,C0|0A|08|00|00|00|11
1771327708.131,unsolicited,640,10,,C0|0A|08|00|00|00|11
1771327708.165,unsolicited,640,10,,C0|0A|08|00|00|00|11
1771327708.267,unsolicited,640,10,,C0|0A|08|00|00|00|11
1771327708.369,unsolicited,640,10,,C0|0A|08|00|00|00|11
1771327708.403,unsolicited,640,10,,C0|0A|08|00|00|00|11
1771327708.436,unsolicited,640,10,,C0|0A|08|00|00|00|11
1771327708.469,unsolicited,640,10,,C0|0A|08|00|00|00|11
1771327708.636,unsolicited,640,10,,C0|0A|08|00|00|00|11
1771327708.805,unsolicited,640,10,,C0|0A|08|00|00|00|11
1771327708.975,unsolicited,640,10,,C0|0A|08|00|00|00|11
1771327709.041,unsolicited,640,10,,C0|0A|08|00|00|00|11
1771327709.075,unsolicited,640,10,,C0|0A|08|00|00|00|11
1771327709.210,unsolicited,640,10,,C0|0A|08|00|00|00|11
1771327709.276,unsolicited,640,10,,C0|0A|08|00|00|00|11
1771327709.277,unsolicited,640,10,,C0|0A|08|00|00|00|11
1771327709.344,unsolicited,640,10,,C0|0A|08|00|00|00|11
1771327709.377,unsolicited,640,10,,C0|0A|08|00|00|00|11
1771327709.480,unsolicited,640,10,,C0|0A|08|00|00|00|11
1771327709.577,unsolicited,640,10,,C0|0A|08|00|00|00|11
1771327709.679,unsolicited,640,10,,C0|0A|08|00|00|00|11
1771327709.780,unsolicited,640,10,,C0|0A|08|00|00|00|11
1771327709.914,unsolicited,640,10,,C0|0A|08|00|00|00|11
1771327710.054,unsolicited,640,10,,C0|0A|08|00|00|00|11
1771327710.153,unsolicited,640,10,,C0|0A|08|00|00|00|11
1771327710.192,unsolicited,640,10,,C0|0A|08|00|00|00|11
1771327710.387,unsolicited,640,10,,C0|0A|08|00|00|00|11
1771327710.554,unsolicited,640,10,,C0|0A|08|00|00|00|11
1771327710.665,unsolicited,640,10,,C0|0A|08|00|00|00|11
1771327710.737,unsolicited,640,10,,C0|0A|08|00|00|00|11
1771327710.771,unsolicited,640,10,,C0|0A|08|00|00|00|11
1771327710.772,unsolicited,640,10,,C0|0A|08|00|00|00|11
1771327710.805,unsolicited,640,10,,C0|0A|08|00|00|00|11
1771327710.840,unsolicited,640,10,,C0|0A|08|00|00|00|11
1771327710.873,unsolicited,640,10,,C0|0A|08|00|00|00|11
1771327710.907,unsolicited,640,10,,C0|0A|08|00|00|00|11
1771327711.006,unsolicited,640,10,,C0|0A|08|00|00|00|11
1771327711.074,unsolicited,640,10,,C0|0A|08|00|00|00|11
1771327711.107,unsolicited,640,10,,C0|0A|08|00|00|00|11
1771327711.140,unsolicited,640,10,,C0|0A|08|00|00|00|11
1771327711.142,unsolicited,640,10,,C0|0A|08|00|00|00|11
1771327711.208,unsolicited,640,10,,C0|0A|08|00|00|00|11
1771327711.242,unsolicited,640,10,,C0|0A|08|00|00|00|11
1771327711.277,unsolicited,640,10,,C0|0A|08|00|00|00|11
1771327711.343,unsolicited,640,10,,C0|0A|08|00|00|00|11
1771327711.377,unsolicited,640,10,,C0|0A|08|00|00|00|11
1771327711.409,unsolicited,640,10,,C0|0A|08|00|00|00|11
1771327711.409,unsolicited,640,10,,C0|0A|08|00|00|00|11
1771327711.445,unsolicited,640,10,,C0|0A|08|00|00|00|11
1771327711.511,unsolicited,640,10,,C0|0A|08|00|00|00|11
1771327711.545,unsolicited,640,10,,C0|0A|08|00|00|00|11
1771327711.546,unsolicited,640,10,,C0|0A|08|00|00|00|11
1771327711.612,unsolicited,640,10,,C0|0A|08|00|00|00|11
1771327711.680,unsolicited,640,10,,C0|0A|08|00|00|00|11
1771327711.747,unsolicited,640,10,,C0|0A|08|00|00|00|11
1771327711.781,unsolicited,640,10,,C0|0A|08|00|00|00|11
1771327711.813,unsolicited,640,10,,C0|0A|08|00|00|00|11
1771327711.917,unsolicited,640,10,,C0|0A|08|00|00|00|11
1771327712.085,unsolicited,640,10,,C0|0A|08|00|00|00|11
1771327712.151,unsolicited,640,10,,C0|0A|08|00|00|00|11
1771327712.219,unsolicited,640,10,,C0|0A|08|00|00|00|11
1771327712.386,unsolicited,640,10,,C0|0A|08|00|00|00|11
1771327712.553,unsolicited,640,10,,C0|0A|08|00|00|00|11
1771327712.689,unsolicited,640,10,,C0|0A|08|00|00|00|11
1771327712.755,unsolicited,640,10,,C0|0A|08|00|00|00|11
1771327712.822,unsolicited,640,10,,C0|0A|08|00|00|00|11
1771327712.890,unsolicited,640,10,,C0|0A|08|00|00|00|11
1771327712.958,unsolicited,640,10,,C0|0A|08|00|00|00|11
1771327713.024,unsolicited,640,10,,C0|0A|08|00|00|00|11
1771327713.059,unsolicited,640,10,,C0|0A|08|00|00|00|11
1771327713.125,unsolicited,640,10,,C0|0A|08|00|00|00|11
1771327713.226,unsolicited,640,10,,C0|0A|08|00|00|00|11
1771327713.293,unsolicited,640,10,,C0|0A|08|00|00|00|11
1771327713.427,unsolicited,640,10,,C0|0A|08|00|00|00|11
1771327713.494,unsolicited,640,10,,C0|0A|08|00|00|00|11
1771327713.561,unsolicited,0,0,,C0|00|08|00|00|00|07
1771327713.568,unsolicited,0,0,,C0|00|08|00|00|00|07
1771327713.595,unsolicited,0,0,,C0|00|08|00|00|00|07
1771327713.762,unsolicited,0,0,,C0|00|08|00|00|00|07
1771327713.862,unsolicited,0,0,,C0|00|08|00|00|00|07
1771327713.895,unsolicited,0,0,,C0|00|08|00|00|00|07
1771327713.931,unsolicited,0,0,,C0|00|08|00|00|00|07
1771327713.964,unsolicited,0,0,,C0|00|08|00|00|00|07
1771327714.030,unsolicited,0,0,,C0|00|08|00|00|00|07
1771327714.063,unsolicited,0,0,,C0|00|08|00|00|00|07
1771327714.166,unsolicited,0,0,,C0|00|08|00|00|00|07
1771327714.200,unsolicited,0,0,,C0|00|08|00|00|00|07
1771327714.267,unsolicited,0,0,,C0|00|08|00|00|00|07
1771327714.301,unsolicited,0,0,,C0|00|08|00|00|00|07
1771327714.334,unsolicited,0,0,,C0|00|08|00|00|00|07
1771327714.336,unsolicited,0,0,,C0|00|08|00|00|00|07
1771327714.403,unsolicited,0,0,,C0|00|08|00|00|00|07
1771327714.568,unsolicited,0,0,,C0|00|08|00|00|00|07
1771327714.602,unsolicited,0,0,,C0|00|08|00|00|00|07
1771327714.669,unsolicited,0,0,,C0|00|08|00|00|00|07
1771327714.738,unsolicited,0,0,,C0|00|08|00|00|00|07
1771327714.806,unsolicited,0,0,,C0|00|08|00|00|00|07
1771327714.872,unsolicited,0,0,,C0|00|08|00|00|00|07
1771327714.873,unsolicited,0,0,,C0|00|08|00|00|00|07
1771327715.009,unsolicited,0,0,,C0|00|08|00|00|00|07
1771327715.042,unsolicited,0,0,,C0|00|08|00|00|00|07
1771327715.142,unsolicited,0,0,,C0|00|08|00|00|00|07
1771327715.175,unsolicited,0,0,,C0|00|08|00|00|00|07
1771327715.209,unsolicited,0,0,,C0|00|08|00|00|00|07
1771327715.309,unsolicited,0,0,,C0|00|08|00|00|00|07
1771327715.377,unsolicited,0,0,,C0|00|08|00|00|00|07
1771327715.579,unsolicited,0,0,,C0|00|08|00|00|00|07
1771327715.612,unsolicited,0,0,,C0|00|08|00|00|00|07
1771327715.679,unsolicited,0,0,,C0|00|08|00|00|00|07
1771327715.747,unsolicited,0,0,,C0|00|08|00|00|00|07
1771327715.849,unsolicited,0,0,,C0|00|08|00|00|00|07
1771327715.949,unsolicited,0,0,,C0|00|08|00|00|00|07
1771327715.949,unsolicited,0,0,,C0|00|08|00|00|00|07
1771327715.983,unsolicited,0,0,,C0|00|08|00|00|00|07
1771327716.016,unsolicited,0,0,,C0|00|08|00|00|00|07
1771327716.119,unsolicited,0,0,,C0|00|08|00|00|00|07
1771327716.152,unsolicited,0,0,,C0|00|08|00|00|00|07
1771327716.185,unsolicited,0,0,,C0|00|08|00|00|00|07
1771327716.321,unsolicited,0,0,,C0|00|08|00|00|00|07
1771327716.424,unsolicited,0,0,,C0|00|08|00|00|00|07
1771327716.558,unsolicited,0,0,,C0|00|08|00|00|00|07
1771327716.858,unsolicited,0,0,,C0|00|08|00|00|00|07
1771327716.858,unsolicited,0,0,,C0|00|08|00|00|00|07
1771327716.926,unsolicited,0,0,,C0|00|08|00|00|00|07
1771327716.959,unsolicited,0,0,,C0|00|08|00|00|00|07
1771327717.129,unsolicited,0,0,,C0|00|08|00|00|00|07
1771327717.196,unsolicited,0,0,,C0|00|08|00|00|00|07
1771327717.398,unsolicited,0,0,,C0|00|08|00|00|00|07
1771327717.432,unsolicited,0,0,,C0|00|08|00|00|00|07
1771327717.498,unsolicited,0,0,,C0|00|08|00|00|00|07
1771327717.531,unsolicited,0,0,,C0|00|08|00|00|00|07
1771327717.600,unsolicited,0,0,,C0|00|08|00|00|00|07
1771327717.766,unsolicited,0,0,,C0|00|08|00|00|00|07
1771327717.800,unsolicited,0,0,,C0|00|08|00|00|00|07
1771327717.868,unsolicited,0,0,,C0|00|08|00|00|00|07
1771327717.935,unsolicited,0,0,,C0|00|08|00|00|00|07
1771327718.004,unsolicited,0,0,,C0|00|08|00|00|00|07
1771327718.070,unsolicited,0,0,,C0|00|08|00|00|00|07
1771327718.105,unsolicited,0,0,,C0|00|08|00|00|00|07
1771327718.138,unsolicited,0,0,,C0|00|08|00|00|00|07
1771327718.172,unsolicited,0,0,,C0|00|08|00|00|00|07
1771327718.173,unsolicited,0,0,,C0|00|08|00|00|00|07
1771327718.239,unsolicited,0,0,,C0|00|08|00|00|00|07
1771327718.273,unsolicited,0,0,,C0|00|08|00|00|00|07
1771327718.306,unsolicited,0,0,,C0|00|08|00|00|00|07
1771327718.340,unsolicited,0,0,,C0|00|08|00|00|00|07
1771327718.374,unsolicited,0,0,,C0|00|08|00|00|00|07
1771327718.475,unsolicited,0,0,,C0|00|08|00|00|00|07
1771327718.542,unsolicited,0,0,,C0|00|08|00|00|00|07
1771327718.609,unsolicited,0,0,,C0|00|08|00|00|00|07
1771327718.643,unsolicited,0,0,,C0|00|08|00|00|00|07
1771327718.677,unsolicited,0,0,,C0|00|08|00|00|00|07
1771327718.711,unsolicited,0,0,,C0|00|08|00|00|00|07
1771327718.779,unsolicited,0,0,,C0|00|08|00|00|00|07
1771327718.813,unsolicited,0,0,,C0|00|08|00|00|00|07
1771327718.846,unsolicited,0,0,,C0|00|08|00|00|00|07
1771327719.081,unsolicited,0,0,,C0|00|08|00|00|00|07
1771327719.148,unsolicited,0,0,,C0|00|08|00|00|00|07
1771327719.216,unsolicited,0,0,,C0|00|08|00|00|00|07
1771327719.317,unsolicited,0,0,,C0|00|08|00|00|00|07
1771327719.317,unsolicited,0,0,,C0|00|08|00|00|00|07
1771327719.382,unsolicited,0,0,,C0|00|08|00|00|00|07
1771327719.383,unsolicited,0,0,,C0|00|08|00|00|00|07
1771327719.451,unsolicited,0,0,,C0|00|08|00|00|00|07
1771327719.520,unsolicited,0,0,,C0|00|08|00|00|00|07
1771327719.554,unsolicited,0,0,,C0|00|08|00|00|00|07
1771327719.554,unsolicited,0,0,,C0|00|08|00|00|00|07
1771327719.697,unsolicited,0,0,,C0|00|08|00|00|00|07
1771327719.708,unsolicited,0,0,,C0|00|08|00|00|00|07
1771327719.774,unsolicited,0,0,,C0|00|08|00|00|00|07
1771327719.776,unsolicited,0,0,,C0|00|08|00|00|00|07
1771327719.841,unsolicited,0,0,,C0|00|08|00|00|00|07
1771327719.908,unsolicited,0,0,,C0|00|08|00|00|00|07
1771327719.908,unsolicited,0,0,,C0|00|08|00|00|00|07
1771327719.974,unsolicited,0,0,,C0|00|08|00|00|00|07
1771327719.975,unsolicited,0,0,,C0|00|08|00|00|00|07
1771327720.008,unsolicited,0,0,,C0|00|08|00|00|00|07
1771327720.009,unsolicited,0,0,,C0|00|08|00|00|00|07
1771327720.076,unsolicited,0,0,,C0|00|08|00|00|00|07
1771327720.110,unsolicited,0,0,,C0|00|08|00|00|00|07
1771327720.178,unsolicited,0,0,,C0|00|08|00|00|00|07
1771327720.313,unsolicited,0,0,,C0|00|08|00|00|00|07
1771327720.345,unsolicited,0,0,,C0|00|08|00|00|00|07
1771327720.379,unsolicited,0,0,,C0|00|08|00|00|00|07
1771327720.445,unsolicited,0,0,,C0|00|08|00|00|00|07
1771327720.615,unsolicited,0,0,,C0|00|08|00|00|00|07
1771327720.683,unsolicited,0,0,,C0|00|08|00|00|00|07
1771327720.716,unsolicited,0,0,,C0|00|08|00|00|00|07
1771327720.816,unsolicited,0,0,,C0|00|08|00|00|00|07
1771327720.816,unsolicited,0,0,,C0|00|08|00|00|00|07
1771327720.883,unsolicited,0,0,,C0|00|08|00|00|00|07
1771327720.984,unsolicited,0,0,,C0|00|08|00|00|00|07
1771327721.017,unsolicited,0,0,,C0|00|08|00|00|00|07
1771327721.118,unsolicited,0,0,,C0|00|08|00|00|00|07
1771327721.185,unsolicited,0,0,,C0|00|08|00|00|00|07
1771327721.185,unsolicited,0,0,,C0|00|08|00|00|00|07
1771327721.252,unsolicited,0,0,,C0|00|08|00|00|00|07
1771327721.285,unsolicited,0,0,,C0|00|08|00|00|00|07
1771327721.320,unsolicited,0,0,,C0|00|08|00|00|00|07
1771327721.352,unsolicited,0,0,,C0|00|08|00|00|00|07
1771327721.385,unsolicited,0,0,,C0|00|08|00|00|00|07
1771327721.419,unsolicited,0,0,,C0|00|08|00|00|00|07
1771327721.419,unsolicited,0,0,,C0|00|08|00|00|00|07
1771327721.453,unsolicited,0,0,,C0|00|08|00|00|00|07
1771327721.454,unsolicited,0,0,,C0|00|08|00|00|00|07
1771327721.519,unsolicited,0,0,,C0|00|08|00|00|00|07
1771327721.619,unsolicited,0,0,,C0|00|08|00|00|00|07
1771327721.655,unsolicited,0,0,,C0|00|08|00|00|00|07
1771327721.688,unsolicited,0,0,,C0|00|08|00|00|00|07
1771327721.722,unsolicited,0,0,,C0|00|08|00|00|00|07
1771327721.789,unsolicited,0,0,,C0|00|08|00|00|00|07
1771327721.924,unsolicited,0,0,,C0|00|08|00|00|00|07
1771327722.058,unsolicited,0,0,,C0|00|08|00|00|00|07
1771327722.092,unsolicited,0,0,,C0|00|08|00|00|00|07
1771327722.127,unsolicited,0,0,,C0|00|08|00|00|00|07
1771327722.161,unsolicited,0,0,,C0|00|08|00|00|00|07
1771327722.195,unsolicited,0,0,,C0|00|08|00|00|00|07
1771327722.294,unsolicited,0,0,,C0|00|08|00|00|00|07
1771327722.327,unsolicited,0,0,,C0|00|08|00|00|00|07
1771327722.328,unsolicited,0,0,,C0|00|08|00|00|00|07
1771327722.395,unsolicited,0,0,,C0|00|08|00|00|00|07
1771327722.429,unsolicited,0,0,,C0|00|08|00|00|00|07
1771327722.462,unsolicited,0,0,,C0|00|08|00|00|00|07
1771327722.596,unsolicited,0,0,,C0|00|08|00|00|00|07
1771327722.697,unsolicited,0,0,,C0|00|08|00|00|00|07
1771327722.730,unsolicited,0,0,,C0|00|08|00|00|00|07
1771327722.797,unsolicited,0,0,,C0|00|08|00|00|00|07
1771327722.831,unsolicited,0,0,,C0|00|08|00|00|00|07
1771327722.832,unsolicited,0,0,,C0|00|08|00|00|00|07
1771327722.899,unsolicited,0,0,,C0|00|08|00|00|00|07
1771327723.000,unsolicited,0,0,,C0|00|08|00|00|00|07
1771327723.134,unsolicited,0,0,,C0|00|08|00|00|00|07
1771327723.236,unsolicited,0,0,,C0|00|08|00|00|00|07
1771327723.304,unsolicited,0,0,,C0|00|08|00|00|00|07
1771327723.305,unsolicited,0,0,,C0|00|08|00|00|00|07
1771327723.338,unsolicited,0,0,,C0|00|08|00|00|00|07
1771327723.404,unsolicited,0,0,,C0|00|08|00|00|00|07
1771327723.505,unsolicited,0,0,,C0|00|08|00|00|00|07
1771327723.538,unsolicited,0,0,,C0|00|08|00|00|00|07
1771327723.707,unsolicited,0,0,,C0|00|08|00|00|00|07
1771327723.741,unsolicited,0,0,,C0|00|08|00|00|00|07
1771327723.841,unsolicited,0,0,,C0|00|08|00|00|00|07
1771327723.908,unsolicited,0,0,,C0|00|08|00|00|00|07
1771327723.941,unsolicited,0,0,,C0|00|08|00|00|00|07
1771327724.042,unsolicited,0,0,,C0|00|08|00|00|00|07
1771327724.043,unsolicited,0,0,,C0|00|08|00|00|00|07
1771327724.075,unsolicited,0,0,,C0|00|08|00|00|00|07
1771327724.143,unsolicited,0,0,,C0|00|08|00|00|00|07
1771327724.244,unsolicited,0,0,,C0|00|08|00|00|00|07
1771327724.516,unsolicited,0,0,,C0|00|08|00|00|00|07
1771327724.584,unsolicited,0,0,,C0|00|08|00|00|00|07
1771327724.617,unsolicited,0,0,,C0|00|08|00|00|00|07
1771327724.719,unsolicited,0,0,,C0|00|08|00|00|00|07
1771327724.787,unsolicited,0,0,,C0|00|08|00|00|00|07
1771327724.854,unsolicited,0,0,,C0|00|08|00|00|00|07
1771327724.886,unsolicited,0,0,,C0|00|08|00|00|00|07
1771327725.053,unsolicited,0,0,,C0|00|08|00|00|00|07
1771327725.087,unsolicited,0,0,,C0|00|08|00|00|00|07
1771327725.154,unsolicited,0,0,,C0|00|08|00|00|00|07
1771327725.187,unsolicited,0,0,,C0|00|08|00|00|00|07
1771327725.188,unsolicited,0,0,,C0|00|08|00|00|00|07
1771327725.254,unsolicited,0,0,,C0|00|08|00|00|00|07
1771327725.287,unsolicited,0,0,,C0|00|08|00|00|00|07
1771327725.354,unsolicited,0,0,,C0|00|08|00|00|00|07
1771327725.455,unsolicited,0,0,,C0|00|08|00|00|00|07
1771327725.488,unsolicited,0,0,,C0|00|08|00|00|00|07
1771327725.489,unsolicited,0,0,,C0|00|08|00|00|00|07
1771327725.522,unsolicited,0,0,,C0|00|08|00|00|00|07
1771327725.556,unsolicited,0,0,,C0|00|08|00|00|00|07
1771327725.591,unsolicited,0,0,,C0|00|08|00|00|00|07
1771327725.829,unsolicited,0,0,,C0|00|08|00|00|00|07
1771327725.962,unsolicited,0,0,,C0|00|08|00|00|00|07
1771327726.098,unsolicited,0,0,,C0|00|08|00|00|00|07
1771327726.166,unsolicited,0,0,,C0|00|08|00|00|00|07
1771327726.200,unsolicited,0,0,,C0|00|08|00|00|00|07
1771327726.201,unsolicited,0,0,,C0|00|08|00|00|00|07
1771327726.234,unsolicited,0,0,,C0|00|08|00|00|00|07
1771327726.269,unsolicited,0,0,,C0|00|08|00|00|00|07
1771327726.302,unsolicited,0,0,,C0|00|08|00|00|00|07
1771327726.336,unsolicited,0,0,,C0|00|08|00|00|00|07
1771327726.504,unsolicited,0,0,,C0|00|08|00|00|00|07
1771327726.606,unsolicited,0,0,,C0|00|08|00|00|00|07
1771327726.640,unsolicited,0,0,,C0|00|08|00|00|00|07
1771327726.775,unsolicited,0,0,,C0|00|08|00|00|00|07
1771327726.776,unsolicited,0,0,,C0|00|08|00|00|00|07
1771327726.810,unsolicited,0,0,,C0|00|08|00|00|00|07
1771327726.844,unsolicited,0,0,,C0|00|08|00|00|00|07
1771327726.911,unsolicited,0,0,,C0|00|08|00|00|00|07
1771327726.978,unsolicited,0,0,,C0|00|08|00|00|00|07
1771327727.078,unsolicited,0,0,,C0|00|08|00|00|00|07
1771327727.079,unsolicited,0,0,,C0|00|08|00|00|00|07
1771327727.312,unsolicited,0,0,,C0|00|08|00|00|00|07
1771327727.412,unsolicited,0,0,,C0|00|08|00|00|00|07
1771327727.513,unsolicited,0,0,,C0|00|08|00|00|00|07
1771327727.547,unsolicited,0,0,,C0|00|08|00|00|00|07
1771327727.581,unsolicited,0,0,,C0|00|08|00|00|00|07
1771327727.581,unsolicited,0,0,,C0|00|08|00|00|00|07
1771327727.850,unsolicited,0,0,,C0|00|08|00|00|00|07
1771327727.851,unsolicited,0,0,,C0|00|08|00|00|00|07
1771327727.885,unsolicited,0,0,,C0|00|08|00|00|00|07
1771327727.952,unsolicited,0,0,,C0|00|08|00|00|00|07
1771327727.986,unsolicited,0,0,,C0|00|08|00|00|00|07
1771327728.020,unsolicited,0,0,,C0|00|08|00|00|00|07
1771327728.020,unsolicited,0,0,,C0|00|08|00|00|00|07
1771327728.086,unsolicited,0,0,,C0|00|08|00|00|00|07
1771327728.154,unsolicited,0,0,,C0|00|08|00|00|00|07
1771327728.255,unsolicited,0,0,,C0|00|08|00|00|00|07
1771327728.289,unsolicited,0,0,,C0|00|08|00|00|00|07
1771327728.423,unsolicited,0,0,,C0|00|08|00|00|00|07
1771327728.456,unsolicited,0,0,,C0|00|08|00|00|00|07
1771327728.525,unsolicited,0,0,,C0|00|08|00|00|00|07
1771327728.625,unsolicited,0,0,,C0|00|08|00|00|00|07
1771327728.658,unsolicited,0,0,,C0|00|08|00|00|00|07
1771327728.659,unsolicited,0,0,,C0|00|08|00|00|00|07
1771327728.692,unsolicited,0,0,,C0|00|08|00|00|00|07
1771327728.725,unsolicited,0,0,,C0|00|08|00|00|00|07
1771327728.726,unsolicited,0,0,,C0|00|08|00|00|00|07
1771327728.758,unsolicited,0,0,,C0|00|08|00|00|00|07
1771327728.758,unsolicited,0,0,,C0|00|08|00|00|00|07
1771327728.826,unsolicited,0,0,,C0|00|08|00|00|00|07
1771327728.894,unsolicited,0,0,,C0|00|08|00|00|00|07
1771327728.894,unsolicited,0,0,,C0|00|08|00|00|00|07
1771327729.027,unsolicited,0,0,,C0|00|08|00|00|00|07
1771327729.061,unsolicited,0,0,,C0|00|08|00|00|00|07
1771327729.095,unsolicited,0,0,,C0|00|08|00|00|00|07
1771327729.265,unsolicited,0,0,,C0|00|08|00|00|00|07
1771327729.298,unsolicited,0,0,,C0|00|08|00|00|00|07
1771327729.400,unsolicited,0,0,,C0|00|08|00|00|00|07
1771327729.469,unsolicited,0,0,,C0|00|08|00|00|00|07
1771327729.571,unsolicited,0,0,,C0|00|08|00|00|00|07
1771327729.605,unsolicited,0,0,,C0|00|08|00|00|00|07
1771327729.673,unsolicited,0,0,,C0|00|08|00|00|00|07
1771327729.707,unsolicited,0,0,,C0|00|08|00|00|00|07
1771327729.774,unsolicited,0,0,,C0|00|08|00|00|00|07
1771327729.843,unsolicited,0,0,,C0|00|08|00|00|00|07
1771327729.944,unsolicited,0,0,,C0|00|08|00|00|00|07
1771327729.978,unsolicited,0,0,,C0|00|08|00|00|00|07
1771327730.178,unsolicited,0,0,,C0|00|08|00|00|00|07
1771327730.246,unsolicited,0,0,,C0|00|08|00|00|00|07
1771327730.313,unsolicited,0,0,,C0|00|08|00|00|00|07
1771327730.548,unsolicited,0,0,,C0|00|08|00|00|00|07
1771327730.582,unsolicited,0,0,,C0|00|08|00|00|00|07
1771327730.582,unsolicited,0,0,,C0|00|08|00|00|00|07
1771327730.717,unsolicited,0,0,,C0|00|08|00|00|00|07
1771327730.818,unsolicited,0,0,,C0|00|08|00|00|00|07
1771327730.852,unsolicited,0,0,,C0|00|08|00|00|00|07
1771327730.853,unsolicited,0,0,,C0|00|08|00|00|00|07
1771327730.954,unsolicited,0,0,,C0|00|08|00|00|00|07
1771327731.020,unsolicited,0,0,,C0|00|08|00|00|00|07
1771327731.055,unsolicited,0,0,,C0|00|08|00|00|00|07
1771327731.188,unsolicited,0,0,,C0|00|08|00|00|00|07
1771327731.222,unsolicited,0,0,,C0|00|08|00|00|00|07
1771327731.223,unsolicited,0,0,,C0|00|08|00|00|00|07
1771327731.256,unsolicited,0,0,,C0|00|08|00|00|00|07
1771327731.290,unsolicited,0,0,,C0|00|08|00|00|00|07
1771327731.323,unsolicited,0,0,,C0|00|08|00|00|00|07
1771327731.388,unsolicited,0,0,,C0|00|08|00|00|00|07
1771327731.457,unsolicited,0,0,,C0|00|08|00|00|00|07
1771327731.491,unsolicited,0,0,,C0|00|08|00|00|00|07
1771327731.557,unsolicited,0,0,,C0|00|08|00|00|00|07
1771327731.591,unsolicited,0,0,,C0|00|08|00|00|00|07
1771327731.626,unsolicited,0,0,,C0|00|08|00|00|00|07
1771327731.829,unsolicited,0,0,,C0|00|08|00|00|00|07
1771327731.997,unsolicited,0,0,,C0|00|08|00|00|00|07
1771327732.063,unsolicited,0,0,,C0|00|08|00|00|00|07
1771327732.064,unsolicited,0,0,,C0|00|08|00|00|00|07
1771327732.064,unsolicited,0,0,,C0|00|08|00|00|00|07
1771327732.097,unsolicited,0,0,,C0|00|08|00|00|00|07
1771327732.198,unsolicited,0,0,,C0|00|08|00|00|00|07
1771327732.232,unsolicited,0,0,,C0|00|08|00|00|00|07
1771327732.299,unsolicited,0,0,,C0|00|08|00|00|00|07
1771327732.301,unsolicited,0,0,,C0|00|08|00|00|00|07
1771327732.368,unsolicited,0,0,,C0|00|08|00|00|00|07
1771327732.469,unsolicited,0,0,,C0|00|08|00|00|00|07
1771327732.469,unsolicited,0,0,,C0|00|08|00|00|00|07
1771327732.504,unsolicited,0,0,,C0|00|08|00|00|00|07
1771327732.538,unsolicited,0,0,,C0|00|08|00|00|00|07
1771327732.639,unsolicited,0,0,,C0|00|08|00|00|00|07
1771327732.706,unsolicited,0,0,,C0|00|08|00|00|00|07
1771327732.772,unsolicited,0,0,,C0|00|08|00|00|00|07
1771327732.805,unsolicited,0,0,,C0|00|08|00|00|00|07
1771327732.871,unsolicited,0,0,,C0|00|08|00|00|00|07
1771327732.904,unsolicited,0,0,,C0|00|08|00|00|00|07
1771327732.938,unsolicited,0,0,,C0|00|08|00|00|00|07
1771327732.971,unsolicited,0,0,,C0|00|08|00|00|00|07
1771327733.005,unsolicited,0,0,,C0|00|08|00|00|00|07
1771327733.039,unsolicited,0,0,,C0|00|08|00|00|00|07
1771327733.072,unsolicited,0,0,,C0|00|08|00|00|00|07
1771327733.139,unsolicited,0,0,,C0|00|08|00|00|00|07
1771327733.241,unsolicited,0,0,,C0|00|08|00|00|00|07
1771327733.243,unsolicited,0,0,,C0|00|08|00|00|00|07
1771327733.376,unsolicited,0,0,,C0|00|08|00|00|00|07
1771327733.476,unsolicited,0,0,,C0|00|08|00|00|00|07
1771327733.510,unsolicited,0,0,,C0|00|08|00|00|00|07
1771327733.543,unsolicited,0,0,,C0|00|08|00|00|00|07
1771327733.644,unsolicited,0,0,,C0|00|08|00|00|00|07
1771327733.815,unsolicited,0,0,,C0|00|08|00|00|00|07
1771327733.849,unsolicited,0,0,,C0|00|08|00|00|00|07
1771327733.915,unsolicited,0,0,,C0|00|08|00|00|00|07
1771327733.949,unsolicited,0,0,,C0|00|08|00|00|00|07
1771327734.153,unsolicited,0,0,,C0|00|08|00|00|00|07
1771327734.287,unsolicited,0,0,,C0|00|08|00|00|00|07
1771327734.355,unsolicited,0,0,,C0|00|08|00|00|00|07
1771327734.389,unsolicited,0,0,,C0|00|08|00|00|00|07
1771327734.389,unsolicited,0,0,,C0|00|08|00|00|00|07
1771327734.390,unsolicited,0,0,,C0|00|08|00|00|00|07
1771327734.491,unsolicited,0,0,,C0|00|08|00|00|00|07
1771327734.524,unsolicited,0,0,,C0|00|08|00|00|00|07
1771327734.625,unsolicited,0,0,,C0|00|08|00|00|00|07
1771327734.726,unsolicited,0,0,,C0|00|08|00|00|00|07
1771327734.759,unsolicited,0,0,,C0|00|08|00|00|00|07
1771327734.793,unsolicited,0,0,,C0|00|08|00|00|00|07
1771327734.895,unsolicited,0,0,,C0|00|08|00|00|00|07
1771327734.995,unsolicited,0,0,,C0|00|08|00|00|00|07
1771327735.028,unsolicited,0,0,,C0|00|08|00|00|00|07
1771327735.062,unsolicited,0,0,,C0|00|08|00|00|00|07
1771327735.131,unsolicited,0,0,,C0|00|08|00|00|00|07
1771327735.198,unsolicited,0,0,,C0|00|08|00|00|00|07
1771327735.235,unsolicited,0,0,,C0|00|08|00|00|00|07
1771327735.265,unsolicited,0,0,,C0|00|08|00|00|00|07
1771327735.333,unsolicited,0,0,,C0|00|08|00|00|00|07
1771327735.334,unsolicited,0,0,,C0|00|08|00|00|00|07
1771327735.432,unsolicited,0,0,,C0|00|08|00|00|00|07
1771327735.468,unsolicited,0,0,,C0|00|08|00|00|00|07
1771327735.515,unsolicited,0,0,,C0|00|08|00|00|00|07
1771327735.583,unsolicited,0,0,,C0|00|08|00|00|00|07
1771327735.718,unsolicited,0,0,,C0|00|08|00|00|00|07
1771327735.851,unsolicited,0,0,,C0|00|08|00|00|00|07
1771327735.885,unsolicited,0,0,,C0|00|08|00|00|00|07
1771327735.918,unsolicited,0,0,,C0|00|08|00|00|00|07
1771327736.087,unsolicited,0,0,,C0|00|08|00|00|00|07
1771327736.120,unsolicited,0,0,,C0|00|08|00|00|00|07
1771327736.154,unsolicited,0,0,,C0|00|08|00|00|00|07
1771327736.220,unsolicited,0,0,,C0|00|08|00|00|00|07
1771327736.253,unsolicited,0,0,,C0|00|08|00|00|00|07
1771327736.355,unsolicited,0,0,,C0|00|08|00|00|00|07
1771327736.356,unsolicited,0,0,,C0|00|08|00|00|00|07
1771327736.422,unsolicited,0,0,,C0|00|08|00|00|00|07
1771327736.522,unsolicited,0,0,,C0|00|08|00|00|00|07
1771327736.523,unsolicited,0,0,,C0|00|08|00|00|00|07
1771327736.524,unsolicited,0,0,,C0|00|08|00|00|00|07
1771327736.590,unsolicited,0,0,,C0|00|08|00|00|00|07
1771327736.657,unsolicited,0,0,,C0|00|08|00|00|00|07
1771327736.725,unsolicited,0,0,,C0|00|08|00|00|00|07
1771327736.759,unsolicited,0,0,,C0|00|08|00|00|00|07
1771327736.859,unsolicited,0,0,,C0|00|08|00|00|00|07
1771327736.927,unsolicited,0,0,,C0|00|08|00|00|00|07
1771327736.936,unsolicited,0,0,,C0|00|08|00|00|00|07
1771327737.028,unsolicited,0,0,,C0|00|08|00|00|00|07
1771327737.163,unsolicited,0,0,,C0|00|08|00|00|00|07
1771327737.196,unsolicited,0,0,,C0|00|08|00|00|00|07
1771327737.468,unsolicited,0,0,,C0|00|08|00|00|00|07
1771327737.535,unsolicited,0,0,,C0|00|08|00|00|00|07
1771327737.568,unsolicited,0,0,,C0|00|08|00|00|00|07
1771327737.570,unsolicited,0,0,,C0|00|08|00|00|00|07
1771327737.635,unsolicited,0,0,,C0|00|08|00|00|00|07
1771327737.636,unsolicited,0,0,,C0|00|08|00|00|00|07
1771327737.736,unsolicited,0,0,,C0|00|08|00|00|00|07
1771327737.770,unsolicited,0,0,,C0|00|08|00|00|00|07
1771327737.805,unsolicited,0,0,,C0|00|08|00|00|00|07
1771327737.937,unsolicited,0,0,,C0|00|08|00|00|00|07
1771327738.039,unsolicited,0,0,,C0|00|08|00|00|00|07
1771327738.072,unsolicited,0,0,,C0|00|08|00|00|00|07
1771327738.105,unsolicited,0,0,,C0|00|08|00|00|00|07
1771327738.138,unsolicited,0,0,,C0|00|08|00|00|00|07
1771327738.172,unsolicited,0,0,,C0|00|08|00|00|00|07
1771327738.205,unsolicited,0,0,,C0|00|08|00|00|00|07
1771327738.206,unsolicited,0,0,,C0|00|08|00|00|00|07
1771327738.305,unsolicited,0,0,,C0|00|08|00|00|00|07
1771327738.306,unsolicited,0,0,,C0|00|08|00|00|00|07
1771327738.439,unsolicited,0,0,,C0|00|08|00|00|00|07
1771327738.508,unsolicited,0,0,,C0|00|08|00|00|00|07
1771327738.608,unsolicited,0,0,,C0|00|08|00|00|00|07
1771327738.643,unsolicited,0,0,,C0|00|08|00|00|00|07
1771327738.677,unsolicited,0,0,,C0|00|08|00|00|00|07
1771327738.744,unsolicited,0,0,,C0|00|08|00|00|00|07
1771327738.776,unsolicited,0,0,,C0|00|08|00|00|00|07
1771327738.777,unsolicited,0,0,,C0|00|08|00|00|00|07
1771327738.945,unsolicited,0,0,,C0|00|08|00|00|00|07
1771327738.978,unsolicited,0,0,,C0|00|08|00|00|00|07
1771327738.978,unsolicited,0,0,,C0|00|08|00|00|00|07
1771327739.012,unsolicited,0,0,,C0|00|08|00|00|00|07
1771327739.147,unsolicited,0,0,,C0|00|08|00|00|00|07
1771327739.180,unsolicited,0,0,,C0|00|08|00|00|00|07
1771327739.216,unsolicited,0,0,,C0|00|08|00|00|00|07
1771327739.451,unsolicited,0,0,,C0|00|08|00|00|00|07
1771327739.721,unsolicited,0,0,,C0|00|08|00|00|00|07
1771327739.755,unsolicited,0,0,,C0|00|08|00|00|00|07
1771327739.823,unsolicited,0,0,,C0|00|08|00|00|00|07
1771327739.857,unsolicited,0,0,,C0|00|08|00|00|00|07
1771327739.957,unsolicited,0,0,,C0|00|08|00|00|00|07
1771327740.057,unsolicited,0,0,,C0|00|08|00|00|00|07
1771327740.090,unsolicited,0,0,,C0|00|08|00|00|00|07
1771327740.091,unsolicited,0,0,,C0|00|08|00|00|00|07
1771327740.091,unsolicited,0,0,,C0|00|08|00|00|00|07
1771327740.235,unsolicited,0,0,,C0|00|08|00|00|00|07
1771327740.291,unsolicited,0,0,,C0|00|08|00|00|00|07
1771327740.459,unsolicited,0,0,,C0|00|08|00|00|00|07
1771327740.526,unsolicited,0,0,,C0|00|08|00|00|00|07
1771327740.593,unsolicited,0,0,,C0|00|08|00|00|00|07
1771327740.594,unsolicited,0,0,,C0|00|08|00|00|00|07
1771327740.695,unsolicited,0,0,,C0|00|08|00|00|00|07
1771327740.729,unsolicited,0,0,,C0|00|08|00|00|00|07
1771327740.763,unsolicited,0,0,,C0|00|08|00|00|00|07
1771327740.797,unsolicited,0,0,,C0|00|08|00|00|00|07
1771327740.831,unsolicited,0,0,,C0|00|08|00|00|00|07
1771327740.899,unsolicited,0,0,,C0|00|08|00|00|00|07
1771327740.967,unsolicited,0,0,,C0|00|08|00|00|00|07
1771327741.166,unsolicited,0,0,,C0|00|08|00|00|00|07
1771327741.199,unsolicited,0,0,,C0|00|08|00|00|00|07
1771327741.470,unsolicited,0,0,,C0|00|08|00|00|00|07
1771327741.538,unsolicited,0,0,,C0|00|08|00|00|00|07
1771327741.639,unsolicited,0,0,,C0|00|08|00|00|00|07
1771327741.739,unsolicited,0,0,,C0|00|08|00|00|00|07
1771327741.806,unsolicited,0,0,,C0|00|08|00|00|00|07
1771327741.840,unsolicited,0,0,,C0|00|08|00|00|00|07
1771327741.909,unsolicited,0,0,,C0|00|08|00|00|00|07
1771327741.974,unsolicited,0,0,,C0|00|08|00|00|00|07
1771327742.041,unsolicited,0,0,,C0|00|08|00|00|00|07
1771327742.109,unsolicited,0,0,,C0|00|08|00|00|00|07
1771327742.210,unsolicited,0,0,,C0|00|08|00|00|00|07
1771327742.278,unsolicited,0,0,,C0|00|08|00|00|00|07
1771327742.345,unsolicited,0,0,,C0|00|08|00|00|00|07
1771327742.447,unsolicited,0,0,,C0|00|08|00|00|00|07
1771327742.479,unsolicited,0,0,,C0|00|08|00|00|00|07
1771327742.480,unsolicited,0,0,,C0|00|08|00|00|00|07
1771327742.546,unsolicited,0,0,,C0|00|08|00|00|00|07
1771327742.647,unsolicited,0,0,,C0|00|08|00|00|00|07
1771327742.747,unsolicited,0,0,,C0|00|08|00|00|00|07
1771327742.780,unsolicited,0,0,,C0|00|08|00|00|00|07
1771327742.949,unsolicited,0,0,,C0|00|08|00|00|00|07
1771327743.017,unsolicited,0,0,,C0|00|08|00|00|00|07
1771327743.050,unsolicited,0,0,,C0|00|08|00|00|00|07
1771327743.116,unsolicited,0,0,,C0|00|08|00|00|00|07
1771327743.216,unsolicited,0,0,,C0|00|08|00|00|00|07
1771327743.316,unsolicited,0,0,,C0|00|08|00|00|00|07
1771327743.414,unsolicited,0,0,,C0|00|08|00|00|00|07
1771327743.415,unsolicited,0,0,,C0|00|08|00|00|00|07
1771327743.480,unsolicited,0,0,,C0|00|08|00|00|00|07
1771327743.616,unsolicited,0,0,,C0|00|08|00|00|00|07
1771327743.717,unsolicited,0,0,,C0|00|08|00|00|00|07
1771327743.785,unsolicited,0,0,,C0|00|08|00|00|00|07
1771327743.886,unsolicited,0,0,,C0|00|08|00|00|00|07
1771327743.919,unsolicited,0,0,,C0|00|08|00|00|00|07
1771327743.953,unsolicited,0,0,,C0|00|08|00|00|00|07
1771327743.987,unsolicited,0,0,,C0|00|08|00|00|00|07
1771327744.021,unsolicited,0,0,,C0|00|08|00|00|00|07
1771327744.123,unsolicited,0,0,,C0|00|08|00|00|00|07
1771327744.290,unsolicited,0,0,,C0|00|08|00|00|00|07
1771327744.427,unsolicited,0,0,,C0|00|08|00|00|00|07
1771327744.461,unsolicited,0,0,,C0|00|08|00|00|00|07
1771327744.495,unsolicited,0,0,,C0|00|08|00|00|00|07
1771327744.799,unsolicited,0,0,,C0|00|08|00|00|00|07
1771327744.934,unsolicited,0,0,,C0|00|08|00|00|00|07
1771327744.934,unsolicited,0,0,,C0|00|08|00|00|00|07
1771327744.967,unsolicited,0,0,,C0|00|08|00|00|00|07
1771327745.035,unsolicited,0,0,,C0|00|08|00|00|00|07
1771327745.068,unsolicited,0,0,,C0|00|08|00|00|00|07
1771327745.168,unsolicited,0,0,,C0|00|08|00|00|00|07
1771327745.169,unsolicited,0,0,,C0|00|08|00|00|00|07
1771327745.303,unsolicited,0,0,,C0|00|08|00|00|00|07
1771327745.337,unsolicited,0,0,,C0|00|08|00|00|00|07
1771327745.404,unsolicited,0,0,,C0|00|08|00|00|00|07
1771327745.639,unsolicited,0,0,,C0|00|08|00|00|00|07
1771327745.839,unsolicited,0,0,,C0|00|08|00|00|00|07
1771327745.872,unsolicited,0,0,,C0|00|08|00|00|00|07
1771327745.873,unsolicited,0,0,,C0|00|08|00|00|00|07
1771327745.906,unsolicited,0,0,,C0|00|08|00|00|00|07
1771327746.176,unsolicited,0,0,,C0|00|08|00|00|00|07
1771327746.210,unsolicited,0,0,,C0|00|08|00|00|00|07
1771327746.477,unsolicited,0,0,,C0|00|08|00|00|00|07
1771327746.748,unsolicited,0,0,,C0|00|08|00|00|00|07
1771327746.848,unsolicited,0,0,,C0|00|08|00|00|00|07
1771327746.916,unsolicited,0,0,,C0|00|08|00|00|00|07
1771327746.984,unsolicited,0,0,,C0|00|08|00|00|00|07
1771327747.019,unsolicited,0,0,,C0|00|08|00|00|00|07
1771327747.121,unsolicited,0,0,,C0|00|08|00|00|00|07
1771327747.222,unsolicited,0,0,,C0|00|08|00|00|00|07
1771327747.255,unsolicited,0,0,,C0|00|08|00|00|00|07
1771327747.256,unsolicited,0,0,,C0|00|08|00|00|00|07
1771327747.356,unsolicited,0,0,,C0|00|08|00|00|00|07
1771327747.357,unsolicited,0,0,,C0|00|08|00|00|00|07
1771327747.458,unsolicited,0,0,,C0|00|08|00|00|00|07
1771327747.492,unsolicited,0,0,,C0|00|08|00|00|00|07
1771327747.526,unsolicited,0,0,,C0|00|08|00|00|00|07
1771327747.559,unsolicited,0,0,,C0|00|08|00|00|00|07
1771327747.593,unsolicited,0,0,,C0|00|08|00|00|00|07
1771327747.593,unsolicited,0,0,,C0|00|08|00|00|00|07
1771327747.594,unsolicited,0,0,,C0|00|08|00|00|00|07
1771327747.626,unsolicited,0,0,,C0|00|08|00|00|00|07
1771327747.829,unsolicited,0,0,,C0|00|08|00|00|00|07
1771327747.962,unsolicited,0,0,,C0|00|08|00|00|00|07
1771327748.231,unsolicited,0,0,,C0|00|08|00|00|00|07
1771327748.299,unsolicited,0,0,,C0|00|08|00|00|00|07
1771327748.366,unsolicited,0,0,,C0|00|08|00|00|00|07
1771327748.367,unsolicited,0,0,,C0|00|08|00|00|00|07
1771327748.536,unsolicited,0,0,,C0|00|08|00|00|00|07
1771327748.537,unsolicited,0,0,,C0|00|08|00|00|00|07
1771327748.570,unsolicited,0,0,,C0|00|08|00|00|00|07
1771327748.670,unsolicited,0,0,,C0|00|08|00|00|00|07
1771327748.771,unsolicited,0,0,,C0|00|08|00|00|00|07
1771327748.838,unsolicited,0,0,,C0|00|08|00|00|00|07
1771327748.872,unsolicited,0,0,,C0|00|08|00|00|00|07
1771327748.972,unsolicited,0,0,,C0|00|08|00|00|00|07
1771327749.142,unsolicited,0,0,,C0|00|08|00|00|00|07
1771327749.176,unsolicited,0,0,,C0|00|08|00|00|00|07
1771327749.245,unsolicited,0,0,,C0|00|08|00|00|00|07
1771327749.411,unsolicited,0,0,,C0|00|08|00|00|00|07
1771327749.412,unsolicited,0,0,,C0|00|08|00|00|00|07
1771327749.545,unsolicited,0,0,,C0|00|08|00|00|00|07
1771327749.715,unsolicited,0,0,,C0|00|08|00|00|00|07
1771327749.783,unsolicited,0,0,,C0|00|08|00|00|00|07
1771327749.816,unsolicited,0,0,,C0|00|08|00|00|00|07
1771327750.053,unsolicited,0,0,,C0|00|08|00|00|00|07
1771327750.086,unsolicited,0,0,,C0|00|08|00|00|00|07
1771327750.352,unsolicited,0,0,,C0|00|08|00|00|00|07
1771327750.419,unsolicited,0,0,,C0|00|08|00|00|00|07
1771327750.655,unsolicited,0,0,,C0|00|08|00|00|00|07
1771327750.889,unsolicited,0,0,,C0|00|08|00|00|00|07
1771327750.922,unsolicited,0,0,,C0|00|08|00|00|00|07
1771327751.023,unsolicited,0,0,,C0|00|08|00|00|00|07
1771327751.023,unsolicited,0,0,,C0|00|08|00|00|00|07
1771327751.357,unsolicited,0,0,,C0|00|08|00|00|00|07
1771327751.391,unsolicited,0,0,,C0|00|08|00|00|00|07
1771327751.459,unsolicited,0,0,,C0|00|08|00|00|00|07
1771327751.492,unsolicited,0,0,,C0|00|08|00|00|00|07
1771327751.626,unsolicited,0,0,,C0|00|08|00|00|00|07
1771327751.659,unsolicited,0,0,,C0|00|08|00|00|00|07
1771327751.659,unsolicited,0,0,,C0|00|08|00|00|00|07
1771327751.692,unsolicited,0,0,,C0|00|08|00|00|00|07
1771327751.894,unsolicited,0,0,,C0|00|08|00|00|00|07
1771327751.962,unsolicited,0,0,,C0|00|08|00|00|00|07
1771327752.062,unsolicited,0,0,,C0|00|08|00|00|00|07
1771327752.095,unsolicited,0,0,,C0|00|08|00|00|00|07
1771327752.128,unsolicited,0,0,,C0|00|08|00|00|00|07
1771327752.431,unsolicited,0,0,,C0|00|08|00|00|00|07
1771327752.432,unsolicited,0,0,,C0|00|08|00|00|00|07
1771327752.498,unsolicited,0,0,,C0|00|08|00|00|00|07
1771327752.701,unsolicited,0,0,,C0|00|08|00|00|00|07
1771327752.734,unsolicited,0,0,,C0|00|08|00|00|00|07
1771327752.801,unsolicited,0,0,,C0|00|08|00|00|00|07
1771327752.801,unsolicited,0,0,,C0|00|08|00|00|00|07
1771327752.835,unsolicited,0,0,,C0|00|08|00|00|00|07
1771327752.868,unsolicited,0,0,,C0|00|08|00|00|00|07
1771327753.003,unsolicited,0,0,,C0|00|08|00|00|00|07
1771327753.103,unsolicited,0,0,,C0|00|08|00|00|00|07
1771327753.271,unsolicited,0,0,,C0|00|08|00|00|00|07
1771327753.440,unsolicited,0,0,,C0|00|08|00|00|00|07
1771327753.441,unsolicited,0,0,,C0|00|08|00|00|00|07
1771327753.542,unsolicited,0,0,,C0|00|08|00|00|00|07
1771327753.575,unsolicited,0,0,,C0|00|08|00|00|00|07
1771327753.609,unsolicited,0,0,,C0|00|08|00|00|00|07
1771327753.777,unsolicited,0,0,,C0|00|08|00|00|00|07
1771327753.843,unsolicited,0,0,,C0|00|08|00|00|00|07
1771327753.908,unsolicited,0,0,,C0|00|08|00|00|00|07
1771327753.908,unsolicited,0,0,,C0|00|08|00|00|00|07
1771327753.975,unsolicited,0,0,,C0|00|08|00|00|00|07
1771327754.009,unsolicited,0,0,,C0|00|08|00|00|00|07
1771327754.042,unsolicited,0,0,,C0|00|08|00|00|00|07
1771327754.086,unsolicited,0,0,,C0|00|08|00|00|00|07
1771327754.286,unsolicited,0,0,,C0|00|08|00|00|00|07
1771327754.287,unsolicited,0,0,,C0|00|08|00|00|00|07
1771327754.287,unsolicited,0,0,,C0|00|08|00|00|00|07
1771327754.320,unsolicited,0,0,,C0|00|08|00|00|00|07
1771327754.353,unsolicited,0,0,,C0|00|08|00|00|00|07
1771327754.420,unsolicited,0,0,,C0|00|08|00|00|00|07
1771327754.488,unsolicited,0,0,,C0|00|08|00|00|00|07
1771327754.755,unsolicited,0,0,,C0|00|08|00|00|00|07
1771327754.788,unsolicited,0,0,,C0|00|08|00|00|00|07
1771327754.822,unsolicited,0,0,,C0|00|08|00|00|00|07
1771327754.922,unsolicited,0,0,,C0|00|08|00|00|00|07
1771327755.024,unsolicited,0,0,,C0|00|08|00|00|00|07
1771327755.193,unsolicited,0,0,,C0|00|08|00|00|00|07
1771327755.439,unsolicited,0,0,,C0|00|08|00|00|00|07
1771327755.473,unsolicited,0,0,,C0|00|08|00|00|00|07
1771327755.540,unsolicited,0,0,,C0|00|08|00|00|00|07
1771327755.675,unsolicited,0,0,,C0|00|08|00|00|00|07
1771327755.809,unsolicited,0,0,,C0|00|08|00|00|00|07
1771327755.909,unsolicited,0,0,,C0|00|08|00|00|00|07
1771327755.910,unsolicited,0,0,,C0|00|08|00|00|00|07
1771327756.044,unsolicited,0,0,,C0|00|08|00|00|00|07
1771327756.111,unsolicited,0,0,,C0|00|08|00|00|00|07
1771327756.145,unsolicited,0,0,,C0|00|08|00|00|00|07
1771327756.212,unsolicited,0,0,,C0|00|08|00|00|00|07
1771327756.246,unsolicited,0,0,,C0|00|08|00|00|00|07
1771327756.280,unsolicited,0,0,,C0|00|08|00|00|00|07
1771327756.281,unsolicited,0,0,,C0|00|08|00|00|00|07
1771327756.381,unsolicited,0,0,,C0|00|08|00|00|00|07
1771327756.517,unsolicited,0,0,,C0|00|08|00|00|00|07
1771327756.654,unsolicited,0,0,,C0|00|08|00|00|00|07
1771327756.854,unsolicited,0,0,,C0|00|08|00|00|00|07
1771327756.920,unsolicited,0,0,,C0|00|08|00|00|00|07
1771327756.988,unsolicited,0,0,,C0|00|08|00|00|00|07
1771327757.056,unsolicited,0,0,,C0|00|08|00|00|00|07
1771327757.090,unsolicited,0,0,,C0|00|08|00|00|00|07
1771327757.123,unsolicited,0,0,,C0|00|08|00|00|00|07
1771327757.191,unsolicited,0,0,,C0|00|08|00|00|00|07
1771327757.224,unsolicited,0,0,,C0|00|08|00|00|00|07
1771327757.258,unsolicited,0,0,,C0|00|08|00|00|00|07
1771327757.325,unsolicited,0,0,,C0|00|08|00|00|00|07
1771327757.359,unsolicited,0,0,,C0|00|08|00|00|00|07
1771327757.427,unsolicited,0,0,,C0|00|08|00|00|00|07
1771327757.528,unsolicited,0,0,,C0|00|08|00|00|00|07
1771327757.528,unsolicited,0,0,,C0|00|08|00|00|00|07
1771327757.561,unsolicited,0,0,,C0|00|08|00|00|00|07
1771327757.596,unsolicited,0,0,,C0|00|08|00|00|00|07
1771327757.662,unsolicited,0,0,,C0|00|08|00|00|00|07
1771327757.796,unsolicited,0,0,,C0|00|08|00|00|00|07
1771327757.965,unsolicited,0,0,,C0|00|08|00|00|00|07
1771327758.032,unsolicited,0,0,,C0|00|08|00|00|00|07
1771327758.033,unsolicited,0,0,,C0|00|08|00|00|00|07
1771327758.235,unsolicited,0,0,,C0|00|08|00|00|00|07
1771327758.268,unsolicited,0,0,,C0|00|08|00|00|00|07
1771327758.336,unsolicited,0,0,,C0|00|08|00|00|00|07
1771327758.369,unsolicited,0,0,,C0|00|08|00|00|00|07
1771327758.502,unsolicited,0,0,,C0|00|08|00|00|00|07
1771327758.571,unsolicited,0,0,,C0|00|08|00|00|00|07
1771327758.673,unsolicited,0,0,,C0|00|08|00|00|00|07
1771327758.773,unsolicited,0,0,,C0|00|08|00|00|00|07
1771327758.774,unsolicited,0,0,,C0|00|08|00|00|00|07
1771327758.873,unsolicited,0,0,,C0|00|08|00|00|00|07
1771327758.906,unsolicited,0,0,,C0|00|08|00|00|00|07
1771327759.052,unsolicited,0,0,,C0|00|08|00|00|00|07
1771327759.086,unsolicited,0,0,,C0|00|08|00|00|00|07
1771327759.086,unsolicited,0,0,,C0|00|08|00|00|00|07
1771327759.120,unsolicited,0,0,,C0|00|08|00|00|00|07
1771327759.120,unsolicited,0,0,,C0|00|08|00|00|00|07
1771327759.221,unsolicited,0,0,,C0|00|08|00|00|00|07
1771327759.456,unsolicited,0,0,,C0|00|08|00|00|00|07
1771327759.490,unsolicited,0,0,,C0|00|08|00|00|00|07
1771327759.523,unsolicited,0,0,,C0|00|08|00|00|00|07
1771327759.524,unsolicited,0,0,,C0|00|08|00|00|00|07
1771327759.524,unsolicited,0,0,,C0|00|08|00|00|00|07
1771327759.828,unsolicited,0,0,,C0|00|08|00|00|00|07
1771327759.894,unsolicited,0,0,,C0|00|08|00|00|00|07
1771327759.962,unsolicited,0,0,,C0|00|08|00|00|00|07
1771327759.996,unsolicited,0,0,,C0|00|08|00|00|00|07
1771327760.097,unsolicited,0,0,,C0|00|08|00|00|00|07
1771327760.165,unsolicited,0,0,,C0|00|08|00|00|00|07
1771327760.232,unsolicited,0,0,,C0|00|08|00|00|00|07
1771327760.333,unsolicited,0,0,,C0|00|08|00|00|00|07
1771327760.366,unsolicited,0,0,,C0|00|08|00|00|00|07
1771327760.432,unsolicited,0,0,,C0|00|08|00|00|00|07
1771327760.466,unsolicited,0,0,,C0|00|08|00|00|00|07
1771327760.600,unsolicited,0,0,,C0|00|08|00|00|00|07
1771327760.634,unsolicited,0,0,,C0|00|08|00|00|00|07
1771327760.667,unsolicited,0,0,,C0|00|08|00|00|00|07
1771327760.700,unsolicited,0,0,,C0|00|08|00|00|00|07
1771327760.768,unsolicited,0,0,,C0|00|08|00|00|00|07
1771327760.802,unsolicited,0,0,,C0|00|08|00|00|00|07
1771327760.835,unsolicited,0,0,,C0|00|08|00|00|00|07
1771327760.869,unsolicited,0,0,,C0|00|08|00|00|00|07
1771327760.936,unsolicited,0,0,,C0|00|08|00|00|00|07
1771327761.071,unsolicited,0,0,,C0|00|08|00|00|00|07
1771327761.105,unsolicited,0,0,,C0|00|08|00|00|00|07
1771327761.206,unsolicited,0,0,,C0|00|08|00|00|00|07
1771327761.240,unsolicited,0,0,,C0|00|08|00|00|00|07
1771327761.341,unsolicited,0,0,,C0|00|08|00|00|00|07
1771327761.512,unsolicited,0,0,,C0|00|08|00|00|00|07
1771327761.546,unsolicited,0,0,,C0|00|08|00|00|00|07
1771327761.682,unsolicited,0,0,,C0|00|08|00|00|00|07
1771327761.719,unsolicited,0,0,,C0|00|08|00|00|00|07
1771327761.753,unsolicited,0,0,,C0|00|08|00|00|00|07
1771327761.753,unsolicited,0,0,,C0|00|08|00|00|00|07
1771327761.786,unsolicited,0,0,,C0|00|08|00|00|00|07
1771327761.821,unsolicited,0,0,,C0|00|08|00|00|00|07
1771327761.921,unsolicited,0,0,,C0|00|08|00|00|00|07
1771327761.955,unsolicited,0,0,,C0|00|08|00|00|00|07
1771327761.990,unsolicited,0,0,,C0|00|08|00|00|00|07
1771327762.024,unsolicited,0,0,,C0|00|08|00|00|00|07
1771327762.057,unsolicited,0,0,,C0|00|08|00|00|00|07
1771327762.091,unsolicited,0,0,,C0|00|08|00|00|00|07
1771327762.494,unsolicited,0,0,,C0|00|08|00|00|00|07
1771327762.527,unsolicited,0,0,,C0|00|08|00|00|00|07
1771327762.529,unsolicited,0,0,,C0|00|08|00|00|00|07
1771327762.696,unsolicited,0,0,,C0|00|08|00|00|00|07
1771327762.730,unsolicited,0,0,,C0|00|08|00|00|00|07
1771327762.864,unsolicited,0,0,,C0|00|08|00|00|00|07
1771327762.897,unsolicited,0,0,,C0|00|08|00|00|00|07
1771327762.999,unsolicited,0,0,,C0|00|08|00|00|00|07
1771327763.237,unsolicited,0,0,,C0|00|08|00|00|00|07
1771327763.269,unsolicited,0,0,,C0|00|08|00|00|00|07
1771327763.270,unsolicited,0,0,,C0|00|08|00|00|00|07
1771327763.302,unsolicited,0,0,,C0|00|08|00|00|00|07
1771327763.303,unsolicited,0,0,,C0|00|08|00|00|00|07
1771327763.437,unsolicited,0,0,,C0|00|08|00|00|00|07
1771327763.472,unsolicited,0,0,,C0|00|08|00|00|00|07
1771327763.473,unsolicited,0,0,,C0|00|08|00|00|00|07
1771327763.539,unsolicited,0,0,,C0|00|08|00|00|00|07
1771327763.909,unsolicited,0,0,,C0|00|08|00|00|00|07
1771327763.975,unsolicited,0,0,,C0|00|08|00|00|00|07
1771327764.111,unsolicited,0,0,,C0|00|08|00|00|00|07
1771327764.144,unsolicited,0,0,,C0|00|08|00|00|00|07
1771327764.244,unsolicited,0,0,,C0|00|08|00|00|00|07
1771327764.278,unsolicited,0,0,,C0|00|08|00|00|00|07
1771327764.407,unsolicited,0,0,,C0|00|08|00|00|00|07
1771327764.474,unsolicited,0,0,,C0|00|08|00|00|00|07
1771327764.643,unsolicited,0,0,,C0|00|08|00|00|00|07
1771327764.779,unsolicited,0,0,,C0|00|08|00|00|00|07
1771327764.945,unsolicited,0,0,,C0|00|08|00|00|00|07
1771327765.047,unsolicited,0,0,,C0|00|08|00|00|00|07
1771327765.149,unsolicited,0,0,,C0|00|08|00|00|00|07
1771327765.149,unsolicited,0,0,,C0|00|08|00|00|00|07
1771327765.315,unsolicited,0,0,,C0|00|08|00|00|00|07
1771327765.349,unsolicited,0,0,,C0|00|08|00|00|00|07
1771327765.383,unsolicited,0,0,,C0|00|08|00|00|00|07
1771327765.619,unsolicited,0,0,,C0|00|08|00|00|00|07
1771327765.652,unsolicited,0,0,,C0|00|08|00|00|00|07
1771327765.751,unsolicited,0,0,,C0|00|08|00|00|00|07
1771327765.853,unsolicited,0,0,,C0|00|08|00|00|00|07
1771327765.955,unsolicited,0,0,,C0|00|08|00|00|00|07
1771327766.021,unsolicited,0,0,,C0|00|08|00|00|00|07
1771327766.055,unsolicited,0,0,,C0|00|08|00|00|00|07
1771327766.156,unsolicited,0,0,,C0|00|08|00|00|00|07
1771327766.390,unsolicited,0,0,,C0|00|08|00|00|00|07
1771327766.456,unsolicited,0,0,,C0|00|08|00|00|00|07
1771327766.489,unsolicited,0,0,,C0|00|08|00|00|00|07
1771327766.657,unsolicited,0,0,,C0|00|08|00|00|00|07
1771327766.824,unsolicited,0,0,,C0|00|08|00|00|00|07
1771327766.934,unsolicited,0,0,,C0|00|08|00|00|00|07
1771327766.934,unsolicited,0,0,,C0|00|08|00|00|00|07
1771327766.967,unsolicited,0,0,,C0|00|08|00|00|00|07
1771327767.000,unsolicited,0,0,,C0|00|08|00|00|00|07
1771327767.001,unsolicited,0,0,,C0|00|08|00|00|00|07
1771327767.034,unsolicited,0,0,,C0|00|08|00|00|00|07
1771327767.069,unsolicited,0,0,,C0|00|08|00|00|00|07
1771327767.171,unsolicited,0,0,,C0|00|08|00|00|00|07
1771327767.405,unsolicited,0,0,,C0|00|08|00|00|00|07
1771327767.538,unsolicited,0,0,,C0|00|08|00|00|00|07
1771327767.640,unsolicited,0,0,,C0|00|08|00|00|00|07
1771327767.673,unsolicited,0,0,,C0|00|08|00|00|00|07
1771327767.674,unsolicited,0,0,,C0|00|08|00|00|00|07
1771327767.743,unsolicited,0,0,,C0|00|08|00|00|00|07
1771327767.777,unsolicited,0,0,,C0|00|08|00|00|00|07
1771327767.809,unsolicited,0,0,,C0|00|08|00|00|00|07
1771327767.844,unsolicited,0,0,,C0|00|08|00|00|00|07
1771327767.910,unsolicited,0,0,,C0|00|08|00|00|00|07
1771327767.911,unsolicited,0,0,,C0|00|08|00|00|00|07
1771327767.978,unsolicited,0,0,,C0|00|08|00|00|00|07
1771327768.046,unsolicited,0,0,,C0|00|08|00|00|00|07
1771327768.047,unsolicited,0,0,,C0|00|08|00|00|00|07
1771327768.081,unsolicited,0,0,,C0|00|08|00|00|00|07
1771327768.114,unsolicited,0,0,,C0|00|08|00|00|00|07
1771327768.247,unsolicited,0,0,,C0|00|08|00|00|00|07
1771327768.247,unsolicited,0,0,,C0|00|08|00|00|00|07
1771327768.346,unsolicited,0,0,,C0|00|08|00|00|00|07
1771327768.347,unsolicited,0,0,,C0|00|08|00|00|00|07
1771327768.379,unsolicited,0,0,,C0|00|08|00|00|00|07
1771327768.481,unsolicited,0,0,,C0|00|08|00|00|00|07
1771327768.581,unsolicited,0,0,,C0|00|08|00|00|00|07
1771327768.780,unsolicited,0,0,,C0|00|08|00|00|00|07
1771327768.781,unsolicited,0,0,,C0|00|08|00|00|00|07
1771327768.849,unsolicited,0,0,,C0|00|08|00|00|00|07
1771327768.915,unsolicited,0,0,,C0|00|08|00|00|00|07
1771327768.950,unsolicited,0,0,,C0|00|08|00|00|00|07
1771327769.085,unsolicited,0,0,,C0|00|08|00|00|00|07
1771327769.217,unsolicited,0,0,,C0|00|08|00|00|00|07
1771327769.219,unsolicited,0,0,,C0|00|08|00|00|00|07
1771327769.351,unsolicited,0,0,,C0|00|08|00|00|00|07
1771327769.588,unsolicited,0,0,,C0|00|08|00|00|00|07
1771327769.694,unsolicited,0,0,,C0|00|08|00|00|00|07
1771327769.723,unsolicited,0,0,,C0|00|08|00|00|00|07
1771327769.790,unsolicited,0,0,,C0|00|08|00|00|00|07
1771327769.893,unsolicited,0,0,,C0|00|08|00|00|00|07
1771327769.961,unsolicited,0,0,,C0|00|08|00|00|00|07
1771327770.226,unsolicited,0,0,,C0|00|08|00|00|00|07
1771327770.260,unsolicited,0,0,,C0|00|08|00|00|00|07
1771327770.293,unsolicited,0,0,,C0|00|08|00|00|00|07
1771327770.529,unsolicited,0,0,,C0|00|08|00|00|00|07
1771327770.530,unsolicited,0,0,,C0|00|08|00|00|00|07
1771327770.630,unsolicited,0,0,,C0|00|08|00|00|00|07
1771327770.631,unsolicited,0,0,,C0|00|08|00|00|00|07
1771327770.730,unsolicited,0,0,,C0|00|08|00|00|00|07
1771327770.763,unsolicited,0,0,,C0|00|08|00|00|00|07
1771327770.799,unsolicited,0,0,,C0|00|08|00|00|00|07
1771327770.898,unsolicited,0,0,,C0|00|08|00|00|00|07
1771327770.931,unsolicited,0,0,,C0|00|08|00|00|00|07
1771327770.932,unsolicited,0,0,,C0|00|08|00|00|00|07
1771327770.999,unsolicited,0,0,,C0|00|08|00|00|00|07
1771327771.235,unsolicited,0,0,,C0|00|08|00|00|00|07
1771327771.235,unsolicited,0,0,,C0|00|08|00|00|00|07
1771327771.346,unsolicited,0,0,,C0|00|08|00|00|00|07
1771327771.586,unsolicited,0,0,,C0|00|08|00|00|00|07
1771327771.618,unsolicited,0,0,,C0|00|08|00|00|00|07
1771327771.620,unsolicited,0,0,,C0|00|08|00|00|00|07
1771327771.685,unsolicited,0,0,,C0|00|08|00|00|00|07
1771327771.786,unsolicited,0,0,,C0|00|08|00|00|00|07
1771327771.852,unsolicited,0,0,,C0|00|08|00|00|00|07
1771327772.085,unsolicited,0,0,,C0|00|08|00|00|00|07
1771327772.353,unsolicited,0,0,,C0|00|08|00|00|00|07
1771327772.387,unsolicited,0,0,,C0|00|08|00|00|00|07
1771327772.420,unsolicited,0,0,,C0|00|08|00|00|00|07
1771327772.487,unsolicited,0,0,,C0|00|08|00|00|00|07
1771327772.588,unsolicited,0,0,,C0|00|08|00|00|00|07
1771327772.655,unsolicited,0,0,,C0|00|08|00|00|00|07
1771327772.657,unsolicited,0,0,,C0|00|08|00|00|00|07
1771327772.926,unsolicited,0,0,,C0|00|08|00|00|00|07
1771327772.995,unsolicited,0,0,,C0|00|08|00|00|00|07
1771327773.028,unsolicited,0,0,,C0|00|08|00|00|00|07
1771327773.094,unsolicited,0,0,,C0|00|08|00|00|00|07
1771327773.095,unsolicited,0,0,,C0|00|08|00|00|00|07
1771327773.127,unsolicited,0,0,,C0|00|08|00|00|00|07
1771327773.162,unsolicited,0,0,,C0|00|08|00|00|00|07
1771327773.262,unsolicited,0,0,,C0|00|08|00|00|00|07
1771327773.262,unsolicited,0,0,,C8|00|08|00|00|00|0F
1771327773.396,unsolicited,0,0,,C8|00|08|02|00|00|11
1771327773.632,unsolicited,0,0,,C8|00|08|05|00|00|14
1771327773.633,unsolicited,0,0,,C8|00|08|06|00|00|15
1771327773.735,unsolicited,0,0,,C8|00|08|07|00|00|16
1771327773.832,unsolicited,0,0,,C8|00|08|07|00|00|16
1771327773.932,unsolicited,0,0,,C8|00|08|07|00|00|16
1771327774.099,unsolicited,704,11,,C8|0B|08|05|00|00|1F
1771327774.267,unsolicited,704,11,,C8|0B|08|03|00|00|1D
1771327774.267,unsolicited,704,11,,C8|0B|08|02|00|00|1C
1771327774.334,unsolicited,704,11,,C8|0B|08|01|00|00|1B
1771327774.369,unsolicited,704,11,,C8|0B|08|01|00|00|1B
1771327774.434,unsolicited,704,11,,C8|0B|08|00|00|00|1A
1771327774.468,unsolicited,704,11,,C8|0B|08|00|00|00|1A
1771327774.501,unsolicited,704,11,,C8|0B|08|00|00|00|1A
1771327774.534,unsolicited,704,11,,C8|0B|08|00|00|00|1A
1771327774.601,unsolicited,704,11,,C8|0B|08|00|00|00|1A
1771327774.634,unsolicited,704,11,,C8|0B|08|00|00|00|1A
1771327774.668,unsolicited,704,11,,C8|0B|08|00|00|00|1A
1771327774.734,unsolicited,704,11,,C8|0B|08|00|00|00|1A
1771327774.834,unsolicited,704,11,,C8|0B|08|00|00|00|1A
1771327774.901,unsolicited,704,11,,C8|0B|08|00|00|00|1A
1771327774.937,unsolicited,704,11,,C8|0B|08|00|00|00|1A
1771327775.173,unsolicited,704,11,,C8|0B|08|00|00|00|1A
1771327775.241,unsolicited,704,11,,C8|0B|08|00|00|00|1A
1771327775.242,unsolicited,704,11,,C8|0B|08|00|00|00|1A
1771327775.477,unsolicited,704,11,,C8|0B|08|00|00|00|1A
1771327775.512,unsolicited,704,11,,C8|0B|08|00|00|00|1A
1771327775.545,unsolicited,704,11,,C8|0B|08|00|00|00|1A
1771327775.581,unsolicited,704,11,,C8|0B|08|00|00|00|1A
1771327775.613,unsolicited,704,11,,C8|0B|08|00|00|00|1A
1771327775.712,unsolicited,704,11,,C8|0B|08|00|00|00|1A
1771327775.712,unsolicited,704,11,,C8|0B|08|00|00|00|1A
1771327775.778,unsolicited,704,11,,C8|0B|08|00|00|00|1A
1771327775.812,unsolicited,704,11,,C8|0B|08|00|00|00|1A
1771327775.915,unsolicited,704,11,,C8|0B|08|00|00|00|1A
1771327776.013,unsolicited,704,11,,C8|0B|08|00|00|00|1A
1771327776.047,unsolicited,704,11,,C8|0B|08|00|00|00|1A
1771327776.081,unsolicited,704,11,,C8|0B|08|00|00|00|1A
1771327776.149,unsolicited,704,11,,C8|0B|08|00|00|00|1A
1771327776.182,unsolicited,704,11,,C8|0B|08|00|00|00|1A
1771327776.455,unsolicited,704,11,,C8|0B|08|00|00|00|1A
1771327776.626,unsolicited,640,10,,C8|0A|08|00|00|00|19
1771327776.726,unsolicited,640,10,,C8|0A|08|00|00|00|19
1771327776.761,unsolicited,640,10,,C8|0A|08|00|00|00|19
1771327776.795,unsolicited,640,10,,C8|0A|08|00|00|00|19
1771327776.829,unsolicited,640,10,,C8|0A|08|00|00|00|19
1771327776.896,unsolicited,640,10,,C8|0A|08|00|00|00|19
1771327776.962,unsolicited,640,10,,C0|0A|08|00|00|00|11
1771327776.996,unsolicited,640,10,,C0|0A|08|00|00|00|11
1771327777.196,unsolicited,640,10,,C0|0A|08|00|00|00|11
1771327777.229,unsolicited,640,10,,C0|0A|08|00|00|00|11
1771327777.230,unsolicited,640,10,,C0|0A|08|00|00|00|11
1771327777.264,unsolicited,640,10,,C0|0A|08|00|00|00|11
1771327777.330,unsolicited,640,10,,C0|0A|08|00|00|00|11
1771327777.362,unsolicited,640,10,,C0|0A|08|00|00|00|11
1771327777.462,unsolicited,640,10,,C0|0A|08|00|00|00|11
1771327777.497,unsolicited,640,10,,C0|0A|08|00|00|00|11
1771327777.632,unsolicited,640,10,,C0|0A|08|00|00|00|11
1771327777.766,unsolicited,640,10,,C0|0A|08|00|00|00|11
1771327777.833,unsolicited,640,10,,C0|0A|08|00|00|00|11
1771327777.833,unsolicited,640,10,,C0|0A|08|00|00|00|11
1771327777.866,unsolicited,640,10,,C0|0A|08|00|00|00|11
1771327777.933,unsolicited,640,10,,C0|0A|08|00|00|00|11
1771327777.966,unsolicited,640,10,,C0|0A|08|00|00|00|11
1771327778.069,unsolicited,640,10,,C0|0A|08|00|00|00|11
1771327778.172,unsolicited,640,10,,C0|0A|08|00|00|00|11
1771327778.206,unsolicited,640,10,,C0|0A|08|00|00|00|11
1771327778.273,unsolicited,640,10,,C0|0A|08|00|00|00|11
1771327778.309,unsolicited,640,10,,C0|0A|08|00|00|00|11
1771327778.341,unsolicited,640,10,,C0|0A|08|00|00|00|11
1771327778.376,unsolicited,640,10,,C0|0A|08|00|00|00|11
1771327778.474,unsolicited,640,10,,C0|0A|08|00|00|00|11
1771327778.508,unsolicited,640,10,,C0|0A|08|00|00|00|11
1771327778.542,unsolicited,640,10,,C0|0A|08|00|00|00|11
1771327778.609,unsolicited,640,10,,C0|0A|08|00|00|00|11
1771327778.643,unsolicited,640,10,,C0|0A|08|00|00|00|11
1771327778.678,unsolicited,640,10,,C0|0A|08|00|00|00|11
1771327778.811,unsolicited,640,10,,C0|0A|08|00|00|00|11
1771327778.845,unsolicited,640,10,,C0|0A|08|00|00|00|11
1771327778.912,unsolicited,640,10,,C0|0A|08|00|00|00|11
1771327778.946,unsolicited,640,10,,C0|0A|08|00|00|00|11
1771327778.979,unsolicited,640,10,,C0|0A|08|00|00|00|11
1771327779.079,unsolicited,640,10,,C0|0A|08|00|00|00|11
1771327779.080,unsolicited,640,10,,C0|0A|08|00|00|00|11
1771327779.114,unsolicited,640,10,,C0|0A|08|00|00|00|11
1771327779.147,unsolicited,640,10,,C0|0A|08|00|00|00|11
1771327779.181,unsolicited,640,10,,C0|0A|08|00|00|00|11
1771327779.249,unsolicited,640,10,,C0|0A|08|00|00|00|11
1771327779.348,unsolicited,640,10,,C0|0A|08|00|00|00|11
1771327779.415,unsolicited,640,10,,C0|0A|08|00|00|00|11
1771327779.416,unsolicited,640,10,,C0|0A|08|00|00|00|11
1771327779.450,unsolicited,640,10,,C0|0A|08|00|00|00|11
1771327779.515,unsolicited,640,10,,C0|0A|08|00|00|00|11
1771327779.549,unsolicited,640,10,,C0|0A|08|00|00|00|11
1771327779.615,unsolicited,640,10,,C0|0A|08|00|00|00|11
1771327779.649,unsolicited,640,10,,C0|0A|08|00|00|00|11
1771327779.682,unsolicited,640,10,,C0|0A|08|00|00|00|11
1771327779.750,unsolicited,640,10,,C0|0A|08|00|00|00|11
1771327779.882,unsolicited,640,10,,C0|0A|08|00|00|00|11
1771327779.984,unsolicited,640,10,,C0|0A|08|00|00|00|11
1771327780.083,unsolicited,640,10,,C0|0A|08|00|00|00|11
1771327780.120,unsolicited,640,10,,C0|0A|08|00|00|00|11
1771327780.219,unsolicited,640,10,,C0|0A|08|00|00|00|11
1771327780.252,unsolicited,640,10,,C0|0A|08|00|00|00|11
1771327780.286,unsolicited,640,10,,C0|0A|08|00|00|00|11
1771327780.353,unsolicited,640,10,,C0|0A|08|00|00|00|11
1771327780.418,unsolicited,640,10,,C0|0A|08|00|00|00|11
1771327780.451,unsolicited,640,10,,C0|0A|08|00|00|00|11
1771327780.519,unsolicited,640,10,,C0|0A|08|00|00|00|11
1771327780.720,unsolicited,640,10,,C0|0A|08|00|00|00|11
1771327780.722,unsolicited,640,10,,C0|0A|08|00|00|00|11
1771327780.858,unsolicited,640,10,,C0|0A|08|00|00|00|11
1771327781.058,unsolicited,640,10,,C0|0A|08|00|00|00|11
1771327781.091,unsolicited,640,10,,C0|0A|08|00|00|00|11
1771327781.125,unsolicited,640,10,,C0|0A|08|00|00|00|11
1771327781.192,unsolicited,640,10,,C0|0A|08|00|00|00|11
1771327781.258,unsolicited,640,10,,C0|0A|08|00|00|00|11
1771327781.292,unsolicited,640,10,,C0|0A|08|00|00|00|11
1771327781.325,unsolicited,640,10,,C0|0A|08|00|00|00|11
1771327781.392,unsolicited,640,10,,C0|0A|08|00|00|00|11
1771327781.425,unsolicited,640,10,,C0|0A|08|00|00|00|11
1771327781.458,unsolicited,640,10,,C0|0A|08|00|00|00|11
1771327781.627,unsolicited,640,10,,C0|0A|08|00|00|00|11
1771327781.692,unsolicited,640,10,,C0|0A|08|00|00|00|11
1771327781.693,unsolicited,640,10,,C0|0A|08|00|00|00|11
1771327781.727,unsolicited,640,10,,C0|0A|08|00|00|00|11
1771327781.760,unsolicited,640,10,,C0|0A|08|00|00|00|11
1771327781.793,unsolicited,640,10,,C0|0A|08|00|00|00|11
1771327781.928,unsolicited,640,10,,C0|0A|08|00|00|00|11
1771327781.960,unsolicited,640,10,,C0|0A|08|00|00|00|11
1771327781.995,unsolicited,640,10,,C0|0A|08|00|00|00|11
1771327782.026,unsolicited,640,10,,C0|0A|08|00|00|00|11
1771327782.092,unsolicited,640,10,,C0|0A|08|00|00|00|11
1771327782.158,unsolicited,640,10,,C0|0A|08|00|00|00|11
1771327782.426,unsolicited,640,10,,C0|0A|08|00|00|00|11
1771327782.458,unsolicited,640,10,,C0|0A|08|00|00|00|11
1771327782.591,unsolicited,640,10,,C0|0A|08|00|00|00|11
1771327782.592,unsolicited,640,10,,C0|0A|08|00|00|00|11
1771327782.691,unsolicited,640,10,,C0|0A|08|00|00|00|11
1771327782.724,unsolicited,640,10,,C0|0A|08|00|00|00|11
1771327782.759,unsolicited,640,10,,C0|0A|08|00|00|00|11
1771327782.793,unsolicited,640,10,,C0|0A|08|00|00|00|11
1771327782.826,unsolicited,640,10,,C0|0A|08|00|00|00|11
1771327782.860,unsolicited,640,10,,C0|0A|08|00|00|00|11
1771327783.161,unsolicited,640,10,,C0|0A|08|00|00|00|11
1771327783.195,unsolicited,640,10,,C0|0A|08|00|00|00|11
1771327783.228,unsolicited,640,10,,C0|0A|08|00|00|00|11
1771327783.500,unsolicited,640,10,,C0|0A|08|00|00|00|11
1771327783.534,unsolicited,640,10,,C0|0A|08|00|00|00|11
1771327783.567,unsolicited,640,10,,C0|0A|08|00|00|00|11
1771327783.600,unsolicited,640,10,,C0|0A|08|00|00|00|11
1771327783.668,unsolicited,640,10,,C0|0A|08|00|00|00|11
1771327783.702,unsolicited,640,10,,C0|0A|08|00|00|00|11
1771327783.703,unsolicited,640,10,,C0|0A|08|00|00|00|11
1771327783.815,unsolicited,640,10,,C0|0A|08|00|00|00|11
1771327783.851,unsolicited,640,10,,C0|0A|08|00|00|00|11
1771327783.883,unsolicited,640,10,,C0|0A|08|00|00|00|11
1771327783.915,unsolicited,640,10,,C0|0A|08|00|00|00|11
1771327784.015,unsolicited,640,10,,C0|0A|08|00|00|00|11
1771327784.150,unsolicited,640,10,,C0|0A|08|00|00|00|11
1771327784.282,unsolicited,640,10,,C0|0A|08|00|00|00|11
1771327784.285,unsolicited,640,10,,C0|0A|08|00|00|00|11
1771327784.318,unsolicited,640,10,,C0|0A|08|00|00|00|11
1771327784.351,unsolicited,640,10,,C0|0A|08|00|00|00|11
1771327784.385,unsolicited,640,10,,C0|0A|08|00|00|00|11
1771327784.385,unsolicited,640,10,,C0|0A|08|00|00|00|11
1771327784.587,unsolicited,640,10,,C0|0A|08|00|00|00|11
1771327784.656,unsolicited,640,10,,C0|0A|08|00|00|00|11
1771327784.657,unsolicited,640,10,,C0|0A|08|00|00|00|11
1771327784.824,unsolicited,640,10,,C0|0A|08|00|00|00|11
1771327784.892,unsolicited,640,10,,C0|0A|08|00|00|00|11
1771327784.992,unsolicited,640,10,,C0|0A|08|00|00|00|11
1771327785.026,unsolicited,640,10,,C0|0A|08|00|00|00|11
1771327785.059,unsolicited,640,10,,C0|0A|08|00|00|00|11
1771327785.126,unsolicited,640,10,,C0|0A|08|00|00|00|11
1771327785.228,unsolicited,640,10,,C0|0A|08|00|00|00|11
1771327785.328,unsolicited,640,10,,C0|0A|08|00|00|00|11
1771327785.565,unsolicited,640,10,,C0|0A|08|00|00|00|11
1771327785.565,unsolicited,640,10,,C0|0A|08|00|00|00|11
1771327785.600,unsolicited,640,10,,C0|0A|08|00|00|00|11
1771327785.634,unsolicited,640,10,,C0|0A|08|00|00|00|11
1771327785.699,unsolicited,640,10,,C0|0A|08|00|00|00|11
1771327785.736,unsolicited,640,10,,C0|0A|08|00|00|00|11
1771327785.832,unsolicited,640,10,,C0|0A|08|00|00|00|11
1771327785.836,unsolicited,640,10,,C0|0A|08|00|00|00|11
1771327786.001,unsolicited,640,10,,C0|0A|08|00|00|00|11
1771327786.034,unsolicited,640,10,,C0|0A|08|00|00|00|11
1771327786.035,unsolicited,640,10,,C0|0A|08|00|00|00|11
1771327786.035,unsolicited,640,10,,C0|0A|08|00|00|00|11
1771327786.070,unsolicited,640,10,,C0|0A|08|00|00|00|11
1771327786.208,unsolicited,640,10,,C0|0A|08|00|00|00|11
1771327786.239,unsolicited,640,10,,C0|0A|08|00|00|00|11
1771327786.339,unsolicited,640,10,,C0|0A|08|00|00|00|11
1771327786.410,unsolicited,640,10,,C0|0A|08|00|00|00|11
1771327786.542,unsolicited,640,10,,C0|0A|08|00|00|00|11
1771327786.575,unsolicited,640,10,,C0|0A|08|00|00|00|11
1771327786.746,unsolicited,640,10,,C0|0A|08|00|00|00|11
1771327786.747,unsolicited,640,10,,C0|0A|08|00|00|00|11
1771327786.811,unsolicited,640,10,,C0|0A|08|00|00|00|11
1771327786.812,unsolicited,640,10,,C0|0A|08|00|00|00|11
1771327786.845,unsolicited,640,10,,C0|0A|08|00|00|00|11
1771327786.911,unsolicited,640,10,,C0|0A|08|00|00|00|11
1771327786.979,unsolicited,640,10,,C0|0A|08|00|00|00|11
1771327787.113,unsolicited,640,10,,C0|0A|08|00|00|00|11
1771327787.145,unsolicited,640,10,,C0|0A|08|00|00|00|11
1771327787.212,unsolicited,640,10,,C0|0A|08|00|00|00|11
1771327787.247,unsolicited,640,10,,C0|0A|08|00|00|00|11
1771327787.311,unsolicited,640,10,,C0|0A|08|00|00|00|11
1771327787.612,unsolicited,640,10,,C0|0A|08|00|00|00|11
1771327787.680,unsolicited,640,10,,C0|0A|08|00|00|00|11
1771327787.681,unsolicited,640,10,,C0|0A|08|00|00|00|11
1771327787.817,unsolicited,640,10,,C0|0A|08|00|00|00|11
1771327787.985,unsolicited,640,10,,C0|0A|08|00|00|00|11
1771327788.054,unsolicited,640,10,,C0|0A|08|00|00|00|11
1771327788.086,unsolicited,640,10,,C0|0A|08|00|00|00|11
1771327788.185,unsolicited,640,10,,C0|0A|08|00|00|00|11
1771327788.188,unsolicited,640,10,,C0|0A|08|00|00|00|11
1771327788.219,unsolicited,640,10,,C0|0A|08|00|00|00|11
1771327788.488,unsolicited,640,10,,C0|0A|08|00|00|00|11
1771327788.520,unsolicited,640,10,,C0|0A|08|00|00|00|11
1771327788.522,unsolicited,640,10,,C0|0A|08|00|00|00|11
1771327788.723,unsolicited,640,10,,C0|0A|08|00|00|00|11
1771327788.857,unsolicited,640,10,,C0|0A|08|00|00|00|11
1771327788.857,unsolicited,640,10,,C0|0A|08|00|00|00|11
1771327788.959,unsolicited,640,10,,C0|0A|08|00|00|00|11
1771327789.062,unsolicited,640,10,,C0|0A|08|00|00|00|11
1771327789.092,unsolicited,640,10,,C0|0A|08|00|00|00|11
1771327789.159,unsolicited,640,10,,C0|0A|08|00|00|00|11
1771327789.226,unsolicited,640,10,,C0|0A|08|00|00|00|11
1771327789.292,unsolicited,0,0,,C0|00|08|00|00|00|07
1771327789.296,unsolicited,0,0,,C0|00|08|00|00|00|07
1771327789.360,unsolicited,0,0,,C0|00|08|00|00|00|07
1771327789.427,unsolicited,0,0,,C0|00|08|00|00|00|07
1771327789.495,unsolicited,0,0,,C0|00|08|00|00|00|07
1771327789.529,unsolicited,0,0,,C0|00|08|00|00|00|07
1771327789.529,unsolicited,0,0,,C0|00|08|00|00|00|07
1771327789.633,unsolicited,0,0,,C0|00|08|00|00|00|07
1771327789.868,unsolicited,0,0,,C0|00|08|00|00|00|07
1771327789.968,unsolicited,0,0,,C0|00|08|00|00|00|07
1771327790.102,unsolicited,0,0,,C0|00|08|00|00|00|07
1771327790.140,unsolicited,0,0,,C0|00|08|00|00|00|07
1771327790.170,unsolicited,0,0,,C0|00|08|00|00|00|07
1771327790.237,unsolicited,0,0,,C0|00|08|00|00|00|07
1771327790.369,unsolicited,0,0,,C0|00|08|00|00|00|07
1771327790.403,unsolicited,0,0,,C0|00|08|00|00|00|07
1771327790.436,unsolicited,0,0,,C0|00|08|00|00|00|07
1771327790.573,unsolicited,0,0,,C0|00|08|00|00|00|07
1771327790.707,unsolicited,0,0,,C0|00|08|00|00|00|07
1771327790.777,unsolicited,0,0,,C0|00|08|00|00|00|07
1771327790.809,unsolicited,0,0,,C0|00|08|00|00|00|07
1771327790.877,unsolicited,0,0,,C0|00|08|00|00|00|07
1771327790.910,unsolicited,0,0,,C0|00|08|00|00|00|07
1771327790.911,unsolicited,0,0,,C0|00|08|00|00|00|07
1771327790.911,unsolicited,0,0,,C0|00|08|00|00|00|07
1771327790.978,unsolicited,0,0,,C0|00|08|00|00|00|07
1771327791.011,unsolicited,0,0,,C0|00|08|00|00|00|07
1771327791.079,unsolicited,0,0,,C0|00|08|00|00|00|07
1771327791.250,unsolicited,0,0,,C0|00|08|00|00|00|07
1771327791.384,unsolicited,0,0,,C0|00|08|00|00|00|07
1771327791.417,unsolicited,0,0,,C0|00|08|00|00|00|07
1771327791.449,unsolicited,0,0,,C0|00|08|00|00|00|07
1771327791.483,unsolicited,0,0,,C0|00|08|00|00|00|07
1771327791.518,unsolicited,0,0,,C0|00|08|00|00|00|07
1771327791.619,unsolicited,0,0,,C0|00|08|00|00|00|07
1771327791.620,unsolicited,0,0,,C0|00|08|00|00|00|07
1771327791.684,unsolicited,0,0,,C0|00|08|00|00|00|07
1771327791.751,unsolicited,0,0,,C0|00|08|00|00|00|07
1771327791.752,unsolicited,0,0,,C0|00|08|00|00|00|07
1771327791.851,unsolicited,0,0,,C0|00|08|00|00|00|07
1771327791.885,unsolicited,0,0,,C0|00|08|00|00|00|07
1771327792.055,unsolicited,0,0,,C0|00|08|00|00|00|07
1771327792.089,unsolicited,0,0,,C0|00|08|00|00|00|07
1771327792.125,unsolicited,0,0,,C0|00|08|00|00|00|07
1771327792.157,unsolicited,0,0,,C0|00|08|00|00|00|07
1771327792.191,unsolicited,0,0,,C0|00|08|00|00|00|07
1771327792.226,unsolicited,0,0,,C0|00|08|00|00|00|07
1771327792.259,unsolicited,0,0,,C0|00|08|00|00|00|07
1771327792.293,unsolicited,0,0,,C0|00|08|00|00|00|07
1771327792.326,unsolicited,0,0,,C0|00|08|00|00|00|07
1771327792.327,unsolicited,0,0,,C0|00|08|00|00|00|07
1771327792.562,unsolicited,0,0,,C0|00|08|00|00|00|07
1771327792.563,unsolicited,0,0,,C0|00|08|00|00|00|07
1771327792.599,unsolicited,0,0,,C0|00|08|00|00|00|07
1771327792.665,unsolicited,0,0,,C0|00|08|00|00|00|07
1771327792.697,unsolicited,0,0,,C0|00|08|00|00|00|07
1771327792.831,unsolicited,0,0,,C0|00|08|00|00|00|07
1771327792.831,unsolicited,0,0,,C0|00|08|00|00|00|07
1771327792.865,unsolicited,0,0,,C0|00|08|00|00|00|07
1771327792.865,unsolicited,0,0,,C0|00|08|00|00|00|07
1771327792.866,unsolicited,0,0,,C0|00|08|00|00|00|07
1771327792.866,unsolicited,0,0,,C0|00|08|00|00|00|07
1771327792.899,unsolicited,0,0,,C0|00|08|00|00|00|07
1771327792.932,unsolicited,0,0,,C0|00|08|00|00|00|07
1771327793.099,unsolicited,0,0,,C0|00|08|00|00|00|07
1771327793.100,unsolicited,0,0,,C0|00|08|00|00|00|07
1771327793.132,unsolicited,0,0,,C0|00|08|00|00|00|07
1771327793.166,unsolicited,0,0,,C0|00|08|00|00|00|07
1771327793.204,unsolicited,0,0,,C0|00|08|00|00|00|07
1771327793.302,unsolicited,0,0,,C0|00|08|00|00|00|07
1771327793.337,unsolicited,0,0,,C0|00|08|00|00|00|07
1771327793.369,unsolicited,0,0,,C0|00|08|00|00|00|07
1771327793.436,unsolicited,0,0,,C0|00|08|00|00|00|07
1771327793.568,unsolicited,0,0,,C0|00|08|00|00|00|07
1771327793.671,unsolicited,0,0,,C0|00|08|00|00|00|07
1771327793.839,unsolicited,0,0,,C0|00|08|00|00|00|07
1771327793.840,unsolicited,0,0,,C0|00|08|00|00|00|07
1771327793.939,unsolicited,0,0,,C0|00|08|00|00|00|07
1771327794.006,unsolicited,0,0,,C0|00|08|00|00|00|07
1771327794.039,unsolicited,0,0,,C0|00|08|00|00|00|07
1771327794.040,unsolicited,0,0,,C0|00|08|00|00|00|07
1771327794.073,unsolicited,0,0,,C0|00|08|00|00|00|07
1771327794.074,unsolicited,0,0,,C0|00|08|00|00|00|07
1771327794.276,unsolicited,0,0,,C0|00|08|00|00|00|07
1771327794.308,unsolicited,0,0,,C0|00|08|00|00|00|07
1771327794.376,unsolicited,0,0,,C0|00|08|00|00|00|07
1771327794.444,unsolicited,0,0,,C0|00|08|00|00|00|07
1771327794.510,unsolicited,0,0,,C0|00|08|00|00|00|07
1771327794.646,unsolicited,0,0,,C0|00|08|00|00|00|07
1771327794.681,unsolicited,0,0,,C0|00|08|00|00|00|07
1771327794.748,unsolicited,0,0,,C0|00|08|00|00|00|07
1771327794.847,unsolicited,0,0,,C0|00|08|00|00|00|07
1771327794.881,unsolicited,0,0,,C0|00|08|00|00|00|07
1771327794.915,unsolicited,0,0,,C0|00|08|00|00|00|07
1771327795.016,unsolicited,0,0,,C0|00|08|00|00|00|07
1771327795.150,unsolicited,0,0,,C0|00|08|00|00|00|07
1771327795.185,unsolicited,0,0,,C0|00|08|00|00|00|07
1771327795.286,unsolicited,0,0,,C0|00|08|00|00|00|07
1771327795.320,unsolicited,0,0,,C0|00|08|00|00|00|07
1771327795.353,unsolicited,0,0,,C0|00|08|00|00|00|07
1771327795.387,unsolicited,0,0,,C0|00|08|00|00|00|07
1771327795.420,unsolicited,0,0,,C0|00|08|00|00|00|07
1771327795.520,unsolicited,0,0,,C0|00|08|00|00|00|07
1771327795.623,unsolicited,0,0,,C0|00|08|00|00|00|07
1771327795.656,unsolicited,0,0,,C0|00|08|00|00|00|07
1771327795.689,unsolicited,0,0,,C0|00|08|00|00|00|07
1771327795.756,unsolicited,0,0,,C0|00|08|00|00|00|07
1771327795.789,unsolicited,0,0,,C0|00|08|00|00|00|07
1771327795.823,unsolicited,0,0,,C0|00|08|00|00|00|07
1771327795.889,unsolicited,0,0,,C0|00|08|00|00|00|07
1771327796.057,unsolicited,0,0,,C0|00|08|00|00|00|07
1771327796.158,unsolicited,0,0,,C0|00|08|00|00|00|07
1771327796.225,unsolicited,0,0,,C0|00|08|00|00|00|07
1771327796.259,unsolicited,0,0,,C0|00|08|00|00|00|07
1771327796.293,unsolicited,0,0,,C0|00|08|00|00|00|07
1771327796.326,unsolicited,0,0,,C0|00|08|00|00|00|07
1771327796.395,unsolicited,0,0,,C0|00|08|00|00|00|07
1771327796.395,unsolicited,0,0,,C0|00|08|00|00|00|07
1771327796.429,unsolicited,0,0,,C0|00|08|00|00|00|07
1771327796.497,unsolicited,0,0,,C0|00|08|00|00|00|07
1771327796.498,unsolicited,0,0,,C0|00|08|00|00|00|07
1771327796.530,unsolicited,0,0,,C0|00|08|00|00|00|07
1771327796.731,unsolicited,0,0,,C0|00|08|00|00|00|07
1771327796.766,unsolicited,0,0,,C0|00|08|00|00|00|07
1771327796.799,unsolicited,0,0,,C0|00|08|00|00|00|07
1771327796.865,unsolicited,0,0,,C0|00|08|00|00|00|07
1771327796.866,unsolicited,0,0,,C0|00|08|00|00|00|07
1771327796.900,unsolicited,0,0,,C0|00|08|00|00|00|07
1771327796.901,unsolicited,0,0,,C0|00|08|00|00|00|07
1771327796.904,unsolicited,0,0,,C0|00|08|00|00|00|07
1771327796.936,unsolicited,0,0,,C0|00|08|00|00|00|07
1771327797.068,unsolicited,0,0,,C0|00|08|00|00|00|07
1771327797.103,unsolicited,0,0,,C0|00|08|00|00|00|07
1771327797.103,unsolicited,0,0,,C0|00|08|00|00|00|07
1771327797.170,unsolicited,0,0,,C0|00|08|00|00|00|07
1771327797.235,unsolicited,0,0,,C0|00|08|00|00|00|07
1771327797.269,unsolicited,0,0,,C0|00|08|00|00|00|07
1771327797.336,unsolicited,0,0,,C0|00|08|00|00|00|07
1771327797.370,unsolicited,0,0,,C0|00|08|00|00|00|07
1771327797.536,unsolicited,0,0,,C0|00|08|00|00|00|07
1771327797.570,unsolicited,0,0,,C0|00|08|00|00|00|07
1771327797.672,unsolicited,0,0,,C0|00|08|00|00|00|07
1771327797.706,unsolicited,0,0,,C0|00|08|00|00|00|07
1771327797.739,unsolicited,0,0,,C0|00|08|00|00|00|07
1771327797.773,unsolicited,0,0,,C0|00|08|00|00|00|07
1771327798.073,unsolicited,0,0,,C0|00|08|00|00|00|07
1771327798.209,unsolicited,0,0,,C0|00|08|00|00|00|07
1771327798.277,unsolicited,0,0,,C0|00|08|00|00|00|07
1771327798.279,unsolicited,0,0,,C0|00|08|00|00|00|07
1771327798.514,unsolicited,0,0,,C0|00|08|00|00|00|07
1771327798.547,unsolicited,0,0,,C0|00|08|00|00|00|07
1771327798.580,unsolicited,0,0,,C0|00|08|00|00|00|07
1771327798.581,unsolicited,0,0,,C0|00|08|00|00|00|07
1771327798.615,unsolicited,0,0,,C0|00|08|00|00|00|07
1771327798.649,unsolicited,0,0,,C0|00|08|00|00|00|07
1771327798.652,unsolicited,0,0,,C0|00|08|00|00|00|07
1771327798.685,unsolicited,0,0,,C0|00|08|00|00|00|07
1771327798.920,unsolicited,0,0,,C0|00|08|00|00|00|07
1771327798.987,unsolicited,0,0,,C0|00|08|00|00|00|07
1771327799.021,unsolicited,0,0,,C0|00|08|00|00|00|07
1771327799.122,unsolicited,0,0,,C0|00|08|00|00|00|07
1771327799.223,unsolicited,0,0,,C0|00|08|00|00|00|07
1771327799.223,unsolicited,0,0,,C0|00|08|00|00|00|07
1771327799.324,unsolicited,0,0,,C0|00|08|00|00|00|07
1771327799.324,unsolicited,0,0,,C0|00|08|00|00|00|07
1771327799.358,unsolicited,0,0,,C0|00|08|00|00|00|07
1771327799.561,unsolicited,0,0,,C0|00|08|00|00|00|07
1771327799.660,unsolicited,0,0,,C0|00|08|00|00|00|07
1771327799.863,unsolicited,0,0,,C0|00|08|00|00|00|07
1771327799.896,unsolicited,0,0,,C0|00|08|00|00|00|07
1771327800.030,unsolicited,0,0,,C0|00|08|00|00|00|07
1771327800.063,unsolicited,0,0,,C0|00|08|00|00|00|07
1771327800.064,unsolicited,0,0,,C0|00|08|00|00|00|07
1771327800.196,unsolicited,0,0,,C0|00|08|00|00|00|07
1771327800.264,unsolicited,0,0,,C0|00|08|00|00|00|07
1771327800.432,unsolicited,0,0,,C0|00|08|00|00|00|07
1771327800.498,unsolicited,0,0,,C0|00|08|00|00|00|07
1771327800.600,unsolicited,0,0,,C0|00|08|00|00|00|07
1771327800.635,unsolicited,0,0,,C0|00|08|00|00|00|07
1771327800.735,unsolicited,0,0,,C0|00|08|00|00|00|07
1771327800.768,unsolicited,0,0,,C0|00|08|00|00|00|07
1771327800.903,unsolicited,0,0,,C0|00|08|00|00|00|07
1771327800.936,unsolicited,0,0,,C0|00|08|00|00|00|07
1771327801.004,unsolicited,0,0,,C0|00|08|00|00|00|07
1771327801.072,unsolicited,0,0,,C0|00|08|00|00|00|07
1771327801.076,unsolicited,0,0,,C0|00|08|00|00|00|07
1771327801.138,unsolicited,0,0,,C0|00|08|00|00|00|07
1771327801.238,unsolicited,0,0,,C0|00|08|00|00|00|07
1771327801.239,unsolicited,0,0,,C0|00|08|00|00|00|07
1771327801.272,unsolicited,0,0,,C0|00|08|00|00|00|07
1771327801.341,unsolicited,0,0,,C0|00|08|00|00|00|07
1771327801.675,unsolicited,0,0,,C0|00|08|00|00|00|07
1771327801.675,unsolicited,0,0,,C0|00|08|00|00|00|07
1771327801.875,unsolicited,0,0,,C0|00|08|00|00|00|07
1771327801.909,unsolicited,0,0,,C0|00|08|00|00|00|07
1771327801.977,unsolicited,0,0,,C0|00|08|00|00|00|07
1771327801.977,unsolicited,0,0,,C0|00|08|00|00|00|07
1771327802.077,unsolicited,0,0,,C0|00|08|00|00|00|07
1771327802.212,unsolicited,0,0,,C0|00|08|00|00|00|07
1771327802.279,unsolicited,0,0,,C0|00|08|00|00|00|07
1771327802.313,unsolicited,0,0,,C0|00|08|00|00|00|07
1771327802.448,unsolicited,0,0,,C0|00|08|00|00|00|07
1771327802.516,unsolicited,0,0,,C0|00|08|00|00|00|07
1771327802.548,unsolicited,0,0,,C0|00|08|00|00|00|07
1771327802.584,unsolicited,0,0,,C0|00|08|00|00|00|07
1771327802.617,unsolicited,0,0,,C0|00|08|00|00|00|07
1771327802.683,unsolicited,0,0,,C0|00|08|00|00|00|07
1771327802.818,unsolicited,0,0,,C0|00|08|00|00|00|07
1771327802.885,unsolicited,0,0,,C0|00|08|00|00|00|07
1771327802.952,unsolicited,0,0,,C0|00|08|00|00|00|07
1771327803.018,unsolicited,0,0,,C0|00|08|00|00|00|07
1771327803.156,unsolicited,0,0,,C0|00|08|00|00|00|07
1771327803.188,unsolicited,0,0,,C0|00|08|00|00|00|07
1771327803.288,unsolicited,0,0,,C0|00|08|00|00|00|07
1771327803.422,unsolicited,0,0,,C0|00|08|00|00|00|07
1771327803.456,unsolicited,0,0,,C0|00|08|00|00|00|07
1771327803.489,unsolicited,0,0,,C0|00|08|00|00|00|07
1771327803.591,unsolicited,0,0,,C0|00|08|00|00|00|07
1771327803.760,unsolicited,0,0,,C0|00|08|00|00|00|07
1771327803.826,unsolicited,0,0,,C0|00|08|00|00|00|07
1771327803.827,unsolicited,0,0,,C0|00|08|00|00|00|07
1771327803.894,unsolicited,0,0,,C0|00|08|00|00|00|07
1771327803.895,unsolicited,0,0,,C0|00|08|00|00|00|07
1771327803.927,unsolicited,0,0,,C0|00|08|00|00|00|07
1771327804.128,unsolicited,0,0,,C0|00|08|00|00|00|07
1771327804.195,unsolicited,0,0,,C0|00|08|00|00|00|07
1771327804.228,unsolicited,0,0,,C0|00|08|00|00|00|07
1771327804.229,unsolicited,0,0,,C0|00|08|00|00|00|07
1771327804.262,unsolicited,0,0,,C0|00|08|00|00|00|07
1771327804.295,unsolicited,0,0,,C0|00|08|00|00|00|07
1771327804.394,unsolicited,0,0,,C0|00|08|00|00|00|07
1771327804.427,unsolicited,0,0,,C0|00|08|00|00|00|07
1771327804.528,unsolicited,0,0,,C0|00|08|00|00|00|07
1771327804.561,unsolicited,0,0,,C0|00|08|00|00|00|07
1771327804.594,unsolicited,0,0,,C0|00|08|00|00|00|07
1771327804.730,unsolicited,0,0,,C0|00|08|00|00|00|07
1771327804.730,unsolicited,0,0,,C0|00|08|00|00|00|07
1771327804.830,unsolicited,0,0,,C0|00|08|00|00|00|07
1771327804.863,unsolicited,0,0,,C0|00|08|00|00|00|07
1771327804.863,unsolicited,0,0,,C0|00|08|00|00|00|07
1771327805.168,unsolicited,0,0,,C0|00|08|00|00|00|07
1771327805.202,unsolicited,0,0,,C0|00|08|00|00|00|07
1771327805.268,unsolicited,0,0,,C0|00|08|00|00|00|07
1771327805.302,unsolicited,0,0,,C0|00|08|00|00|00|07
1771327805.336,unsolicited,0,0,,C0|00|08|00|00|00|07
1771327805.370,unsolicited,0,0,,C0|00|08|00|00|00|07
1771327805.403,unsolicited,0,0,,C0|00|08|00|00|00|07
1771327805.469,unsolicited,0,0,,C0|00|08|00|00|00|07
1771327805.503,unsolicited,0,0,,C0|00|08|00|00|00|07
1771327805.503,unsolicited,0,0,,C0|00|08|00|00|00|07
1771327805.536,unsolicited,0,0,,C0|00|08|00|00|00|07
1771327805.671,unsolicited,0,0,,C0|00|08|00|00|00|07
1771327805.705,unsolicited,0,0,,C0|00|08|00|00|00|07
1771327805.738,unsolicited,0,0,,C0|00|08|00|00|00|07
1771327805.772,unsolicited,0,0,,C0|00|08|00|00|00|07
1771327805.773,unsolicited,0,0,,C0|00|08|00|00|00|07
1771327805.841,unsolicited,0,0,,C0|00|08|00|00|00|07
1771327805.942,unsolicited,0,0,,C0|00|08|00|00|00|07
1771327805.943,unsolicited,0,0,,C0|00|08|00|00|00|07
1771327805.944,unsolicited,0,0,,C0|00|08|00|00|00|07
1771327805.975,unsolicited,0,0,,C0|00|08|00|00|00|07
1771327805.977,unsolicited,0,0,,C0|00|08|00|00|00|07
1771327806.111,unsolicited,0,0,,C0|00|08|00|00|00|07
1771327806.146,unsolicited,0,0,,C0|00|08|00|00|00|07
1771327806.213,unsolicited,0,0,,C0|00|08|00|00|00|07
1771327806.246,unsolicited,0,0,,C0|00|08|00|00|00|07
1771327806.313,unsolicited,0,0,,C0|00|08|00|00|00|07
1771327806.347,unsolicited,0,0,,C0|00|08|00|00|00|07
1771327806.381,unsolicited,0,0,,C0|00|08|00|00|00|07
1771327806.449,unsolicited,0,0,,C0|00|08|00|00|00|07
1771327806.481,unsolicited,0,0,,C0|00|08|00|00|00|07
1771327806.483,unsolicited,0,0,,C0|00|08|00|00|00|07
1771327806.515,unsolicited,0,0,,C0|00|08|00|00|00|07
1771327806.584,unsolicited,0,0,,C0|00|08|00|00|00|07
1771327806.719,unsolicited,0,0,,C0|00|08|00|00|00|07
1771327806.751,unsolicited,0,0,,C0|00|08|00|00|00|07
1771327806.853,unsolicited,0,0,,C0|00|08|00|00|00|07
1771327806.887,unsolicited,0,0,,C0|00|08|00|00|00|07
1771327806.955,unsolicited,0,0,,C0|00|08|00|00|00|07
1771327807.089,unsolicited,0,0,,C0|00|08|00|00|00|07
1771327807.226,unsolicited,0,0,,C0|00|08|00|00|00|07
1771327807.293,unsolicited,0,0,,C0|00|08|00|00|00|07
1771327807.326,unsolicited,0,0,,C0|00|08|00|00|00|07
1771327807.359,unsolicited,0,0,,C0|00|08|00|00|00|07
1771327807.361,unsolicited,0,0,,C0|00|08|00|00|00|07
1771327807.429,unsolicited,0,0,,C0|00|08|00|00|00|07
1771327807.461,unsolicited,0,0,,C0|00|08|00|00|00|07
1771327807.495,unsolicited,0,0,,C0|00|08|00|00|00|07
1771327807.528,unsolicited,0,0,,C0|00|08|00|00|00|07
1771327807.528,unsolicited,0,0,,C0|00|08|00|00|00|07
1771327807.595,unsolicited,0,0,,C0|00|08|00|00|00|07
1771327807.730,unsolicited,0,0,,C0|00|08|00|00|00|07
1771327807.834,unsolicited,0,0,,C0|00|08|00|00|00|07
1771327807.898,unsolicited,0,0,,C0|00|08|00|00|00|07
1771327807.933,unsolicited,0,0,,C0|00|08|00|00|00|07
1771327808.001,unsolicited,0,0,,C0|00|08|00|00|00|07
1771327808.001,unsolicited,0,0,,C0|00|08|00|00|00|07
1771327808.035,unsolicited,0,0,,C0|00|08|00|00|00|07
1771327808.103,unsolicited,0,0,,C0|00|08|00|00|00|07
1771327808.104,unsolicited,0,0,,C0|00|08|00|00|00|07
1771327808.138,unsolicited,0,0,,C0|00|08|00|00|00|07
1771327808.238,unsolicited,0,0,,C0|00|08|00|00|00|07
1771327808.272,unsolicited,0,0,,C0|00|08|00|00|00|07
1771327808.305,unsolicited,0,0,,C0|00|08|00|00|00|07
1771327808.305,unsolicited,0,0,,C0|00|08|00|00|00|07
1771327808.306,unsolicited,0,0,,C0|00|08|00|00|00|07
1771327808.671,unsolicited,0,0,,C0|00|08|00|00|00|07
1771327808.705,unsolicited,0,0,,C0|00|08|00|00|00|07
1771327808.772,unsolicited,0,0,,C0|00|08|00|00|00|07
1771327808.839,unsolicited,0,0,,C0|00|08|00|00|00|07
1771327808.975,unsolicited,0,0,,C0|00|08|00|00|00|07
1771327809.008,unsolicited,0,0,,C0|00|08|00|00|00|07
1771327809.142,unsolicited,0,0,,C0|00|08|00|00|00|07
1771327809.211,unsolicited,0,0,,C0|00|08|00|00|00|07
1771327809.281,unsolicited,0,0,,C0|00|08|00|00|00|07
1771327809.349,unsolicited,0,0,,C0|00|08|00|00|00|07
1771327809.383,unsolicited,0,0,,C0|00|08|00|00|00|07
1771327809.450,unsolicited,0,0,,C0|00|08|00|00|00|07
1771327809.483,unsolicited,0,0,,C0|00|08|00|00|00|07
1771327809.484,unsolicited,0,0,,C0|00|08|00|00|00|07
1771327809.517,unsolicited,0,0,,C0|00|08|00|00|00|07
1771327809.585,unsolicited,0,0,,C0|00|08|00|00|00|07
1771327809.618,unsolicited,0,0,,C0|00|08|00|00|00|07
1771327809.653,unsolicited,0,0,,C0|00|08|00|00|00|07
1771327809.720,unsolicited,0,0,,C0|00|08|00|00|00|07
1771327809.754,unsolicited,0,0,,C0|00|08|00|00|00|07
1771327809.888,unsolicited,0,0,,C0|00|08|00|00|00|07
1771327810.056,unsolicited,0,0,,C0|00|08|00|00|00|07
1771327810.123,unsolicited,0,0,,C0|00|08|00|00|00|07
1771327810.224,unsolicited,0,0,,C0|00|08|00|00|00|07
1771327810.258,unsolicited,0,0,,C0|00|08|00|00|00|07
1771327810.291,unsolicited,0,0,,C0|00|08|00|00|00|07
1771327810.425,unsolicited,0,0,,C0|00|08|00|00|00|07
1771327810.458,unsolicited,0,0,,C0|00|08|00|00|00|07
1771327810.459,unsolicited,0,0,,C0|00|08|00|00|00|07
1771327810.491,unsolicited,0,0,,C0|00|08|00|00|00|07
1771327810.661,unsolicited,0,0,,C0|00|08|00|00|00|07
1771327810.693,unsolicited,0,0,,C0|00|08|00|00|00|07
1771327810.726,unsolicited,0,0,,C0|00|08|00|00|00|07
1771327810.727,unsolicited,0,0,,C0|00|08|00|00|00|07
1771327810.761,unsolicited,0,0,,C0|00|08|00|00|00|07
1771327810.795,unsolicited,0,0,,C0|00|08|00|00|00|07
1771327810.896,unsolicited,0,0,,C0|00|08|00|00|00|07
1771327810.932,unsolicited,0,0,,C0|00|08|00|00|00|07
1771327811.031,unsolicited,0,0,,C0|00|08|00|00|00|07
1771327811.032,unsolicited,0,0,,C0|00|08|00|00|00|07
1771327811.469,unsolicited,0,0,,C0|00|08|00|00|00|07
1771327811.502,unsolicited,0,0,,C0|00|08|00|00|00|07
1771327811.536,unsolicited,0,0,,C0|00|08|00|00|00|07
1771327811.638,unsolicited,0,0,,C0|00|08|00|00|00|07
1771327811.673,unsolicited,0,0,,C0|00|08|00|00|00|07
1771327811.875,unsolicited,0,0,,C0|00|08|00|00|00|07
1771327811.908,unsolicited,0,0,,C0|00|08|00|00|00|07
1771327811.975,unsolicited,0,0,,C0|00|08|00|00|00|07
1771327812.008,unsolicited,0,0,,C0|00|08|00|00|00|07
1771327812.043,unsolicited,0,0,,C0|00|08|00|00|00|07
1771327812.043,unsolicited,0,0,,C0|00|08|00|00|00|07
1771327812.109,unsolicited,0,0,,C0|00|08|00|00|00|07
1771327812.177,unsolicited,0,0,,C0|00|08|00|00|00|07
1771327812.245,unsolicited,0,0,,C0|00|08|00|00|00|07
1771327812.312,unsolicited,0,0,,C0|00|08|00|00|00|07
1771327812.550,unsolicited,0,0,,C0|00|08|00|00|00|07
1771327812.585,unsolicited,0,0,,C0|00|08|00|00|00|07
1771327812.752,unsolicited,0,0,,C0|00|08|00|00|00|07
1771327812.753,unsolicited,0,0,,C0|00|08|00|00|00|07
1771327812.821,unsolicited,0,0,,C0|00|08|00|00|00|07
1771327812.854,unsolicited,0,0,,C0|00|08|00|00|00|07
1771327812.888,unsolicited,0,0,,C0|00|08|00|00|00|07
1771327812.955,unsolicited,0,0,,C0|00|08|00|00|00|07
1771327812.956,unsolicited,0,0,,C0|00|08|00|00|00|07
1771327812.989,unsolicited,0,0,,C0|00|08|00|00|00|07
1771327813.022,unsolicited,0,0,,C0|00|08|00|00|00|07
1771327813.055,unsolicited,0,0,,C0|00|08|00|00|00|07
1771327813.089,unsolicited,0,0,,C0|00|08|00|00|00|07
1771327813.190,unsolicited,0,0,,C0|00|08|00|00|00|07
1771327813.224,unsolicited,0,0,,C0|00|08|00|00|00|07
1771327813.257,unsolicited,0,0,,C0|00|08|00|00|00|07
1771327813.258,unsolicited,0,0,,C0|00|08|00|00|00|07
1771327813.324,unsolicited,0,0,,C0|00|08|00|00|00|07
1771327813.391,unsolicited,0,0,,C0|00|08|00|00|00|07
1771327813.458,unsolicited,0,0,,C0|00|08|00|00|00|07
1771327813.627,unsolicited,0,0,,C0|00|08|00|00|00|07
1771327813.660,unsolicited,0,0,,C0|00|08|00|00|00|07
1771327813.693,unsolicited,0,0,,C0|00|08|00|00|00|07
1771327813.725,unsolicited,0,0,,C0|00|08|00|00|00|07
1771327813.893,unsolicited,0,0,,C0|00|08|00|00|00|07
1771327813.993,unsolicited,0,0,,C0|00|08|00|00|00|07
1771327814.027,unsolicited,0,0,,C0|00|08|00|00|00|07
1771327814.061,unsolicited,0,0,,C0|00|08|00|00|00|07
1771327814.164,unsolicited,0,0,,C0|00|08|00|00|00|07
1771327814.264,unsolicited,0,0,,C0|00|08|00|00|00|07
1771327814.398,unsolicited,0,0,,C0|00|08|00|00|00|07
1771327814.399,unsolicited,0,0,,C0|00|08|00|00|00|07
1771327814.431,unsolicited,0,0,,C0|00|08|00|00|00|07
1771327814.566,unsolicited,0,0,,C0|00|08|00|00|00|07
1771327814.598,unsolicited,0,0,,C0|00|08|00|00|00|07
1771327814.666,unsolicited,0,0,,C0|00|08|00|00|00|07
1771327814.699,unsolicited,0,0,,C0|00|08|00|00|00|07
1771327814.733,unsolicited,0,0,,C0|00|08|00|00|00|07
1771327814.766,unsolicited,0,0,,C0|00|08|00|00|00|07
1771327814.766,unsolicited,0,0,,C0|00|08|00|00|00|07
1771327814.768,unsolicited,0,0,,C0|00|08|00|00|00|07
1771327814.834,unsolicited,0,0,,C0|00|08|00|00|00|07
1771327814.867,unsolicited,0,0,,C0|00|08|00|00|00|07
1771327815.235,unsolicited,0,0,,C0|00|08|00|00|00|07
1771327815.236,unsolicited,0,0,,C0|00|08|00|00|00|07
1771327815.236,unsolicited,0,0,,C0|00|08|00|00|00|07
1771327815.302,unsolicited,0,0,,C0|00|08|00|00|00|07
1771327815.336,unsolicited,0,0,,C0|00|08|00|00|00|07
1771327815.337,unsolicited,0,0,,C0|00|08|00|00|00|07
1771327815.371,unsolicited,0,0,,C0|00|08|00|00|00|07
1771327815.439,unsolicited,0,0,,C0|00|08|00|00|00|07
1771327815.538,unsolicited,0,0,,C0|00|08|00|00|00|07
1771327815.539,unsolicited,0,0,,C0|00|08|00|00|00|07
1771327815.570,unsolicited,0,0,,C0|00|08|00|00|00|07
1771327815.673,unsolicited,0,0,,C0|00|08|00|00|00|07
1771327815.706,unsolicited,0,0,,C0|00|08|00|00|00|07
1771327815.807,unsolicited,0,0,,C0|00|08|00|00|00|07
1771327815.875,unsolicited,0,0,,C0|00|08|00|00|00|07
1771327815.942,unsolicited,0,0,,C0|00|08|00|00|00|07
1771327816.009,unsolicited,0,0,,C0|00|08|00|00|00|07
1771327816.010,unsolicited,0,0,,C0|00|08|00|00|00|07
1771327816.110,unsolicited,0,0,,C0|00|08|00|00|00|07
1771327816.413,unsolicited,0,0,,C0|00|08|00|00|00|07
1771327816.480,unsolicited,0,0,,C0|00|08|00|00|00|07
1771327816.546,unsolicited,0,0,,C0|00|08|00|00|00|07
1771327816.579,unsolicited,0,0,,C0|00|08|00|00|00|07
1771327816.648,unsolicited,0,0,,C0|00|08|00|00|00|07
1771327816.681,unsolicited,0,0,,C0|00|08|00|00|00|07
1771327816.715,unsolicited,0,0,,C0|00|08|00|00|00|07
1771327816.816,unsolicited,0,0,,C0|00|08|00|00|00|07
1771327816.951,unsolicited,0,0,,C0|00|08|00|00|00|07
1771327817.017,unsolicited,0,0,,C0|00|08|00|00|00|07
1771327817.085,unsolicited,0,0,,C0|00|08|00|00|00|07
1771327817.153,unsolicited,0,0,,C0|00|08|00|00|00|07
1771327817.221,unsolicited,0,0,,C0|00|08|00|00|00|07
1771327817.254,unsolicited,0,0,,C0|00|08|00|00|00|07
1771327817.320,unsolicited,0,0,,C0|00|08|00|00|00|07
1771327817.354,unsolicited,0,0,,C0|00|08|00|00|00|07
1771327817.387,unsolicited,0,0,,C0|00|08|00|00|00|07
1771327817.420,unsolicited,0,0,,C0|00|08|00|00|00|07
1771327817.421,unsolicited,0,0,,C0|00|08|00|00|00|07
1771327817.488,unsolicited,0,0,,C0|00|08|00|00|00|07
1771327817.521,unsolicited,0,0,,C0|00|08|00|00|00|07
1771327817.553,unsolicited,0,0,,C0|00|08|00|00|00|07
1771327817.619,unsolicited,0,0,,C0|00|08|00|00|00|07
1771327817.754,unsolicited,0,0,,C0|00|08|00|00|00|07
1771327817.755,unsolicited,0,0,,C0|00|08|00|00|00|07
1771327817.821,unsolicited,0,0,,C0|00|08|00|00|00|07
1771327817.853,unsolicited,0,0,,C0|00|08|00|00|00|07
1771327817.853,unsolicited,0,0,,C0|00|08|00|00|00|07
1771327817.887,unsolicited,0,0,,C0|00|08|00|00|00|07
1771327817.920,unsolicited,0,0,,C0|00|08|00|00|00|07
1771327817.921,unsolicited,0,0,,C0|00|08|00|00|00|07
1771327817.954,unsolicited,0,0,,C0|00|08|00|00|00|07
1771327818.023,unsolicited,0,0,,C0|00|08|00|00|00|07
1771327818.189,unsolicited,0,0,,C0|00|08|00|00|00|07
1771327818.289,unsolicited,0,0,,C0|00|08|00|00|00|07
1771327818.323,unsolicited,0,0,,C0|00|08|00|00|00|07
1771327818.390,unsolicited,0,0,,C0|00|08|00|00|00|07
1771327818.423,unsolicited,0,0,,C0|00|08|00|00|00|07
1771327818.424,unsolicited,0,0,,C0|00|08|00|00|00|07
1771327818.458,unsolicited,0,0,,C0|00|08|00|00|00|07
1771327818.624,unsolicited,0,0,,C0|00|08|00|00|00|07
1771327818.692,unsolicited,0,0,,C0|00|08|00|00|00|07
1771327818.695,unsolicited,0,0,,C0|00|08|00|00|00|07
1771327818.726,unsolicited,0,0,,C0|00|08|00|00|00|07
1771327818.761,unsolicited,0,0,,C0|00|08|00|00|00|07
1771327818.794,unsolicited,0,0,,C0|00|08|00|00|00|07
1771327818.798,unsolicited,0,0,,C0|00|08|00|00|00|07
1771327818.829,unsolicited,0,0,,C0|00|08|00|00|00|07
1771327818.862,unsolicited,0,0,,C0|00|08|00|00|00|07
1771327818.965,unsolicited,0,0,,C0|00|08|00|00|00|07
1771327818.998,unsolicited,0,0,,C0|00|08|00|00|00|07
1771327819.066,unsolicited,0,0,,C0|00|08|00|00|00|07
1771327819.099,unsolicited,0,0,,C0|00|08|00|00|00|07
1771327819.201,unsolicited,0,0,,C0|00|08|00|00|00|07
1771327819.335,unsolicited,0,0,,C0|00|08|00|00|00|07
1771327819.402,unsolicited,0,0,,C0|00|08|00|00|00|07
1771327819.437,unsolicited,0,0,,C0|00|08|00|00|00|07
1771327819.470,unsolicited,0,0,,C0|00|08|00|00|00|07
1771327819.470,unsolicited,0,0,,C0|00|08|00|00|00|07
1771327819.502,unsolicited,0,0,,C0|00|08|00|00|00|07
1771327819.536,unsolicited,0,0,,C0|00|08|00|00|00|07
1771327819.570,unsolicited,0,0,,C0|00|08|00|00|00|07
1771327819.604,unsolicited,0,0,,C0|00|08|00|00|00|07
1771327819.906,unsolicited,0,0,,C0|00|08|00|00|00|07
1771327819.907,unsolicited,0,0,,C0|00|08|00|00|00|07
1771327819.943,unsolicited,0,0,,C0|00|08|00|00|00|07
1771327820.009,unsolicited,0,0,,C0|00|08|00|00|00|07
1771327820.176,unsolicited,0,0,,C0|00|08|00|00|00|07
1771327820.209,unsolicited,0,0,,C0|00|08|00|00|00|07
1771327820.275,unsolicited,0,0,,C0|00|08|00|00|00|07
1771327820.478,unsolicited,0,0,,C0|00|08|00|00|00|07
1771327820.644,unsolicited,0,0,,C0|00|08|00|00|00|07
1771327820.678,unsolicited,0,0,,C0|00|08|00|00|00|07
1771327820.745,unsolicited,0,0,,C0|00|08|00|00|00|07
1771327820.844,unsolicited,0,0,,C0|00|08|00|00|00|07
1771327820.945,unsolicited,0,0,,C0|00|08|00|00|00|07
1771327820.980,unsolicited,0,0,,C0|00|08|00|00|00|07
1771327821.046,unsolicited,0,0,,C0|00|08|00|00|00|07
1771327821.046,unsolicited,0,0,,C0|00|08|00|00|00|07
1771327821.079,unsolicited,0,0,,C0|00|08|00|00|00|07
1771327821.280,unsolicited,0,0,,C0|00|08|00|00|00|07
1771327821.313,unsolicited,0,0,,C0|00|08|00|00|00|07
1771327821.315,unsolicited,0,0,,C0|00|08|00|00|00|07
1771327821.381,unsolicited,0,0,,C0|00|08|00|00|00|07
1771327821.583,unsolicited,0,0,,C0|00|08|00|00|00|07
1771327821.584,unsolicited,0,0,,C0|00|08|00|00|00|07
1771327821.685,unsolicited,0,0,,C0|00|08|00|00|00|07
1771327821.952,unsolicited,0,0,,C0|00|08|00|00|00|07
1771327822.086,unsolicited,0,0,,C0|00|08|00|00|00|07
1771327822.124,unsolicited,0,0,,C0|00|08|00|00|00|07
1771327822.252,unsolicited,0,0,,C0|00|08|00|00|00|07
1771327822.354,unsolicited,0,0,,C0|00|08|00|00|00|07
1771327822.387,unsolicited,0,0,,C0|00|08|00|00|00|07
1771327822.421,unsolicited,0,0,,C0|00|08|00|00|00|07
1771327822.490,unsolicited,0,0,,C0|00|08|00|00|00|07
1771327822.592,unsolicited,0,0,,C0|00|08|00|00|00|07
1771327822.624,unsolicited,0,0,,C0|00|08|00|00|00|07
1771327822.725,unsolicited,0,0,,C0|00|08|00|00|00|07
1771327822.726,unsolicited,0,0,,C0|00|08|00|00|00|07
1771327822.791,unsolicited,0,0,,C0|00|08|00|00|00|07
1771327822.825,unsolicited,0,0,,C0|00|08|00|00|00|07
1771327822.927,unsolicited,0,0,,C0|00|08|00|00|00|07
1771327822.961,unsolicited,0,0,,C0|00|08|00|00|00|07
1771327822.995,unsolicited,0,0,,C0|00|08|00|00|00|07
1771327823.028,unsolicited,0,0,,C0|00|08|00|00|00|07
1771327823.097,unsolicited,0,0,,C0|00|08|00|00|00|07
1771327823.231,unsolicited,0,0,,C0|00|08|00|00|00|07
1771327823.232,unsolicited,0,0,,C0|00|08|00|00|00|07
1771327823.265,unsolicited,0,0,,C0|00|08|00|00|00|07
1771327823.266,unsolicited,0,0,,C0|00|08|00|00|00|07
1771327823.365,unsolicited,0,0,,C0|00|08|00|00|00|07
1771327823.433,unsolicited,0,0,,C0|00|08|00|00|00|07
1771327823.569,unsolicited,0,0,,C0|00|08|00|00|00|07
1771327823.636,unsolicited,0,0,,C0|00|08|00|00|00|07
1771327823.734,unsolicited,0,0,,C0|00|08|00|00|00|07
1771327823.837,unsolicited,0,0,,C0|00|08|00|00|00|07
1771327824.138,unsolicited,0,0,,C0|00|08|00|00|00|07
1771327824.409,unsolicited,0,0,,C0|00|08|00|00|00|07
1771327824.442,unsolicited,0,0,,C0|00|08|00|00|00|07
1771327824.476,unsolicited,0,0,,C0|00|08|00|00|00|07
1771327824.543,unsolicited,0,0,,C0|00|08|00|00|00|07
1771327824.575,unsolicited,0,0,,C0|00|08|00|00|00|07
1771327824.609,unsolicited,0,0,,C0|00|08|00|00|00|07
1771327824.643,unsolicited,0,0,,C0|00|08|00|00|00|07
1771327824.644,unsolicited,0,0,,C0|00|08|00|00|00|07
1771327824.678,unsolicited,0,0,,C0|00|08|00|00|00|07
1771327824.746,unsolicited,0,0,,C0|00|08|00|00|00|07
1771327824.780,unsolicited,0,0,,C0|00|08|00|00|00|07
1771327824.814,unsolicited,0,0,,C0|00|08|00|00|00|07
1771327824.847,unsolicited,0,0,,C0|00|08|00|00|00|07
1771327824.878,unsolicited,0,0,,C0|00|08|00|00|00|07
1771327824.946,unsolicited,0,0,,C0|00|08|00|00|00|07
1771327824.979,unsolicited,0,0,,C0|00|08|00|00|00|07
1771327825.012,unsolicited,0,0,,C0|00|08|00|00|00|07
1771327825.013,unsolicited,0,0,,C0|00|08|00|00|00|07
1771327825.014,unsolicited,0,0,,C0|00|08|00|00|00|07
1771327825.114,unsolicited,0,0,,C0|00|08|00|00|00|07
1771327825.147,unsolicited,0,0,,C0|00|08|00|00|00|07
1771327825.215,unsolicited,0,0,,C0|00|08|00|00|00|07
1771327825.417,unsolicited,0,0,,C0|00|08|00|00|00|07
1771327825.451,unsolicited,0,0,,C0|00|08|00|00|00|07
1771327825.485,unsolicited,0,0,,C0|00|08|00|00|00|07
1771327825.520,unsolicited,0,0,,C0|00|08|00|00|00|07
1771327825.587,unsolicited,0,0,,C0|00|08|00|00|00|07
1771327825.687,unsolicited,0,0,,C0|00|08|00|00|00|07
1771327825.789,unsolicited,0,0,,C0|00|08|00|00|00|07
1771327825.857,unsolicited,0,0,,C0|00|08|00|00|00|07
1771327825.857,unsolicited,0,0,,C0|00|08|00|00|00|07
1771327825.925,unsolicited,0,0,,C0|00|08|00|00|00|07
1771327825.958,unsolicited,0,0,,C0|00|08|00|00|00|07
1771327825.959,unsolicited,0,0,,C0|00|08|00|00|00|07
1771327826.058,unsolicited,0,0,,C0|00|08|00|00|00|07
1771327826.093,unsolicited,0,0,,C0|00|08|00|00|00|07
1771327826.160,unsolicited,0,0,,C0|00|08|00|00|00|07
1771327826.194,unsolicited,0,0,,C0|00|08|00|00|00|07
1771327826.331,unsolicited,0,0,,C0|00|08|00|00|00|07
1771327826.399,unsolicited,0,0,,C0|00|08|00|00|00|07
1771327826.432,unsolicited,0,0,,C0|00|08|00|00|00|07
1771327826.433,unsolicited,0,0,,C0|00|08|00|00|00|07
1771327826.467,unsolicited,0,0,,C0|00|08|00|00|00|07
1771327826.535,unsolicited,0,0,,C0|00|08|00|00|00|07
1771327826.603,unsolicited,0,0,,C0|00|08|00|00|00|07
1771327826.603,unsolicited,0,0,,C0|00|08|00|00|00|07
1771327826.669,unsolicited,0,0,,C0|00|08|00|00|00|07
1771327826.671,unsolicited,0,0,,C0|00|08|00|00|00|07
1771327826.672,unsolicited,0,0,,C0|00|08|00|00|00|07
1771327826.768,unsolicited,0,0,,C0|00|08|00|00|00|07
1771327826.802,unsolicited,0,0,,C0|00|08|00|00|00|07
1771327826.836,unsolicited,0,0,,C0|00|08|00|00|00|07
1771327826.902,unsolicited,0,0,,C0|00|08|00|00|00|07
1771327826.935,unsolicited,0,0,,C0|00|08|00|00|00|07
1771327827.103,unsolicited,0,0,,C0|00|08|00|00|00|07
1771327827.103,unsolicited,0,0,,C0|00|08|00|00|00|07
1771327827.136,unsolicited,0,0,,C0|00|08|00|00|00|07
1771327827.170,unsolicited,0,0,,C0|00|08|00|00|00|07
1771327827.204,unsolicited,0,0,,C0|00|08|00|00|00|07
1771327827.238,unsolicited,0,0,,C0|00|08|00|00|00|07
1771327827.272,unsolicited,0,0,,C0|00|08|00|00|00|07
1771327827.273,unsolicited,0,0,,C0|00|08|00|00|00|07
1771327827.373,unsolicited,0,0,,C0|00|08|00|00|00|07
1771327827.440,unsolicited,0,0,,C0|00|08|00|00|00|07
1771327827.507,unsolicited,0,0,,C0|00|08|00|00|00|07
1771327827.574,unsolicited,0,0,,C0|00|08|00|00|00|07
1771327827.574,unsolicited,0,0,,C0|00|08|00|00|00|07
1771327827.711,unsolicited,0,0,,C0|00|08|00|00|00|07
1771327827.843,unsolicited,0,0,,C0|00|08|00|00|00|07
1771327827.876,unsolicited,0,0,,C0|00|08|00|00|00|07
1771327827.976,unsolicited,0,0,,C0|00|08|00|00|00|07
1771327827.977,unsolicited,0,0,,C0|00|08|00|00|00|07
1771327828.145,unsolicited,0,0,,C0|00|08|00|00|00|07
1771327828.179,unsolicited,0,0,,C0|00|08|00|00|00|07
1771327828.247,unsolicited,0,0,,C0|00|08|00|00|00|07
1771327828.314,unsolicited,0,0,,C0|00|08|00|00|00|07
1771327828.315,unsolicited,0,0,,C0|00|08|00|00|00|07
1771327828.384,unsolicited,0,0,,C0|00|08|00|00|00|07
1771327828.451,unsolicited,0,0,,C0|00|08|00|00|00|07
1771327828.485,unsolicited,0,0,,C0|00|08|00|00|00|07
1771327828.552,unsolicited,0,0,,C0|00|08|00|00|00|07
1771327828.619,unsolicited,0,0,,C0|00|08|00|00|00|07
1771327828.620,unsolicited,0,0,,C0|00|08|00|00|00|07
1771327828.689,unsolicited,0,0,,C0|00|08|00|00|00|07
1771327828.756,unsolicited,0,0,,C0|00|08|00|00|00|07
1771327828.856,unsolicited,0,0,,C0|00|08|00|00|00|07
1771327828.890,unsolicited,0,0,,C0|00|08|00|00|00|07
1771327828.993,unsolicited,0,0,,C0|00|08|00|00|00|07
1771327829.026,unsolicited,0,0,,C0|00|08|00|00|00|07
1771327829.059,unsolicited,0,0,,C0|00|08|00|00|00|07
1771327829.060,unsolicited,0,0,,C0|00|08|00|00|00|07
1771327829.194,unsolicited,0,0,,C0|00|08|00|00|00|07
1771327829.227,unsolicited,0,0,,C0|00|08|00|00|00|07
1771327829.260,unsolicited,0,0,,C0|00|08|00|00|00|07
1771327829.262,unsolicited,0,0,,C0|00|08|00|00|00|07
1771327829.294,unsolicited,0,0,,C0|00|08|00|00|00|07
1771327829.395,unsolicited,0,0,,C0|00|08|00|00|00|07
1771327829.463,unsolicited,0,0,,C0|00|08|00|00|00|07
1771327829.497,unsolicited,0,0,,C0|00|08|00|00|00|07
1771327829.630,unsolicited,0,0,,C0|00|08|00|00|00|07
1771327829.767,unsolicited,0,0,,C0|00|08|00|00|00|07
1771327829.801,unsolicited,0,0,,C0|00|08|00|00|00|07
1771327829.801,unsolicited,0,0,,C0|00|08|00|00|00|07
1771327829.835,unsolicited,0,0,,C0|00|08|00|00|00|07
1771327829.869,unsolicited,0,0,,C0|00|08|00|00|00|07
1771327829.936,unsolicited,0,0,,C0|00|08|00|00|00|07
1771327830.002,unsolicited,0,0,,C0|00|08|00|00|00|07
1771327830.037,unsolicited,0,0,,C0|00|08|00|00|00|07
1771327830.139,unsolicited,0,0,,C0|00|08|00|00|00|07
1771327830.341,unsolicited,0,0,,C0|00|08|00|00|00|07
1771327830.477,unsolicited,0,0,,C0|00|08|00|00|00|07
1771327830.511,unsolicited,0,0,,C0|00|08|00|00|00|07
1771327830.545,unsolicited,0,0,,C0|00|08|00|00|00|07
1771327830.578,unsolicited,0,0,,C0|00|08|00|00|00|07
1771327830.613,unsolicited,0,0,,C0|00|08|00|00|00|07
1771327830.645,unsolicited,0,0,,C0|00|08|00|00|00|07
1771327830.679,unsolicited,0,0,,C0|00|08|00|00|00|07
1771327830.781,unsolicited,0,0,,C0|00|08|00|00|00|07
1771327830.849,unsolicited,0,0,,C0|00|08|00|00|00|07
1771327830.882,unsolicited,0,0,,C0|00|08|00|00|00|07
1771327830.951,unsolicited,0,0,,C0|00|08|00|00|00|07
1771327831.118,unsolicited,0,0,,C0|00|08|00|00|00|07
1771327831.185,unsolicited,0,0,,C0|00|08|00|00|00|07
1771327831.187,unsolicited,0,0,,C0|00|08|00|00|00|07
1771327831.253,unsolicited,0,0,,C0|00|08|00|00|00|07
1771327831.287,unsolicited,0,0,,C0|00|08|00|00|00|07
1771327831.420,unsolicited,0,0,,C0|00|08|00|00|00|07
1771327831.453,unsolicited,0,0,,C0|00|08|00|00|00|07
1771327831.585,unsolicited,0,0,,C0|00|08|00|00|00|07
1771327831.754,unsolicited,0,0,,C0|00|08|00|00|00|07
1771327831.787,unsolicited,0,0,,C0|00|08|00|00|00|07
1771327831.856,unsolicited,0,0,,C0|00|08|00|00|00|07
1771327831.923,unsolicited,0,0,,C0|00|08|00|00|00|07
1771327831.957,unsolicited,0,0,,C0|00|08|00|00|00|07
1771327832.023,unsolicited,0,0,,C0|00|08|00|00|00|07
1771327832.057,unsolicited,0,0,,C0|00|08|00|00|00|07
1771327832.127,unsolicited,0,0,,C0|00|08|00|00|00|07
1771327832.227,unsolicited,0,0,,C0|00|08|00|00|00|07
1771327832.496,unsolicited,0,0,,C0|00|08|00|00|00|07
1771327832.562,unsolicited,0,0,,C0|00|08|00|00|00|07
1771327832.665,unsolicited,0,0,,C0|00|08|00|00|00|07
1771327832.698,unsolicited,0,0,,C0|00|08|00|00|00|07
1771327832.732,unsolicited,0,0,,C0|00|08|00|00|00|07
1771327832.765,unsolicited,0,0,,C0|00|08|00|00|00|07
1771327832.798,unsolicited,0,0,,C0|00|08|00|00|00|07
1771327832.798,unsolicited,0,0,,C0|00|08|00|00|00|07
1771327832.866,unsolicited,0,0,,C0|00|08|00|00|00|07
1771327832.932,unsolicited,0,0,,C0|00|08|00|00|00|07
1771327832.933,unsolicited,0,0,,C0|00|08|00|00|00|07
1771327832.966,unsolicited,0,0,,C0|00|08|00|00|00|07
1771327833.000,unsolicited,0,0,,C0|00|08|00|00|00|07
1771327833.069,unsolicited,0,0,,C0|00|08|00|00|00|07
1771327833.102,unsolicited,0,0,,C0|00|08|00|00|00|07
1771327833.203,unsolicited,0,0,,C0|00|08|00|00|00|07
1771327833.336,unsolicited,0,0,,C0|00|08|00|00|00|07
1771327833.403,unsolicited,0,0,,C0|00|08|00|00|00|07
1771327833.403,unsolicited,0,0,,C0|00|08|00|00|00|07
1771327833.471,unsolicited,0,0,,C0|00|08|00|00|00|07
1771327833.572,unsolicited,0,0,,C0|00|08|00|00|00|07
1771327833.605,unsolicited,0,0,,C0|00|08|00|00|00|07
1771327833.673,unsolicited,0,0,,C0|00|08|00|00|00|07
1771327833.707,unsolicited,0,0,,C0|00|08|00|00|00|07
1771327833.740,unsolicited,0,0,,C0|00|08|00|00|00|07
1771327833.807,unsolicited,0,0,,C0|00|08|00|00|00|07
1771327833.940,unsolicited,0,0,,C0|00|08|00|00|00|07
1771327833.941,unsolicited,0,0,,C0|00|08|00|00|00|07
1771327834.007,unsolicited,0,0,,C0|00|08|00|00|00|07
1771327834.073,unsolicited,0,0,,C0|00|08|00|00|00|07
1771327834.108,unsolicited,0,0,,C0|00|08|00|00|00|07
1771327834.141,unsolicited,0,0,,C0|00|08|00|00|00|07
1771327834.175,unsolicited,0,0,,C0|00|08|00|00|00|07
1771327834.209,unsolicited,0,0,,C0|00|08|00|00|00|07
1771327834.242,unsolicited,0,0,,C0|00|08|00|00|00|07
1771327834.276,unsolicited,0,0,,C0|00|08|00|00|00|07
1771327834.277,unsolicited,0,0,,C0|00|08|00|00|00|07
1771327834.311,unsolicited,0,0,,C0|00|08|00|00|00|07
1771327834.378,unsolicited,0,0,,C0|00|08|00|00|00|07
1771327834.611,unsolicited,0,0,,C0|00|08|00|00|00|07
1771327834.678,unsolicited,0,0,,C0|00|08|00|00|00|07
1771327834.744,unsolicited,0,0,,C0|00|08|00|00|00|07
1771327834.878,unsolicited,0,0,,C0|00|08|00|00|00|07
1771327834.911,unsolicited,0,0,,C0|00|08|00|00|00|07
1771327834.978,unsolicited,0,0,,C0|00|08|00|00|00|07
1771327835.046,unsolicited,0,0,,C0|00|08|00|00|00|07
1771327835.149,unsolicited,0,0,,C0|00|08|00|00|00|07
1771327835.183,unsolicited,0,0,,C0|00|08|00|00|00|07
1771327835.217,unsolicited,0,0,,C0|00|08|00|00|00|07
1771327835.217,unsolicited,0,0,,C0|00|08|00|00|00|07
1771327835.283,unsolicited,0,0,,C0|00|08|00|00|00|07
1771327835.284,unsolicited,0,0,,C0|00|08|00|00|00|07
1771327835.284,unsolicited,0,0,,C0|00|08|00|00|00|07
1771327835.350,unsolicited,0,0,,C0|00|08|00|00|00|07
1771327835.353,unsolicited,0,0,,C0|00|08|00|00|00|07
1771327835.383,unsolicited,0,0,,C0|00|08|00|00|00|07
1771327835.417,unsolicited,0,0,,C0|00|08|00|00|00|07
1771327835.483,unsolicited,0,0,,C0|00|08|00|00|00|07
1771327835.516,unsolicited,0,0,,C0|00|08|00|00|00|07
1771327835.617,unsolicited,0,0,,C0|00|08|00|00|00|07
1771327835.650,unsolicited,0,0,,C0|00|08|00|00|00|07
1771327835.651,unsolicited,0,0,,C0|00|08|00|00|00|07
1771327835.886,unsolicited,0,0,,C0|00|08|00|00|00|07
1771327835.920,unsolicited,0,0,,C0|00|08|00|00|00|07
1771327835.989,unsolicited,0,0,,C0|00|08|00|00|00|07
1771327836.057,unsolicited,0,0,,C0|00|08|00|00|00|07
1771327836.058,unsolicited,0,0,,C0|00|08|00|00|00|07
1771327836.126,unsolicited,0,0,,C0|00|08|00|00|00|07
1771327836.159,unsolicited,0,0,,C0|00|08|00|00|00|07
1771327836.193,unsolicited,0,0,,C0|00|08|00|00|00|07
1771327836.361,unsolicited,0,0,,C0|00|08|00|00|00|07
1771327836.362,unsolicited,0,0,,C0|00|08|00|00|00|07
1771327836.395,unsolicited,0,0,,C0|00|08|00|00|00|07
1771327836.461,unsolicited,0,0,,C0|00|08|00|00|00|07
1771327836.462,unsolicited,0,0,,C0|00|08|00|00|00|07
1771327836.597,unsolicited,0,0,,C0|00|08|00|00|00|07
1771327836.630,unsolicited,0,0,,C0|00|08|00|00|00|07
1771327836.731,unsolicited,0,0,,C0|00|08|00|00|00|07
1771327836.765,unsolicited,0,0,,C0|00|08|00|00|00|07
1771327836.933,unsolicited,0,0,,C0|00|08|00|00|00|07
1771327836.966,unsolicited,0,0,,C0|00|08|00|00|00|07
1771327837.000,unsolicited,0,0,,C0|00|08|00|00|00|07
1771327837.137,unsolicited,0,0,,C0|00|08|00|00|00|07
1771327837.201,unsolicited,0,0,,C0|00|08|00|00|00|07
1771327837.202,unsolicited,0,0,,C0|00|08|00|00|00|07
1771327837.235,unsolicited,0,0,,C0|00|08|00|00|00|07
1771327837.301,unsolicited,0,0,,C0|00|08|00|00|00|07
1771327837.334,unsolicited,0,0,,C0|00|08|00|00|00|07
1771327837.436,unsolicited,0,0,,C0|00|08|00|00|00|07
1771327837.469,unsolicited,0,0,,C0|00|08|00|00|00|07
1771327837.503,unsolicited,0,0,,C0|00|08|00|00|00|07
1771327837.603,unsolicited,0,0,,C0|00|08|00|00|00|07
1771327837.639,unsolicited,0,0,,C0|00|08|00|00|00|07
1771327837.672,unsolicited,0,0,,C0|00|08|00|00|00|07
1771327837.705,unsolicited,0,0,,C0|00|08|00|00|00|07
1771327837.738,unsolicited,0,0,,C0|00|08|00|00|00|07
1771327837.772,unsolicited,0,0,,C0|00|08|00|00|00|07
1771327837.806,unsolicited,0,0,,C0|00|08|00|00|00|07
1771327837.838,unsolicited,0,0,,C0|00|08|00|00|00|07
1771327837.873,unsolicited,0,0,,C0|00|08|00|00|00|07
1771327838.008,unsolicited,0,0,,C0|00|08|00|00|00|07
1771327838.041,unsolicited,0,0,,C0|00|08|00|00|00|07
1771327838.108,unsolicited,0,0,,C0|00|08|00|00|00|07
1771327838.376,unsolicited,0,0,,C0|00|08|00|00|00|07
1771327838.409,unsolicited,0,0,,C0|00|08|00|00|00|07
1771327838.476,unsolicited,0,0,,C0|00|08|00|00|00|07
1771327838.510,unsolicited,0,0,,C0|00|08|00|00|00|07
1771327838.610,unsolicited,0,0,,C0|00|08|00|00|00|07
1771327838.643,unsolicited,0,0,,C0|00|08|00|00|00|07
1771327838.644,unsolicited,0,0,,C0|00|08|00|00|00|07
1771327838.710,unsolicited,0,0,,C0|00|08|00|00|00|07
1771327838.778,unsolicited,0,0,,C0|00|08|00|00|00|07
1771327838.781,unsolicited,0,0,,C0|00|08|00|00|00|07
1771327838.845,unsolicited,0,0,,C0|00|08|00|00|00|07
1771327838.911,unsolicited,0,0,,C0|00|08|00|00|00|07
1771327838.912,unsolicited,0,0,,C0|00|08|00|00|00|07
1771327838.978,unsolicited,0,0,,C0|00|08|00|00|00|07
1771327839.045,unsolicited,0,0,,C0|00|08|00|00|00|07
1771327839.078,unsolicited,0,0,,C0|00|08|00|00|00|07
1771327839.147,unsolicited,0,0,,C0|00|08|00|00|00|07
1771327839.181,unsolicited,0,0,,C0|00|08|00|00|00|07
1771327839.281,unsolicited,0,0,,C0|00|08|00|00|00|07
1771327839.346,unsolicited,0,0,,C0|00|08|00|00|00|07
1771327839.380,unsolicited,0,0,,C0|00|08|00|00|00|07
1771327839.380,unsolicited,0,0,,C0|00|08|00|00|00|07
1771327839.413,unsolicited,0,0,,C0|00|08|00|00|00|07
1771327839.446,unsolicited,0,0,,C0|00|08|00|00|00|07
1771327839.512,unsolicited,0,0,,C0|00|08|00|00|00|07
1771327839.713,unsolicited,0,0,,C0|00|08|00|00|00|07
1771327839.746,unsolicited,0,0,,C0|00|08|00|00|00|07
1771327839.784,unsolicited,0,0,,C0|00|08|00|00|00|07
1771327839.814,unsolicited,0,0,,C0|00|08|00|00|00|07
1771327839.846,unsolicited,0,0,,C0|00|08|00|00|00|07
1771327839.913,unsolicited,0,0,,C0|00|08|00|00|00|07
1771327839.946,unsolicited,0,0,,C0|00|08|00|00|00|07
1771327839.979,unsolicited,0,0,,C0|00|08|00|00|00|07
1771327840.113,unsolicited,0,0,,C0|00|08|00|00|00|07
1771327840.314,unsolicited,0,0,,C0|00|08|00|00|00|07
1771327840.347,unsolicited,0,0,,C0|00|08|00|00|00|07
1771327840.515,unsolicited,0,0,,C0|00|08|00|00|00|07
1771327840.549,unsolicited,0,0,,C0|00|08|00|00|00|07
1771327840.583,unsolicited,0,0,,C0|00|08|00|00|00|07
1771327840.584,unsolicited,0,0,,C0|00|08|00|00|00|07
1771327840.649,unsolicited,0,0,,C0|00|08|00|00|00|07
1771327840.684,unsolicited,0,0,,C0|00|08|00|00|00|07
1771327840.784,unsolicited,0,0,,C0|00|08|00|00|00|07
1771327840.852,unsolicited,0,0,,C0|00|08|00|00|00|07
1771327840.885,unsolicited,0,0,,C0|00|08|00|00|00|07
1771327840.919,unsolicited,0,0,,C0|00|08|00|00|00|07
1771327841.020,unsolicited,0,0,,C0|00|08|00|00|00|07
1771327841.054,unsolicited,0,0,,C0|00|08|00|00|00|07
1771327841.152,unsolicited,0,0,,C0|00|08|00|00|00|07
1771327841.186,unsolicited,0,0,,C0|00|08|00|00|00|07
1771327841.220,unsolicited,0,0,,C0|00|08|00|00|00|07
1771327841.221,unsolicited,0,0,,C0|00|08|00|00|00|07
1771327841.289,unsolicited,0,0,,C0|00|08|00|00|00|07
1771327841.356,unsolicited,0,0,,C0|00|08|00|00|00|07
1771327841.358,unsolicited,0,0,,C0|00|08|00|00|00|07
1771327841.390,unsolicited,0,0,,C0|00|08|00|00|00|07
1771327841.523,unsolicited,0,0,,C0|00|08|00|00|00|07
1771327841.624,unsolicited,0,0,,C0|00|08|00|00|00|07
1771327841.658,unsolicited,0,0,,C0|00|08|00|00|00|07
1771327841.661,unsolicited,0,0,,C0|00|08|00|00|00|07
1771327841.726,unsolicited,0,0,,C0|00|08|00|00|00|07
1771327841.797,unsolicited,0,0,,C0|00|08|00|00|00|07
1771327841.964,unsolicited,0,0,,C0|00|08|00|00|00|07
1771327841.996,unsolicited,0,0,,C0|00|08|00|00|00|07
1771327841.997,unsolicited,0,0,,C0|00|08|00|00|00|07
1771327842.029,unsolicited,0,0,,C0|00|08|00|00|00|07
1771327842.030,unsolicited,0,0,,C0|00|08|00|00|00|07
1771327842.097,unsolicited,0,0,,C0|00|08|00|00|00|07
1771327842.098,unsolicited,0,0,,C0|00|08|00|00|00|07
1771327842.098,unsolicited,0,0,,C0|00|08|00|00|00|07
1771327842.198,unsolicited,0,0,,C0|00|08|00|00|00|07
1771327842.233,unsolicited,0,0,,C0|00|08|00|00|00|07
1771327842.267,unsolicited,0,0,,C0|00|08|00|00|00|07
1771327842.300,unsolicited,0,0,,C0|00|08|00|00|00|07
1771327842.468,unsolicited,0,0,,C0|00|08|00|00|00|07
1771327842.569,unsolicited,0,0,,C0|00|08|00|00|00|07
1771327842.603,unsolicited,0,0,,C0|00|08|00|00|00|07
1771327842.637,unsolicited,0,0,,C0|00|08|00|00|00|07
1771327842.638,unsolicited,0,0,,C0|00|08|00|00|00|07
1771327842.671,unsolicited,0,0,,C0|00|08|00|00|00|07
1771327842.671,unsolicited,0,0,,C0|00|08|00|00|00|07
1771327842.705,unsolicited,0,0,,C0|00|08|00|00|00|07
1771327842.875,unsolicited,0,0,,C0|00|08|00|00|00|07
1771327843.010,unsolicited,0,0,,C0|00|08|00|00|00|07
1771327843.144,unsolicited,0,0,,C0|00|08|00|00|00|07
1771327843.211,unsolicited,0,0,,C0|00|08|00|00|00|07
1771327843.244,unsolicited,0,0,,C0|00|08|00|00|00|07
1771327843.279,unsolicited,0,0,,C0|00|08|00|00|00|07
1771327843.379,unsolicited,0,0,,C0|00|08|00|00|00|07
1771327843.412,unsolicited,0,0,,C0|00|08|00|00|00|07
1771327843.413,unsolicited,0,0,,C0|00|08|00|00|00|07
1771327843.448,unsolicited,0,0,,C0|00|08|00|00|00|07
1771327843.514,unsolicited,0,0,,C0|00|08|00|00|00|07
1771327843.582,unsolicited,0,0,,C0|00|08|00|00|00|07
1771327843.615,unsolicited,0,0,,C0|00|08|00|00|00|07
1771327843.682,unsolicited,0,0,,C0|00|08|00|00|00|07
1771327843.716,unsolicited,0,0,,C0|00|08|00|00|00|07
1771327843.749,unsolicited,0,0,,C0|00|08|00|00|00|07
1771327843.750,unsolicited,0,0,,C0|00|08|00|00|00|07
1771327843.750,unsolicited,0,0,,C0|00|08|00|00|00|07
1771327843.885,unsolicited,0,0,,C0|00|08|00|00|00|07
1771327843.919,unsolicited,0,0,,C0|00|08|00|00|00|07
1771327843.953,unsolicited,0,0,,C0|00|08|00|00|00|07
1771327844.018,unsolicited,0,0,,C0|00|08|00|00|00|07
1771327844.156,unsolicited,0,0,,C0|00|08|00|00|00|07
1771327844.190,unsolicited,0,0,,C0|00|08|00|00|00|07
1771327844.289,unsolicited,0,0,,C0|00|08|00|00|00|07
1771327844.323,unsolicited,0,0,,C0|00|08|00|00|00|07
1771327844.355,unsolicited,0,0,,C0|00|08|00|00|00|07
1771327844.388,unsolicited,0,0,,C0|00|08|00|00|00|07
1771327844.423,unsolicited,0,0,,C0|00|08|00|00|00|07
1771327844.456,unsolicited,0,0,,C0|00|08|00|00|00|07
1771327844.490,unsolicited,0,0,,C0|00|08|00|00|00|07
1771327844.522,unsolicited,0,0,,C0|00|08|00|00|00|07
1771327844.524,unsolicited,0,0,,C0|00|08|00|00|00|07
1771327844.526,unsolicited,0,0,,C0|00|08|00|00|00|07
1771327844.625,unsolicited,0,0,,C0|00|08|00|00|00|07
1771327844.657,unsolicited,0,0,,C0|00|08|00|00|00|07
1771327844.723,unsolicited,0,0,,C0|00|08|00|00|00|07
1771327844.757,unsolicited,0,0,,C0|00|08|00|00|00|07
1771327844.791,unsolicited,0,0,,C0|00|08|00|00|00|07
1771327844.824,unsolicited,0,0,,C0|00|08|00|00|00|07
1771327844.858,unsolicited,0,0,,C0|00|08|00|00|00|07
1771327844.859,unsolicited,0,0,,C0|00|08|00|00|00|07
1771327844.860,unsolicited,0,0,,C0|00|08|00|00|00|07
1771327844.892,unsolicited,0,0,,C0|00|08|00|00|00|07
1771327844.926,unsolicited,0,0,,C0|00|08|00|00|00|07
1771327845.027,unsolicited,0,0,,C0|00|08|00|00|00|07
1771327845.230,unsolicited,0,0,,C0|00|08|00|00|00|07
1771327845.263,unsolicited,0,0,,C0|00|08|00|00|00|07
1771327845.264,unsolicited,0,0,,C0|00|08|00|00|00|07
1771327845.265,unsolicited,0,0,,C0|00|08|00|00|00|07
1771327845.298,unsolicited,0,0,,C0|00|08|00|00|00|07
1771327845.331,unsolicited,0,0,,C0|00|08|00|00|00|07
1771327845.364,unsolicited,0,0,,C0|00|08|00|00|00|07
1771327845.432,unsolicited,0,0,,C0|00|08|00|00|00|07
1771327845.601,unsolicited,0,0,,C0|00|08|00|00|00|07
1771327845.603,unsolicited,0,0,,C0|00|08|00|00|00|07
1771327845.705,unsolicited,0,0,,C0|00|08|00|00|00|07
1771327845.706,unsolicited,0,0,,C0|00|08|00|00|00|07
1771327845.773,unsolicited,0,0,,C0|00|08|00|00|00|07
1771327845.839,unsolicited,0,0,,C0|00|08|00|00|00|07
1771327845.873,unsolicited,0,0,,C0|00|08|00|00|00|07
1771327845.907,unsolicited,0,0,,C0|00|08|00|00|00|07
1771327845.940,unsolicited,0,0,,C0|00|08|00|00|00|07
1771327846.074,unsolicited,0,0,,C0|00|08|00|00|00|07
1771327846.277,unsolicited,0,0,,C0|00|08|00|00|00|07
1771327846.277,unsolicited,0,0,,C0|00|08|00|00|00|07
1771327846.310,unsolicited,0,0,,C0|00|08|00|00|00|07
1771327846.343,unsolicited,0,0,,C0|00|08|00|00|00|07
1771327846.345,unsolicited,0,0,,C0|00|08|00|00|00|07
1771327846.378,unsolicited,0,0,,C0|00|08|00|00|00|07
1771327846.445,unsolicited,0,0,,C0|00|08|00|00|00|07
1771327846.477,unsolicited,0,0,,C0|00|08|00|00|00|07
1771327846.510,unsolicited,0,0,,C0|00|08|00|00|00|07
1771327846.578,unsolicited,0,0,,C0|00|08|00|00|00|07
1771327846.612,unsolicited,0,0,,C0|00|08|00|00|00|07
1771327846.680,unsolicited,0,0,,C0|00|08|00|00|00|07
1771327846.715,unsolicited,0,0,,C0|00|08|00|00|00|07
1771327846.780,unsolicited,0,0,,C0|00|08|00|00|00|07
1771327846.882,unsolicited,0,0,,C0|00|08|00|00|00|07
1771327846.916,unsolicited,0,0,,C0|00|08|00|00|00|07
1771327846.950,unsolicited,0,0,,C0|00|08|00|00|00|07
1771327847.049,unsolicited,0,0,,C0|00|08|00|00|00|07
1771327847.084,unsolicited,0,0,,C0|00|08|00|00|00|07
1771327847.117,unsolicited,0,0,,C0|00|08|00|00|00|07
1771327847.117,unsolicited,0,0,,C0|00|08|00|00|00|07
1771327847.218,unsolicited,0,0,,C0|00|08|00|00|00|07
1771327847.251,unsolicited,0,0,,C0|00|08|00|00|00|07
1771327847.386,unsolicited,0,0,,C0|00|08|00|00|00|07
1771327847.455,unsolicited,0,0,,C0|00|08|00|00|00|07
1771327847.622,unsolicited,0,0,,C0|00|08|00|00|00|07
1771327847.725,unsolicited,0,0,,C0|00|08|00|00|00|07
1771327847.859,unsolicited,0,0,,C0|00|08|00|00|00|07
1771327847.860,unsolicited,0,0,,C0|00|08|00|00|00|07
1771327847.927,unsolicited,0,0,,C0|00|08|00|00|00|07
1771327847.994,unsolicited,0,0,,C0|00|08|00|00|00|07
1771327847.995,unsolicited,0,0,,C0|00|08|00|00|00|07
1771327848.062,unsolicited,0,0,,C0|00|08|00|00|00|07
1771327848.096,unsolicited,0,0,,C0|00|08|00|00|00|07
1771327848.131,unsolicited,0,0,,C0|00|08|00|00|00|07
1771327848.199,unsolicited,0,0,,C0|00|08|00|00|00|07
1771327848.232,unsolicited,0,0,,C0|00|08|00|00|00|07
1771327848.267,unsolicited,0,0,,C0|00|08|00|00|00|07
1771327848.300,unsolicited,0,0,,C0|00|08|00|00|00|07
1771327848.368,unsolicited,0,0,,C0|00|08|00|00|00|07
1771327848.468,unsolicited,0,0,,C0|00|08|00|00|00|07
1771327848.535,unsolicited,0,0,,C0|00|08|00|00|00|07
1771327848.535,unsolicited,0,0,,C0|00|08|00|00|00|07
1771327848.567,unsolicited,0,0,,C0|00|08|00|00|00|07
1771327848.703,unsolicited,0,0,,C0|00|08|00|00|00|07
1771327848.738,unsolicited,0,0,,C0|00|08|00|00|00|07
1771327848.771,unsolicited,0,0,,C0|00|08|00|00|00|07
1771327848.772,unsolicited,0,0,,C0|00|08|00|00|00|07
1771327848.804,unsolicited,0,0,,C0|00|08|00|00|00|07
1771327848.872,unsolicited,0,0,,C0|00|08|00|00|00|07
1771327848.938,unsolicited,0,0,,C0|00|08|00|00|00|07
1771327848.971,unsolicited,0,0,,C0|00|08|00|00|00|07
1771327848.972,unsolicited,0,0,,C0|00|08|00|00|00|07
1771327849.007,unsolicited,0,0,,C0|00|08|00|00|00|07
1771327849.041,unsolicited,0,0,,C0|00|08|00|00|00|07
1771327849.108,unsolicited,0,0,,C0|00|08|00|00|00|07
1771327849.209,unsolicited,0,0,,C0|00|08|00|00|00|07
1771327849.209,unsolicited,0,0,,C0|00|08|00|00|00|07
1771327849.278,unsolicited,0,0,,C0|00|08|00|00|00|07
1771327849.312,unsolicited,0,0,,C0|00|08|00|00|00|07
1771327849.345,unsolicited,0,0,,C0|00|08|00|00|00|07
1771327849.445,unsolicited,0,0,,C0|00|08|00|00|00|07
1771327849.545,unsolicited,0,0,,C0|00|08|00|00|00|07
1771327849.614,unsolicited,0,0,,C0|00|08|00|00|00|07
1771327849.680,unsolicited,0,0,,C0|00|08|00|00|00|07
1771327849.714,unsolicited,0,0,,C0|00|08|00|00|00|07
1771327849.714,unsolicited,0,0,,C0|00|08|00|00|00|07
1771327849.748,unsolicited,0,0,,C0|00|08|00|00|00|07
1771327849.849,unsolicited,0,0,,C0|00|08|00|00|00|07
1771327849.916,unsolicited,0,0,,C0|00|08|00|00|00|07
1771327849.917,unsolicited,0,0,,C0|00|08|00|00|00|07
1771327849.983,unsolicited,0,0,,C0|00|08|00|00|00|07
1771327850.082,unsolicited,0,0,,C0|00|08|00|00|00|07
1771327850.182,unsolicited,0,0,,C0|00|08|00|00|00|07
1771327850.215,unsolicited,0,0,,C0|00|08|00|00|00|07
1771327850.347,unsolicited,0,0,,C0|00|08|00|00|00|07
1771327850.348,unsolicited,0,0,,C0|00|08|00|00|00|07
1771327850.381,unsolicited,0,0,,C0|00|08|00|00|00|07
1771327850.414,unsolicited,0,0,,C0|00|08|00|00|00|07
1771327850.449,unsolicited,0,0,,C0|00|08|00|00|00|07
1771327850.517,unsolicited,0,0,,C0|00|08|00|00|00|07
1771327850.583,unsolicited,0,0,,C0|00|08|00|00|00|07
1771327850.650,unsolicited,0,0,,C0|00|08|00|00|00|07
1771327850.683,unsolicited,0,0,,C0|00|08|00|00|00|07
1771327850.716,unsolicited,0,0,,C0|00|08|00|00|00|07
1771327850.782,unsolicited,0,0,,C0|00|08|00|00|00|07
1771327850.816,unsolicited,0,0,,C0|00|08|00|00|00|07
1771327850.884,unsolicited,0,0,,C0|00|08|00|00|00|07
1771327850.918,unsolicited,0,0,,C0|00|08|00|00|00|07
1771327850.919,unsolicited,0,0,,C0|00|08|00|00|00|07
1771327850.919,unsolicited,0,0,,C0|00|08|00|00|00|07
1771327851.019,unsolicited,0,0,,C0|00|08|00|00|00|07
1771327851.053,unsolicited,0,0,,C0|00|08|00|00|00|07
1771327851.121,unsolicited,0,0,,C0|00|08|00|00|00|07
1771327851.155,unsolicited,0,0,,C0|00|08|00|00|00|07
1771327851.256,unsolicited,0,0,,C0|00|08|00|00|00|07
1771327851.323,unsolicited,0,0,,C0|00|08|00|00|00|07
1771327851.392,unsolicited,0,0,,C0|00|08|00|00|00|07
1771327851.425,unsolicited,0,0,,C0|00|08|00|00|00|07
1771327851.425,unsolicited,0,0,,C0|00|08|00|00|00|07
1771327851.492,unsolicited,0,0,,C0|00|08|00|00|00|07
1771327851.525,unsolicited,0,0,,C0|00|08|00|00|00|07
1771327851.525,unsolicited,0,0,,C0|00|08|00|00|00|07
1771327851.558,unsolicited,0,0,,C0|00|08|00|00|00|07
1771327851.592,unsolicited,0,0,,C0|00|08|00|00|00|07
1771327851.625,unsolicited,0,0,,C0|00|08|00|00|00|07
1771327851.659,unsolicited,0,0,,C0|00|08|00|00|00|07
1771327851.693,unsolicited,0,0,,C0|00|08|00|00|00|07
1771327851.726,unsolicited,0,0,,C0|00|08|00|00|00|07
1771327851.831,unsolicited,0,0,,C0|00|08|00|00|00|07
1771327851.861,unsolicited,0,0,,C0|00|08|00|00|00|07
1771327851.862,unsolicited,0,0,,C0|00|08|00|00|00|07
1771327851.862,unsolicited,0,0,,C0|00|08|00|00|00|07
1771327851.895,unsolicited,0,0,,C0|00|08|00|00|00|07
1771327851.963,unsolicited,0,0,,C0|00|08|00|00|00|07
1771327851.996,unsolicited,0,0,,C0|00|08|00|00|00|07
1771327852.162,unsolicited,0,0,,C0|00|08|00|00|00|07
1771327852.196,unsolicited,0,0,,C0|00|08|00|00|00|07
1771327852.264,unsolicited,0,0,,C0|00|08|00|00|00|07
1771327852.397,unsolicited,0,0,,C0|00|08|00|00|00|07
1771327852.431,unsolicited,0,0,,C0|00|08|00|00|00|07
1771327852.463,unsolicited,0,0,,C0|00|08|00|00|00|07
1771327852.498,unsolicited,0,0,,C0|00|08|00|00|00|07
1771327852.565,unsolicited,0,0,,C0|00|08|00|00|00|07
1771327852.664,unsolicited,0,0,,C0|00|08|00|00|00|07
1771327852.766,unsolicited,0,0,,C0|00|08|00|00|00|07
1771327852.833,unsolicited,0,0,,C0|00|08|00|00|00|07
1771327852.935,unsolicited,0,0,,C0|00|08|00|00|00|07
1771327853.002,unsolicited,0,0,,C0|00|08|00|00|00|07
1771327853.004,unsolicited,0,0,,C0|00|08|00|00|00|07
1771327853.005,unsolicited,0,0,,C0|00|08|00|00|00|07
1771327853.071,unsolicited,0,0,,C8|00|08|00|00|00|0F
1771327853.206,unsolicited,0,0,,C8|00|08|03|00|00|12
1771327853.239,unsolicited,0,0,,C8|00|08|03|00|00|12
1771327853.273,unsolicited,0,0,,C8|00|08|04|00|00|13
1771327853.274,unsolicited,0,0,,C8|00|08|04|00|00|13
1771327853.307,unsolicited,0,0,,C8|00|08|04|00|00|13
1771327853.373,unsolicited,0,0,,C8|00|08|05|00|00|14
1771327853.506,unsolicited,0,0,,C8|00|08|07|00|00|16
1771327853.507,unsolicited,0,0,,C8|00|08|07|00|00|16
1771327853.612,unsolicited,0,0,,C8|00|08|07|00|00|16
1771327853.807,unsolicited,0,0,,C8|00|08|07|00|00|16
1771327853.810,unsolicited,704,11,,C8|0B|08|06|00|00|20
1771327853.842,unsolicited,704,11,,C8|0B|08|06|00|00|20
1771327853.842,unsolicited,704,11,,C8|0B|08|06|00|00|20
1771327853.874,unsolicited,704,11,,C8|0B|08|05|00|00|1F
1771327853.908,unsolicited,704,11,,C8|0B|08|05|00|00|1F
1771327853.975,unsolicited,704,11,,C8|0B|08|04|00|00|1E
1771327854.008,unsolicited,704,11,,C8|0B|08|03|00|00|1D
1771327854.075,unsolicited,704,11,,C8|0B|08|02|00|00|1C
1771327854.145,unsolicited,704,11,,C8|0B|08|01|00|00|1B
1771327854.175,unsolicited,704,11,,C8|0B|08|00|00|00|1A
1771327854.211,unsolicited,704,11,,C8|0B|08|00|00|00|1A
1771327854.313,unsolicited,704,11,,C8|0B|08|00|00|00|1A
1771327854.379,unsolicited,704,11,,C8|0B|08|00|00|00|1A
1771327854.379,unsolicited,704,11,,C8|0B|08|00|00|00|1A
1771327854.480,unsolicited,704,11,,C8|0B|08|00|00|00|1A
1771327854.513,unsolicited,704,11,,C8|0B|08|00|00|00|1A
1771327854.548,unsolicited,704,11,,C8|0B|08|00|00|00|1A
1771327854.580,unsolicited,704,11,,C8|0B|08|00|00|00|1A
1771327854.581,unsolicited,704,11,,C8|0B|08|00|00|00|1A
1771327854.614,unsolicited,704,11,,C8|0B|08|00|00|00|1A
1771327854.617,unsolicited,704,11,,C8|0B|08|00|00|00|1A
1771327854.749,unsolicited,704,11,,C8|0B|08|00|00|00|1A
1771327854.749,unsolicited,704,11,,C8|0B|08|00|00|00|1A
1771327854.782,unsolicited,704,11,,C8|0B|08|00|00|00|1A
1771327854.848,unsolicited,704,11,,C8|0B|08|00|00|00|1A
1771327854.881,unsolicited,704,11,,C8|0B|08|00|00|00|1A
1771327854.949,unsolicited,704,11,,C8|0B|08|00|00|00|1A
1771327854.983,unsolicited,704,11,,C8|0B|08|00|00|00|1A
1771327855.120,unsolicited,704,11,,C8|0B|08|00|00|00|1A
1771327855.151,unsolicited,704,11,,C8|0B|08|00|00|00|1A
1771327855.218,unsolicited,704,11,,C8|0B|08|00|00|00|1A
1771327855.219,unsolicited,704,11,,C8|0B|08|00|00|00|1A
1771327855.253,unsolicited,704,11,,C8|0B|08|00|00|00|1A
1771327855.320,unsolicited,704,11,,C8|0B|08|00|00|00|1A
1771327855.421,unsolicited,704,11,,C8|0B|08|00|00|00|1A
1771327855.456,unsolicited,704,11,,C8|0B|08|00|00|00|1A
1771327855.489,unsolicited,704,11,,C8|0B|08|00|00|00|1A
1771327855.524,unsolicited,704,11,,C8|0B|08|00|00|00|1A
1771327855.588,unsolicited,704,11,,C8|0B|08|00|00|00|1A
1771327855.588,unsolicited,704,11,,C8|0B|08|00|00|00|1A
1771327855.657,unsolicited,704,11,,C8|0B|08|00|00|00|1A
1771327855.760,unsolicited,704,11,,C8|0B|08|00|00|00|1A
1771327855.792,unsolicited,704,11,,C8|0B|08|00|00|00|1A
1771327855.826,unsolicited,704,11,,C8|0B|08|00|00|00|1A
1771327856.062,unsolicited,704,11,,C8|0B|08|00|00|00|1A
1771327856.095,unsolicited,704,11,,C8|0B|08|00|00|00|1A
1771327856.095,unsolicited,704,11,,C8|0B|08|00|00|00|1A
1771327856.128,unsolicited,704,11,,C8|0B|08|00|00|00|1A
1771327856.163,unsolicited,704,11,,C8|0B|08|00|00|00|1A
1771327856.195,unsolicited,704,11,,C8|0B|08|00|00|00|1A
1771327856.296,unsolicited,704,11,,C8|0B|08|00|00|00|1A
1771327856.330,unsolicited,704,11,,C8|0B|08|00|00|00|1A
1771327856.365,unsolicited,704,11,,C8|0B|08|00|00|00|1A
1771327856.396,unsolicited,704,11,,C8|0B|08|00|00|00|1A
1771327856.430,unsolicited,704,11,,C8|0B|08|00|00|00|1A
1771327856.629,unsolicited,704,11,,C8|0B|08|00|00|00|1A
1771327856.730,unsolicited,704,11,,C0|0B|08|00|00|00|12
1771327856.764,unsolicited,704,11,,C0|0B|08|00|00|00|12
1771327856.764,unsolicited,704,11,,C0|0B|08|00|00|00|12
1771327856.797,unsolicited,704,11,,C0|0B|08|00|00|00|12
1771327856.831,unsolicited,704,11,,C0|0B|08|00|00|00|12
1771327856.897,unsolicited,704,11,,C0|0B|08|00|00|00|12
1771327856.932,unsolicited,704,11,,C0|0B|08|00|00|00|12
1771327857.033,unsolicited,704,11,,C0|0B|08|00|00|00|12
1771327857.172,unsolicited,704,11,,C0|0B|08|00|00|00|12
1771327857.303,unsolicited,704,11,,C0|0B|08|00|00|00|12
1771327857.440,unsolicited,704,11,,C0|0B|08|00|00|00|12
1771327857.441,unsolicited,704,11,,C0|0B|08|00|00|00|12
1771327857.442,unsolicited,704,11,,C0|0B|08|00|00|00|12
1771327857.442,unsolicited,704,11,,C0|0B|08|00|00|00|12
1771327857.472,unsolicited,704,11,,C0|0B|08|00|00|00|12
1771327857.539,unsolicited,640,10,,C0|0A|08|00|00|00|11
1771327857.639,unsolicited,640,10,,C0|0A|08|00|00|00|11
1771327857.640,unsolicited,640,10,,C0|0A|08|00|00|00|11
1771327857.672,unsolicited,640,10,,C0|0A|08|00|00|00|11
1771327857.706,unsolicited,640,10,,C0|0A|08|00|00|00|11
1771327857.740,unsolicited,640,10,,C0|0A|08|00|00|00|11
1771327857.810,unsolicited,640,10,,C0|0A|08|00|00|00|11
1771327857.841,unsolicited,640,10,,C0|0A|08|00|00|00|11
1771327857.907,unsolicited,640,10,,C0|0A|08|00|00|00|11
1771327857.941,unsolicited,640,10,,C0|0A|08|00|00|00|11
1771327858.008,unsolicited,640,10,,C0|0A|08|00|00|00|11
1771327858.009,unsolicited,640,10,,C0|0A|08|00|00|00|11
1771327858.043,unsolicited,640,10,,C0|0A|08|00|00|00|11
1771327858.075,unsolicited,640,10,,C0|0A|08|00|00|00|11
1771327858.108,unsolicited,640,10,,C0|0A|08|00|00|00|11
1771327858.212,unsolicited,640,10,,C0|0A|08|00|00|00|11
1771327858.278,unsolicited,640,10,,C0|0A|08|00|00|00|11
1771327858.345,unsolicited,640,10,,C0|0A|08|00|00|00|11
1771327858.378,unsolicited,640,10,,C0|0A|08|00|00|00|11
1771327858.445,unsolicited,640,10,,C0|0A|08|00|00|00|11
1771327858.615,unsolicited,640,10,,C0|0A|08|00|00|00|11
1771327858.683,unsolicited,640,10,,C0|0A|08|00|00|00|11
1771327858.818,unsolicited,640,10,,C0|0A|08|00|00|00|11
1771327858.852,unsolicited,640,10,,C0|0A|08|00|00|00|11
1771327859.018,unsolicited,640,10,,C0|0A|08|00|00|00|11
1771327859.086,unsolicited,640,10,,C0|0A|08|00|00|00|11
1771327859.119,unsolicited,640,10,,C0|0A|08|00|00|00|11
1771327859.186,unsolicited,640,10,,C0|0A|08|00|00|00|11
1771327859.187,unsolicited,640,10,,C0|0A|08|00|00|00|11
1771327859.254,unsolicited,640,10,,C0|0A|08|00|00|00|11
1771327859.289,unsolicited,640,10,,C0|0A|08|00|00|00|11
1771327859.355,unsolicited,640,10,,C0|0A|08|00|00|00|11
