timestamp,source,rpm_value,raw_byte,other_source_rpm,raw_frame
1771336539.522,unsolicited,0,0,,C8|00|08|00|00|00|0F
1771336539.539,unsolicited,0,0,,C8|00|08|00|00|00|0F
1771336539.541,unsolicited,0,0,,C8|00|08|00|00|00|0F
1771336539.543,unsolicited,0,0,,C8|00|08|00|00|00|0F
1771336539.547,unsolicited,0,0,,C8|00|08|00|00|00|0F
1771336539.547,solicited,1150,,0,
1771336539.886,solicited,1204,,0,
1771336539.919,unsolicited,0,0,1204,C0|00|08|00|00|00|07
1771336539.923,unsolicited,0,0,1204,C0|00|08|00|00|00|07
1771336539.986,unsolicited,0,0,1204,C0|00|08|00|00|00|07
1771336540.321,unsolicited,0,0,1204,C0|00|08|00|00|00|07
1771336540.322,unsolicited,0,0,1204,C0|00|08|00|00|00|07
1771336540.324,unsolicited,0,0,1204,C0|00|08|00|00|00|07
1771336540.354,unsolicited,0,0,1204,C0|00|08|00|00|00|07
1771336540.388,unsolicited,0,0,1204,C0|00|08|00|00|00|07
1771336540.389,solicited,1264,,0,
1771336540.423,unsolicited,0,0,1264,C0|00|08|00|00|00|07
1771336540.659,unsolicited,0,0,1264,C0|00|08|00|00|00|07
1771336540.660,unsolicited,0,0,1264,C0|00|08|00|00|00|07
1771336540.761,unsolicited,0,0,1264,C0|00|08|00|00|00|07
1771336540.761,unsolicited,0,0,1264,C0|00|08|00|00|00|07
1771336540.762,unsolicited,0,0,1264,C0|00|08|00|00|00|07
1771336540.795,unsolicited,0,0,1264,C0|00|08|00|00|00|07
1771336540.796,unsolicited,0,0,1264,C0|00|08|00|00|00|07
1771336540.828,unsolicited,0,0,1264,C0|00|08|00|00|00|07
1771336540.829,unsolicited,0,0,1264,C0|00|08|00|00|00|07
1771336540.896,solicited,1310,,0,
1771336540.930,unsolicited,0,0,1310,C0|00|08|00|00|00|07
1771336541.133,unsolicited,0,0,1310,C0|00|08|00|00|00|07
1771336541.334,unsolicited,0,0,1310,C0|00|08|00|00|00|07
1771336541.366,unsolicited,0,0,1310,C0|00|08|00|00|00|07
1771336541.869,unsolicited,0,0,1310,C0|00|08|00|00|00|07
1771336541.905,unsolicited,0,0,1310,C0|00|08|00|00|00|07
1771336543.212,solicited,1347,,0,
1771336543.480,unsolicited,0,0,1347,C0|00|08|00|00|00|07
1771336543.815,solicited,1353,,0,
1771336543.918,unsolicited,0,0,1353,C0|00|08|00|00|00|07
1771336543.952,unsolicited,0,0,1353,C0|00|08|00|00|00|07
1771336543.953,unsolicited,0,0,1353,C0|00|08|00|00|00|07
1771336544.121,unsolicited,0,0,1353,C0|00|08|00|00|00|07
1771336544.221,unsolicited,0,0,1353,C0|00|08|00|00|00|07
1771336544.223,unsolicited,0,0,1353,C0|00|08|00|00|00|07
1771336544.223,unsolicited,0,0,1353,C0|00|08|00|00|00|07
1771336544.320,unsolicited,0,0,1353,C0|00|08|00|00|00|07
1771336544.322,unsolicited,0,0,1353,C0|00|08|00|00|00|07
1771336544.322,unsolicited,0,0,1353,C0|00|08|00|00|00|07
1771336544.354,solicited,1349,,0,
1771336545.093,unsolicited,0,0,1349,C0|00|08|00|00|00|07
1771336545.465,unsolicited,0,0,1349,C0|00|08|00|00|00|07
1771336545.498,unsolicited,0,0,1349,C0|00|08|00|00|00|07
1771336545.499,unsolicited,0,0,1349,C0|00|08|00|00|00|07
1771336545.735,unsolicited,0,0,1349,C0|00|08|00|00|00|07
1771336545.768,unsolicited,0,0,1349,C0|00|08|00|00|00|07
1771336545.768,solicited,1316,,0,
1771336545.868,unsolicited,0,0,1316,C0|00|08|00|00|00|07
1771336546.037,unsolicited,0,0,1316,C0|00|08|00|00|00|07
1771336546.038,unsolicited,0,0,1316,C0|00|08|00|00|00|07
1771336546.105,unsolicited,0,0,1316,C0|00|08|00|00|00|07
1771336546.105,unsolicited,0,0,1316,C0|00|08|00|00|00|07
1771336546.139,unsolicited,0,0,1316,C0|00|08|00|00|00|07
1771336546.274,solicited,1303,,0,
1771336546.777,unsolicited,0,0,1303,C0|00|08|00|00|00|07
1771336546.782,unsolicited,0,0,1303,C0|00|08|00|00|00|07
1771336546.811,solicited,1307,,0,
1771336547.114,unsolicited,0,0,1307,C0|00|08|00|00|00|07
1771336547.250,unsolicited,0,0,1307,C0|00|08|00|00|00|07
1771336547.318,solicited,1298,,0,
1771336547.452,unsolicited,0,0,1298,C0|00|08|00|00|00|07
1771336547.888,unsolicited,0,0,1298,C0|00|08|00|00|00|07
1771336547.920,solicited,1302,,0,
1771336547.955,unsolicited,0,0,1302,C0|00|08|00|00|00|07
1771336547.988,unsolicited,0,0,1302,C0|00|08|00|00|00|07
1771336548.156,unsolicited,0,0,1302,C0|00|08|00|00|00|07
1771336548.157,unsolicited,0,0,1302,C0|00|08|00|00|00|07
1771336548.323,unsolicited,0,0,1302,C0|00|08|00|00|00|07
1771336548.526,solicited,1307,,0,
1771336548.558,unsolicited,0,0,1307,C0|00|08|00|00|00|07
1771336550.403,unsolicited,0,0,1307,C0|00|08|00|00|00|07
1771336550.404,unsolicited,0,0,1307,C0|00|08|00|00|00|07
1771336550.943,unsolicited,0,0,1307,C0|00|08|00|00|00|07
1771336550.979,solicited,1305,,0,
1771336551.376,unsolicited,0,0,1305,C0|00|08|00|00|00|07
1771336551.382,unsolicited,0,0,1305,C0|00|08|00|00|00|07
1771336551.579,solicited,1312,,0,
1771336551.680,unsolicited,0,0,1312,C0|00|08|00|00|00|07
1771336551.684,unsolicited,0,0,1312,C0|00|08|00|00|00|07
1771336551.686,unsolicited,0,0,1312,C0|00|08|00|00|00|07
1771336551.916,unsolicited,0,0,1312,C0|00|08|00|00|00|07
1771336552.084,unsolicited,0,0,1312,C0|00|08|00|00|00|07
1771336552.118,solicited,1300,,0,
1771336552.120,unsolicited,0,0,1300,C0|00|08|00|00|00|07
1771336552.389,unsolicited,0,0,1300,C0|00|08|00|00|00|07
1771336552.491,unsolicited,0,0,1300,C0|00|08|00|00|00|07
1771336552.492,unsolicited,0,0,1300,C0|00|08|00|00|00|07
1771336552.525,unsolicited,0,0,1300,C0|00|08|00|00|00|07
1771336552.627,solicited,1310,,0,
1771336553.030,unsolicited,0,0,1310,C0|00|08|00|00|00|07
1771336553.064,unsolicited,0,0,1310,C0|00|08|00|00|00|07
1771336553.199,solicited,1307,,0,
1771336554.074,solicited,1308,,0,
1771336554.109,unsolicited,0,0,1308,C0|00|08|00|00|00|07
1771336554.142,unsolicited,0,0,1308,C0|00|08|00|00|00|07
1771336554.181,unsolicited,0,0,1308,C0|00|08|00|00|00|07
1771336554.181,unsolicited,0,0,1308,C0|00|08|00|00|00|07
1771336554.410,unsolicited,0,0,1308,C0|00|08|00|00|00|07
1771336556.695,solicited,1285,,0,
1771336556.797,unsolicited,0,0,1285,C0|00|08|00|00|00|07
1771336557.268,unsolicited,0,0,1285,C0|00|08|00|00|00|07
1771336557.301,solicited,1279,,0,
1771336557.436,unsolicited,0,0,1279,C0|00|08|00|00|00|07
1771336557.466,unsolicited,0,0,1279,C0|00|08|00|00|00|07
1771336557.602,unsolicited,0,0,1279,C0|00|08|00|00|00|07
1771336557.607,unsolicited,0,0,1279,C0|00|08|00|00|00|07
1771336557.635,unsolicited,0,0,1279,C0|00|08|00|00|00|07
1771336557.802,solicited,1283,,0,
1771336558.074,unsolicited,0,0,1283,C0|00|08|00|00|00|07
1771336558.809,unsolicited,0,0,1283,C0|00|08|00|00|00|07
1771336558.810,solicited,1270,,0,
1771336558.911,unsolicited,0,0,1270,C0|00|08|00|00|00|07
1771336558.915,unsolicited,0,0,1270,C0|00|08|00|00|00|07
1771336558.944,unsolicited,0,0,1270,C0|00|08|00|00|00|07
1771336559.919,unsolicited,0,0,1270,C0|00|08|00|00|00|07
1771336559.953,solicited,1272,,0,
1771336562.069,solicited,1272,,0,
1771336562.101,unsolicited,512,8,1272,C0|08|08|00|00|00|0F
1771336562.102,unsolicited,512,8,1272,C0|08|08|00|00|00|0F
1771336564.017,solicited,1247,,512,
1771336564.894,unsolicited,448,7,1247,C0|07|08|00|00|00|0E
1771336564.927,solicited,1250,,448,
1771336564.928,unsolicited,448,7,1250,C0|07|08|00|00|00|0E
1771336564.961,unsolicited,448,7,1250,C0|07|08|00|00|00|0E
1771336565.197,unsolicited,448,7,1250,C0|07|08|00|00|00|0E
1771336567.389,unsolicited,448,7,1250,C0|07|08|00|00|00|0E
1771336567.423,unsolicited,448,7,1250,C0|07|08|00|00|00|0E
1771336567.729,solicited,1188,,448,
1771336567.928,unsolicited,448,7,1188,C0|07|08|00|00|00|0E
1771336569.716,solicited,1225,,448,
1771336570.497,unsolicited,448,7,1225,C0|07|08|00|00|00|0E
1771336570.729,unsolicited,448,7,1225,C0|07|08|00|00|00|0E
1771336571.875,solicited,1165,,448,
1771336571.875,unsolicited,448,7,1165,C0|07|08|00|00|00|0E
1771336572.078,unsolicited,0,0,1165,C0|00|08|00|00|00|07
1771336572.214,unsolicited,0,0,1165,C0|00|08|00|00|00|07
1771336572.281,unsolicited,0,0,1165,C0|00|08|00|00|00|07
1771336572.284,unsolicited,0,0,1165,C0|00|08|00|00|00|07
1771336572.315,unsolicited,0,0,1165,C0|00|08|00|00|00|07
1771336572.315,unsolicited,0,0,1165,C0|00|08|00|00|00|07
1771336572.415,unsolicited,0,0,1165,C0|00|08|00|00|00|07
1771336572.448,solicited,1207,,0,
1771336572.481,unsolicited,0,0,1207,C0|00|08|00|00|00|07
1771336572.585,unsolicited,0,0,1207,C0|00|08|00|00|00|07
1771336572.616,unsolicited,0,0,1207,C0|00|08|00|00|00|07
1771336572.616,unsolicited,0,0,1207,C0|00|08|00|00|00|07
1771336572.718,unsolicited,0,0,1207,C0|00|08|00|00|00|07
1771336572.751,unsolicited,0,0,1207,C0|00|08|00|00|00|07
1771336572.957,unsolicited,0,0,1207,C0|00|08|00|00|00|07
1771336572.989,solicited,228,,0,
1771336573.123,unsolicited,0,0,228,C0|00|08|00|00|00|07
1771336573.795,solicited,114,,0,
1771336573.929,unsolicited,0,0,114,C0|00|08|00|00|00|07
1771336573.935,unsolicited,0,0,114,C0|00|08|00|00|00|07
1771336573.963,unsolicited,0,0,114,C0|00|08|00|00|00|07
1771336574.535,solicited,114,,0,
1771336574.568,unsolicited,0,0,114,C0|00|08|00|00|00|07
1771336574.736,unsolicited,0,0,114,C0|00|08|00|00|00|07
1771336575.005,unsolicited,0,0,114,C0|00|08|00|00|00|07
1771336575.005,unsolicited,0,0,114,C0|00|08|00|00|00|07
1771336575.038,unsolicited,0,0,114,C0|00|08|00|00|00|07
1771336575.071,solicited,0,,0,
1771336575.072,unsolicited,0,0,0,C0|00|08|00|00|00|07
1771336575.106,unsolicited,0,0,0,C0|00|08|00|00|00|07
1771336575.139,unsolicited,0,0,0,C0|00|08|00|00|00|07
1771336575.140,unsolicited,0,0,0,C0|00|08|00|00|00|07
1771336575.207,unsolicited,0,0,0,C0|00|08|00|00|00|07
1771336575.241,unsolicited,0,0,0,C0|00|08|00|00|00|07
1771336575.274,unsolicited,0,0,0,C0|00|08|00|00|00|07
1771336575.307,unsolicited,0,0,0,C0|00|08|00|00|00|07
1771336575.309,unsolicited,0,0,0,C0|00|08|00|00|00|07
1771336575.373,unsolicited,0,0,0,C0|00|08|00|00|00|07
1771336575.374,unsolicited,0,0,0,C0|00|08|00|00|00|07
1771336575.374,unsolicited,0,0,0,C0|00|08|00|00|00|07
1771336578.006,solicited,0,,0,
1771336578.040,unsolicited,0,0,0,C0|00|08|00|00|00|07
1771336578.041,unsolicited,0,0,0,C0|00|08|00|00|00|07
1771336578.311,unsolicited,0,0,0,C0|00|08|00|00|00|07
1771336579.454,unsolicited,0,0,0,C0|00|08|00|00|00|07
1771336579.485,solicited,0,,0,
1771336579.553,unsolicited,0,0,0,C0|00|08|00|00|00|07
1771336579.585,unsolicited,0,0,0,C0|00|08|00|00|00|07
1771336580.764,solicited,0,,0,
1771336580.797,unsolicited,0,0,0,C0|00|08|00|00|00|07
1771336580.798,unsolicited,0,0,0,C0|00|08|00|00|00|07
1771336580.898,unsolicited,0,0,0,C0|00|08|00|00|00|07
1771336580.899,unsolicited,0,0,0,C0|00|08|00|00|00|07
1771336580.931,unsolicited,0,0,0,C0|00|08|00|00|00|07
1771336580.999,unsolicited,0,0,0,C0|00|08|00|00|00|07
1771336581.001,unsolicited,0,0,0,C0|00|08|00|00|00|07
1771336581.033,unsolicited,0,0,0,C0|00|08|00|00|00|07
1771336581.103,unsolicited,0,0,0,C0|00|08|00|00|00|07
1771336581.137,unsolicited,0,0,0,C0|00|08|00|00|00|07
1771336581.171,unsolicited,0,0,0,C0|00|08|00|00|00|07
1771336581.273,solicited,0,,0,
1771336581.305,unsolicited,0,0,0,C0|00|08|00|00|00|07
1771336581.307,unsolicited,0,0,0,C0|00|08|00|00|00|07
1771336581.307,unsolicited,0,0,0,C0|00|08|00|00|00|07
1771336581.338,unsolicited,0,0,0,C0|00|08|00|00|00|07
1771336581.372,unsolicited,0,0,0,C0|00|08|00|00|00|07
1771336581.373,unsolicited,0,0,0,C0|00|08|00|00|00|07
1771336581.407,unsolicited,0,0,0,C0|00|08|00|00|00|07
1771336581.407,unsolicited,0,0,0,C0|00|08|00|00|00|07
1771336581.440,unsolicited,0,0,0,C0|00|08|00|00|00|07
1771336581.473,unsolicited,0,0,0,C0|00|08|00|00|00|07
1771336581.643,unsolicited,0,0,0,C0|00|08|00|00|00|07
1771336581.644,unsolicited,0,0,0,C0|00|08|00|00|00|07
1771336581.677,unsolicited,0,0,0,C0|00|08|00|00|00|07
1771336582.318,unsolicited,0,0,0,C0|00|08|00|00|00|07
1771336582.351,unsolicited,0,0,0,C0|00|08|00|00|00|07
1771336582.352,solicited,0,,0,
1771336582.484,unsolicited,0,0,0,C0|00|08|00|00|00|07
1771336582.484,unsolicited,0,0,0,C0|00|08|00|00|00|07
1771336582.720,unsolicited,0,0,0,C0|00|08|00|00|00|07
1771336582.821,unsolicited,0,0,0,C0|00|08|00|00|00|07
1771336583.191,unsolicited,0,0,0,C0|00|08|00|00|00|07
1771336583.258,unsolicited,0,0,0,C0|00|08|00|00|00|07
1771336583.392,solicited,0,,0,
1771336583.393,unsolicited,0,0,0,C0|00|08|00|00|00|07
1771336583.562,unsolicited,0,0,0,C0|00|08|00|00|00|07
1771336583.562,unsolicited,0,0,0,C0|00|08|00|00|00|07
1771336583.659,unsolicited,0,0,0,C0|00|08|00|00|00|07
1771336583.694,unsolicited,0,0,0,C0|00|08|00|00|00|07
1771336583.727,unsolicited,0,0,0,C0|00|08|00|00|00|07
1771336585.444,unsolicited,0,0,0,C0|00|08|00|00|00|07
1771336585.479,solicited,0,,0,
1771336585.510,unsolicited,0,0,0,C0|00|08|00|00|00|07
1771336585.511,unsolicited,0,0,0,C0|00|08|00|00|00|07
1771336585.780,unsolicited,0,0,0,C0|00|08|00|00|00|07
1771336585.848,unsolicited,0,0,0,C0|00|08|00|00|00|07
1771336585.848,unsolicited,0,0,0,C0|00|08|00|00|00|07
1771336585.882,unsolicited,0,0,0,C0|00|08|00|00|00|07
1771336585.981,unsolicited,0,0,0,C0|00|08|00|00|00|07
1771336586.014,solicited,0,,0,
1771336586.014,unsolicited,0,0,0,C0|00|08|00|00|00|07
1771336586.247,unsolicited,0,0,0,C0|00|08|00|00|00|07
1771336586.313,unsolicited,0,0,0,C0|00|08|00|00|00|07
1771336586.314,unsolicited,0,0,0,C0|00|08|00|00|00|07
1771336586.315,unsolicited,0,0,0,C0|00|08|00|00|00|07
1771336586.347,unsolicited,0,0,0,C0|00|08|00|00|00|07
1771336587.392,unsolicited,0,0,0,C0|00|08|00|00|00|07
1771336587.425,solicited,0,,0,
1771336587.459,unsolicited,0,0,0,C0|00|08|00|00|00|07
1771336587.494,unsolicited,0,0,0,C0|00|08|00|00|00|07
1771336587.494,unsolicited,0,0,0,C0|00|08|00|00|00|07
1771336587.830,unsolicited,0,0,0,C0|00|08|00|00|00|07
1771336587.863,unsolicited,0,0,0,C0|00|08|00|00|00|07
1771336587.864,unsolicited,0,0,0,C0|00|08|00|00|00|07
1771336588.263,unsolicited,0,0,0,C0|00|08|00|00|00|07
1771336588.264,unsolicited,0,0,0,C0|00|08|00|00|00|07
1771336588.331,unsolicited,0,0,0,C0|00|08|00|00|00|07
1771336588.431,unsolicited,0,0,0,C0|00|08|00|00|00|07
1771336588.464,solicited,0,,0,
1771336588.465,unsolicited,0,0,0,C0|00|08|00|00|00|07
1771336588.465,unsolicited,0,0,0,C0|00|08|00|00|00|07
1771336588.632,unsolicited,0,0,0,C0|00|08|00|00|00|07
1771336588.732,unsolicited,0,0,0,C0|00|08|00|00|00|07
1771336588.766,unsolicited,0,0,0,C0|00|08|00|00|00|07
1771336588.766,unsolicited,0,0,0,C0|00|08|00|00|00|07
1771336588.799,unsolicited,0,0,0,C0|00|08|00|00|00|07
1771336589.408,solicited,0,,0,
1771336589.475,unsolicited,0,0,0,C0|00|08|00|00|00|07
1771336589.948,unsolicited,0,0,0,C0|00|08|00|00|00|07
1771336589.949,unsolicited,0,0,0,C0|00|08|00|00|00|07
1771336589.981,solicited,0,,0,
1771336590.114,unsolicited,0,0,0,C0|00|08|00|00|00|07
1771336591.870,unsolicited,0,0,0,C0|00|08|00|00|00|07
1771336591.903,solicited,0,,0,
1771336592.138,unsolicited,0,0,0,C0|00|08|00|00|00|07
1771336592.410,solicited,0,,0,
1771336592.411,unsolicited,0,0,0,C0|00|08|00|00|00|07
1771336592.444,unsolicited,0,0,0,C0|00|08|00|00|00|07
1771336592.476,unsolicited,0,0,0,C0|00|08|00|00|00|07
1771336592.477,unsolicited,0,0,0,C0|00|08|00|00|00|07
1771336592.510,unsolicited,0,0,0,C0|00|08|00|00|00|07
1771336592.744,unsolicited,0,0,0,C0|00|08|00|00|00|07
1771336592.745,unsolicited,0,0,0,C0|00|08|00|00|00|07
1771336592.778,unsolicited,0,0,0,C0|00|08|00|00|00|07
1771336592.778,unsolicited,0,0,0,C0|00|08|00|00|00|07
1771336592.779,unsolicited,0,0,0,C0|00|08|00|00|00|07
1771336592.811,unsolicited,0,0,0,C0|00|08|00|00|00|07
1771336592.812,unsolicited,0,0,0,C0|00|08|00|00|00|07
1771336592.845,unsolicited,0,0,0,C0|00|08|00|00|00|07
1771336592.913,unsolicited,0,0,0,C0|00|08|00|00|00|07
1771336592.914,solicited,0,,0,
1771336593.218,unsolicited,0,0,0,C0|00|08|00|00|00|07
1771336593.286,unsolicited,0,0,0,C0|00|08|00|00|00|07
1771336593.353,unsolicited,0,0,0,C0|00|08|00|00|00|07
1771336593.421,solicited,0,,0,
1771336593.454,unsolicited,0,0,0,C0|00|08|00|00|00|07
1771336593.455,unsolicited,0,0,0,C0|00|08|00|00|00|07
1771336593.522,unsolicited,0,0,0,C0|00|08|00|00|00|07
1771336593.726,unsolicited,0,0,0,C0|00|08|00|00|00|07
1771336593.962,solicited,0,,0,
1771336593.962,unsolicited,0,0,0,C0|00|08|00|00|00|07
1771336594.228,unsolicited,0,0,0,C0|00|08|00|00|00|07
1771336594.261,unsolicited,0,0,0,C0|00|08|00|00|00|07
1771336594.294,unsolicited,0,0,0,C0|00|08|00|00|00|07
1771336594.295,unsolicited,0,0,0,C0|00|08|00|00|00|07
1771336594.328,unsolicited,0,0,0,C0|00|08|00|00|00|07
1771336594.465,solicited,0,,0,
1771336594.465,unsolicited,0,0,0,C0|00|08|00|00|00|07
1771336594.599,unsolicited,0,0,0,C0|00|08|00|00|00|07
1771336594.904,unsolicited,0,0,0,C0|00|08|00|00|00|07
1771336594.970,unsolicited,0,0,0,C0|00|08|00|00|00|07
1771336596.951,unsolicited,0,0,0,C8|00|08|04|00|00|13
1771336597.588,solicited,1381,,0,
1771336597.723,unsolicited,0,0,1381,C8|00|08|00|00|00|0F
1771336598.094,unsolicited,0,0,1381,C8|00|08|00|00|00|0F
1771336598.127,solicited,1371,,0,
1771336599.137,unsolicited,0,0,1371,C8|00|08|00|00|00|0F
1771336599.141,unsolicited,0,0,1371,C8|00|08|00|00|00|0F
1771336600.116,unsolicited,0,0,1371,C0|00|08|00|00|00|07
1771336600.116,solicited,1280,,0,
1771336600.149,unsolicited,0,0,1280,C0|00|08|00|00|00|07
1771336601.061,solicited,1341,,0,
1771336601.198,unsolicited,512,8,1341,C0|08|08|00|00|00|0F
1771336601.837,unsolicited,448,7,1341,C0|07|08|00|00|00|0E
1771336601.868,solicited,1332,,448,
1771336601.935,unsolicited,448,7,1332,C0|07|08|00|00|00|0E
1771336601.936,unsolicited,448,7,1332,C0|07|08|00|00|00|0E
1771336602.407,solicited,1301,,448,
1771336602.539,unsolicited,448,7,1301,C0|07|08|00|00|00|0E
1771336602.539,unsolicited,448,7,1301,C0|07|08|00|00|00|0E
1771336602.638,unsolicited,448,7,1301,C0|07|08|00|00|00|0E
1771336602.640,unsolicited,448,7,1301,C0|07|08|00|00|00|0E
1771336602.672,unsolicited,448,7,1301,C0|07|08|00|00|00|0E
1771336602.706,unsolicited,448,7,1301,C0|07|08|00|00|00|0E
1771336602.707,unsolicited,448,7,1301,C0|07|08|00|00|00|0E
1771336602.742,unsolicited,448,7,1301,C0|07|08|00|00|00|0E
1771336602.775,unsolicited,448,7,1301,C0|07|08|00|00|00|0E
1771336602.776,unsolicited,448,7,1301,C0|07|08|00|00|00|0E
1771336602.876,unsolicited,448,7,1301,C0|07|08|00|00|00|0E
1771336602.878,unsolicited,448,7,1301,C0|07|08|00|00|00|0E
1771336602.909,solicited,1284,,448,
1771336603.111,unsolicited,448,7,1284,C0|07|08|00|00|00|0E
1771336603.316,unsolicited,448,7,1284,C0|07|08|00|00|00|0E
1771336605.166,unsolicited,448,7,1284,C0|07|08|00|00|00|0E
1771336605.196,solicited,1317,,448,
1771336606.204,unsolicited,448,7,1317,C0|07|08|00|00|00|0E
1771336606.205,unsolicited,448,7,1317,C0|07|08|00|00|00|0E
1771336606.238,solicited,1267,,448,
1771336606.813,solicited,1286,,448,
1771336606.880,unsolicited,448,7,1286,C0|07|08|00|00|00|0E
1771336607.117,unsolicited,448,7,1286,C0|07|08|00|00|00|0E
1771336607.352,solicited,1339,,448,
1771336607.722,unsolicited,448,7,1339,C0|07|08|00|00|00|0E
1771336607.722,unsolicited,448,7,1339,C0|07|08|00|00|00|0E
1771336607.756,unsolicited,448,7,1339,C0|07|08|00|00|00|0E
1771336607.889,unsolicited,448,7,1339,C0|07|08|00|00|00|0E
1771336607.890,unsolicited,448,7,1339,C0|07|08|00|00|00|0E
1771336608.227,unsolicited,448,7,1339,C0|07|08|00|00|00|0E
1771336608.228,unsolicited,448,7,1339,C0|07|08|00|00|00|0E
1771336608.258,unsolicited,448,7,1339,C0|07|08|00|00|00|0E
1771336608.258,unsolicited,448,7,1339,C0|07|08|00|00|00|0E
1771336608.290,unsolicited,448,7,1339,C0|07|08|00|00|00|0E
1771336608.356,unsolicited,448,7,1339,C0|07|08|00|00|00|0E
1771336608.357,unsolicited,448,7,1339,C0|07|08|00|00|00|0E
1771336608.424,solicited,1284,,448,
1771336608.629,unsolicited,448,7,1284,C0|07|08|00|00|00|0E
1771336608.630,unsolicited,448,7,1284,C0|07|08|00|00|00|0E
1771336608.662,unsolicited,448,7,1284,C0|07|08|00|00|00|0E
1771336608.762,unsolicited,448,7,1284,C0|07|08|00|00|00|0E
1771336608.765,unsolicited,448,7,1284,C0|07|08|00|00|00|0E
1771336608.799,unsolicited,448,7,1284,C0|07|08|00|00|00|0E
1771336608.899,unsolicited,448,7,1284,C0|07|08|00|00|00|0E
1771336608.930,unsolicited,448,7,1284,C0|07|08|00|00|00|0E
1771336608.964,solicited,1319,,448,
1771336609.031,unsolicited,448,7,1319,C0|07|08|00|00|00|0E
1771336609.270,unsolicited,448,7,1319,C0|07|08|00|00|00|0E
1771336609.271,unsolicited,448,7,1319,C0|07|08|00|00|00|0E
1771336609.301,unsolicited,448,7,1319,C0|07|08|00|00|00|0E
1771336609.302,unsolicited,448,7,1319,C0|07|08|00|00|00|0E
1771336609.468,solicited,1266,,448,
1771336609.940,unsolicited,448,7,1266,C0|07|08|00|00|00|0E
1771336609.973,solicited,1257,,448,
1771336610.345,unsolicited,448,7,1257,C0|07|08|00|00|00|0E
1771336610.378,unsolicited,448,7,1257,C0|07|08|00|00|00|0E
1771336610.380,unsolicited,448,7,1257,C0|07|08|00|00|00|0E
1771336610.381,unsolicited,448,7,1257,C0|07|08|00|00|00|0E
1771336610.411,unsolicited,448,7,1257,C0|07|08|00|00|00|0E
1771336610.513,solicited,1286,,448,
1771336610.883,unsolicited,448,7,1286,C0|07|08|00|00|00|0E
1771336610.884,unsolicited,448,7,1286,C0|07|08|00|00|00|0E
1771336610.949,unsolicited,448,7,1286,C0|07|08|00|00|00|0E
1771336610.982,unsolicited,448,7,1286,C0|07|08|00|00|00|0E
1771336610.983,unsolicited,448,7,1286,C0|07|08|00|00|00|0E
1771336610.984,unsolicited,448,7,1286,C0|07|08|00|00|00|0E
1771336611.017,solicited,1294,,448,
1771336611.423,unsolicited,448,7,1294,C0|07|08|00|00|00|0E
1771336611.458,unsolicited,448,7,1294,C0|07|08|00|00|00|0E
1771336611.490,unsolicited,448,7,1294,C0|07|08|00|00|00|0E
1771336611.525,solicited,1260,,448,
1771336611.593,unsolicited,448,7,1260,C0|07|08|00|00|00|0E
1771336611.829,unsolicited,448,7,1260,C0|07|08|00|00|00|0E
1771336613.575,solicited,1278,,448,
1771336615.062,unsolicited,448,7,1278,C0|07|08|00|00|00|0E
1771336615.093,solicited,1285,,448,
1771336615.800,unsolicited,448,7,1285,C0|07|08|00|00|00|0E
1771336615.831,unsolicited,448,7,1285,C0|07|08|00|00|00|0E
1771336615.831,unsolicited,448,7,1285,C0|07|08|00|00|00|0E
1771336615.832,solicited,1228,,448,
1771336616.168,unsolicited,448,7,1228,C0|07|08|00|00|00|0E
1771336617.507,unsolicited,448,7,1228,C0|07|08|00|00|00|0E
1771336617.539,solicited,1236,,448,
1771336618.180,solicited,1217,,448,
1771336618.282,unsolicited,384,6,1217,C0|06|08|00|00|00|0D
1771336618.650,unsolicited,384,6,1217,C0|06|08|00|00|00|0D
1771336618.719,solicited,1256,,384,
1771336619.395,solicited,1267,,384,
1771336619.528,unsolicited,384,6,1267,C0|06|08|00|00|00|0D
1771336619.560,unsolicited,384,6,1267,C0|06|08|00|00|00|0D
1771336619.561,unsolicited,384,6,1267,C0|06|08|00|00|00|0D
1771336619.662,unsolicited,384,6,1267,C0|06|08|00|00|00|0D
1771336619.765,unsolicited,384,6,1267,C0|06|08|00|00|00|0D
1771336619.862,unsolicited,384,6,1267,C0|06|08|00|00|00|0D
1771336619.896,unsolicited,384,6,1267,C0|06|08|00|00|00|0D
1771336619.897,unsolicited,384,6,1267,C0|06|08|00|00|00|0D
1771336619.930,solicited,1230,,384,
1771336619.964,unsolicited,384,6,1230,C0|06|08|00|00|00|0D
1771336619.965,unsolicited,384,6,1230,C0|06|08|00|00|00|0D
1771336619.998,unsolicited,384,6,1230,C0|06|08|00|00|00|0D
1771336620.031,unsolicited,384,6,1230,C0|06|08|00|00|00|0D
1771336620.132,unsolicited,384,6,1230,C0|06|08|00|00|00|0D
1771336620.534,unsolicited,384,6,1230,C0|06|08|00|00|00|0D
1771336620.567,solicited,1235,,384,
1771336621.512,unsolicited,384,6,1235,C0|06|08|00|00|00|0D
1771336621.542,unsolicited,384,6,1235,C0|06|08|00|00|00|0D
1771336621.543,unsolicited,384,6,1235,C0|06|08|00|00|00|0D
1771336621.575,solicited,1214,,384,
1771336621.642,unsolicited,384,6,1214,C0|06|08|00|00|00|0D
1771336621.642,unsolicited,384,6,1214,C0|06|08|00|00|00|0D
1771336621.674,unsolicited,384,6,1214,C0|06|08|00|00|00|0D
1771336622.719,solicited,1251,,384,
1771336622.719,unsolicited,384,6,1251,C0|06|08|00|00|00|0D
1771336622.957,unsolicited,384,6,1251,C0|06|08|00|00|00|0D
1771336623.289,unsolicited,384,6,1251,C0|06|08|00|00|00|0D
1771336623.356,solicited,1238,,384,
1771336623.390,unsolicited,384,6,1238,C0|06|08|00|00|00|0D
1771336623.390,unsolicited,384,6,1238,C0|06|08|00|00|00|0D
1771336623.456,unsolicited,384,6,1238,C0|06|08|00|00|00|0D
1771336623.556,unsolicited,384,6,1238,C0|06|08|00|00|00|0D
1771336623.790,unsolicited,384,6,1238,C0|06|08|00|00|00|0D
1771336623.823,unsolicited,384,6,1238,C0|06|08|00|00|00|0D
1771336623.824,unsolicited,384,6,1238,C0|06|08|00|00|00|0D
1771336623.890,unsolicited,384,6,1238,C0|06|08|00|00|00|0D
1771336623.923,unsolicited,384,6,1238,C0|06|08|00|00|00|0D
1771336623.925,solicited,1185,,384,
1771336624.060,unsolicited,384,6,1185,C0|06|08|00|00|00|0D
1771336624.061,unsolicited,384,6,1185,C0|06|08|00|00|00|0D
1771336624.227,unsolicited,384,6,1185,C0|06|08|00|00|00|0D
1771336624.228,unsolicited,384,6,1185,C0|06|08|00|00|00|0D
1771336624.262,unsolicited,384,6,1185,C0|06|08|00|00|00|0D
1771336624.297,unsolicited,384,6,1185,C0|06|08|00|00|00|0D
1771336624.329,unsolicited,384,6,1185,C0|06|08|00|00|00|0D
1771336624.330,unsolicited,384,6,1185,C0|06|08|00|00|00|0D
1771336624.429,unsolicited,384,6,1185,C0|06|08|00|00|00|0D
1771336624.463,solicited,1225,,384,
1771336624.529,unsolicited,384,6,1225,C0|06|08|00|00|00|0D
1771336624.563,unsolicited,384,6,1225,C0|06|08|00|00|00|0D
1771336624.564,unsolicited,384,6,1225,C0|06|08|00|00|00|0D
1771336624.564,unsolicited,384,6,1225,C0|06|08|00|00|00|0D
1771336624.596,unsolicited,384,6,1225,C0|06|08|00|00|00|0D
1771336624.598,unsolicited,384,6,1225,C0|06|08|00|00|00|0D
1771336624.630,unsolicited,384,6,1225,C0|06|08|00|00|00|0D
1771336624.631,unsolicited,384,6,1225,C0|06|08|00|00|00|0D
1771336624.730,unsolicited,384,6,1225,C0|06|08|00|00|00|0D
1771336625.133,solicited,1200,,384,
1771336625.404,unsolicited,384,6,1200,C0|06|08|00|00|00|0D
1771336625.671,solicited,1185,,384,
1771336625.772,unsolicited,384,6,1185,C0|06|08|00|00|00|0D
1771336625.905,unsolicited,384,6,1185,C0|06|08|00|00|00|0D
1771336625.906,unsolicited,384,6,1185,C0|06|08|00|00|00|0D
1771336625.939,unsolicited,384,6,1185,C0|06|08|00|00|00|0D
1771336625.973,unsolicited,384,6,1185,C0|06|08|00|00|00|0D
1771336625.973,unsolicited,384,6,1185,C0|06|08|00|00|00|0D
1771336625.974,unsolicited,384,6,1185,C0|06|08|00|00|00|0D
1771336625.974,unsolicited,384,6,1185,C0|06|08|00|00|00|0D
1771336626.039,unsolicited,384,6,1185,C0|06|08|00|00|00|0D
1771336626.071,unsolicited,384,6,1185,C0|06|08|00|00|00|0D
1771336626.173,solicited,1209,,384,
1771336626.310,unsolicited,384,6,1209,C0|06|08|00|00|00|0D
1771336626.341,unsolicited,384,6,1209,C0|06|08|00|00|00|0D
1771336626.341,unsolicited,384,6,1209,C0|06|08|00|00|00|0D
1771336626.342,unsolicited,384,6,1209,C0|06|08|00|00|00|0D
1771336626.373,unsolicited,384,6,1209,C0|06|08|00|00|00|0D
1771336626.439,unsolicited,384,6,1209,C0|06|08|00|00|00|0D
1771336626.440,unsolicited,384,6,1209,C0|06|08|00|00|00|0D
1771336626.473,unsolicited,384,6,1209,C0|06|08|00|00|00|0D
1771336626.506,unsolicited,384,6,1209,C0|06|08|00|00|00|0D
1771336626.639,unsolicited,384,6,1209,C0|06|08|00|00|00|0D
1771336626.640,unsolicited,384,6,1209,C0|06|08|00|00|00|0D
1771336626.640,unsolicited,384,6,1209,C0|06|08|00|00|00|0D
1771336626.673,unsolicited,384,6,1209,C0|06|08|00|00|00|0D
1771336626.707,solicited,1219,,384,
1771336627.141,unsolicited,384,6,1219,C0|06|08|00|00|00|0D
1771336627.141,unsolicited,384,6,1219,C0|06|08|00|00|00|0D
1771336627.141,unsolicited,384,6,1219,C0|06|08|00|00|00|0D
1771336627.209,solicited,1188,,384,
1771336627.410,unsolicited,384,6,1188,C0|06|08|00|00|00|0D
1771336627.411,unsolicited,384,6,1188,C0|06|08|00|00|00|0D
1771336627.412,unsolicited,384,6,1188,C0|06|08|00|00|00|0D
1771336627.412,unsolicited,384,6,1188,C0|06|08|00|00|00|0D
1771336627.510,unsolicited,384,6,1188,C0|06|08|00|00|00|0D
1771336627.511,unsolicited,384,6,1188,C0|06|08|00|00|00|0D
1771336627.545,unsolicited,384,6,1188,C0|06|08|00|00|00|0D
1771336627.545,unsolicited,384,6,1188,C0|06|08|00|00|00|0D
1771336627.576,unsolicited,384,6,1188,C0|06|08|00|00|00|0D
1771336627.577,unsolicited,384,6,1188,C0|06|08|00|00|00|0D
1771336627.677,unsolicited,384,6,1188,C0|06|08|00|00|00|0D
1771336627.779,unsolicited,384,6,1188,C0|06|08|00|00|00|0D
1771336627.781,solicited,1175,,384,
1771336627.847,unsolicited,384,6,1175,C0|06|08|00|00|00|0D
1771336628.050,unsolicited,0,0,1175,C0|00|08|00|00|00|07
1771336628.319,unsolicited,0,0,1175,C0|00|08|00|00|00|07
1771336628.352,solicited,1182,,0,
1771336628.621,unsolicited,0,0,1182,C0|00|08|00|00|00|07
1771336628.791,unsolicited,0,0,1182,C0|00|08|00|00|00|07
1771336628.792,unsolicited,0,0,1182,C0|00|08|00|00|00|07
1771336628.827,unsolicited,0,0,1182,C0|00|08|00|00|00|07
1771336628.859,solicited,221,,0,
1771336629.328,unsolicited,0,0,221,C0|00|08|00|00|00|07
1771336629.361,unsolicited,0,0,221,C0|00|08|00|00|00|07
1771336629.362,solicited,114,,0,
1771336629.700,unsolicited,0,0,114,C0|00|08|00|00|00|07
1771336629.905,solicited,114,,0,
1771336629.938,unsolicited,0,0,114,C0|00|08|00|00|00|07
1771336630.071,unsolicited,0,0,114,C0|00|08|00|00|00|07
1771336630.105,unsolicited,0,0,114,C0|00|08|00|00|00|07
1771336630.105,unsolicited,0,0,114,C0|00|08|00|00|00|07
1771336630.106,unsolicited,0,0,114,C0|00|08|00|00|00|07
1771336630.106,unsolicited,0,0,114,C0|00|08|00|00|00|07
1771336630.206,unsolicited,0,0,114,C0|00|08|00|00|00|07
1771336630.206,unsolicited,0,0,114,C0|00|08|00|00|00|07
1771336630.239,unsolicited,0,0,114,C0|00|08|00|00|00|07
1771336630.307,unsolicited,0,0,114,C0|00|08|00|00|00|07
1771336630.308,unsolicited,0,0,114,C0|00|08|00|00|00|07
1771336630.342,unsolicited,0,0,114,C0|00|08|00|00|00|07
1771336630.342,unsolicited,0,0,114,C0|00|08|00|00|00|07
1771336630.374,unsolicited,0,0,114,C0|00|08|00|00|00|07
1771336630.375,unsolicited,0,0,114,C0|00|08|00|00|00|07
1771336630.407,solicited,0,,0,
1771336630.440,unsolicited,0,0,0,C0|00|08|00|00|00|07
1771336630.709,unsolicited,0,0,0,C0|00|08|00|00|00|07
1771336630.776,unsolicited,0,0,0,C0|00|08|00|00|00|07
1771336630.809,unsolicited,0,0,0,C0|00|08|00|00|00|07
1771336630.809,unsolicited,0,0,0,C0|00|08|00|00|00|07
1771336630.844,unsolicited,0,0,0,C0|00|08|00|00|00|07
1771336630.876,unsolicited,0,0,0,C0|00|08|00|00|00|07
1771336630.877,unsolicited,0,0,0,C0|00|08|00|00|00|07
1771336630.942,solicited,0,,0,
1771336631.276,unsolicited,0,0,0,C0|00|08|00|00|00|07
1771336631.309,unsolicited,0,0,0,C0|00|08|00|00|00|07
1771336631.310,unsolicited,0,0,0,C0|00|08|00|00|00|07
1771336631.342,unsolicited,0,0,0,C0|00|08|00|00|00|07
1771336631.343,unsolicited,0,0,0,C0|00|08|00|00|00|07
1771336631.376,unsolicited,0,0,0,C0|00|08|00|00|00|07
1771336631.377,unsolicited,0,0,0,C0|00|08|00|00|00|07
1771336631.648,unsolicited,0,0,0,C0|00|08|00|00|00|07
1771336631.681,unsolicited,0,0,0,C0|00|08|00|00|00|07
1771336632.318,solicited,0,,0,
1771336632.352,unsolicited,0,0,0,C0|00|08|00|00|00|07
1771336632.419,unsolicited,0,0,0,C0|00|08|00|00|00|07
1771336632.420,unsolicited,0,0,0,C0|00|08|00|00|00|07
1771336632.421,unsolicited,0,0,0,C0|00|08|00|00|00|07
1771336632.553,unsolicited,0,0,0,C0|00|08|00|00|00|07
1771336632.653,unsolicited,0,0,0,C0|00|08|00|00|00|07
1771336632.654,unsolicited,0,0,0,C0|00|08|00|00|00|07
1771336632.687,unsolicited,0,0,0,C0|00|08|00|00|00|07
1771336632.688,unsolicited,0,0,0,C0|00|08|00|00|00|07
1771336632.821,unsolicited,0,0,0,C0|00|08|00|00|00|07
1771336632.822,solicited,0,,0,
1771336632.889,unsolicited,0,0,0,C0|00|08|00|00|00|07
1771336632.890,unsolicited,0,0,0,C0|00|08|00|00|00|07
1771336632.890,unsolicited,0,0,0,C0|00|08|00|00|00|07
1771336632.922,unsolicited,0,0,0,C0|00|08|00|00|00|07
1771336632.923,unsolicited,0,0,0,C0|00|08|00|00|00|07
1771336632.956,unsolicited,0,0,0,C0|00|08|00|00|00|07
1771336632.989,unsolicited,0,0,0,C0|00|08|00|00|00|07
1771336632.990,unsolicited,0,0,0,C0|00|08|00|00|00|07
1771336632.991,unsolicited,0,0,0,C0|00|08|00|00|00|07
1771336633.293,unsolicited,0,0,0,C0|00|08|00|00|00|07
1771336633.326,unsolicited,0,0,0,C0|00|08|00|00|00|07
1771336633.360,solicited,0,,0,
1771336633.394,unsolicited,0,0,0,C0|00|08|00|00|00|07
1771336633.426,unsolicited,0,0,0,C0|00|08|00|00|00|07
1771336633.427,unsolicited,0,0,0,C0|00|08|00|00|00|07
1771336633.428,unsolicited,0,0,0,C0|00|08|00|00|00|07
1771336633.460,unsolicited,0,0,0,C0|00|08|00|00|00|07
1771336633.461,unsolicited,0,0,0,C0|00|08|00|00|00|07
1771336633.462,unsolicited,0,0,0,C0|00|08|00|00|00|07
1771336633.494,unsolicited,0,0,0,C0|00|08|00|00|00|07
1771336633.495,unsolicited,0,0,0,C0|00|08|00|00|00|07
1771336633.527,unsolicited,0,0,0,C0|00|08|00|00|00|07
1771336633.528,unsolicited,0,0,0,C0|00|08|00|00|00|07
1771336633.528,unsolicited,0,0,0,C0|00|08|00|00|00|07
1771336633.561,unsolicited,0,0,0,C0|00|08|00|00|00|07
1771336633.795,unsolicited,0,0,0,C0|00|08|00|00|00|07
1771336633.796,unsolicited,0,0,0,C0|00|08|00|00|00|07
1771336633.797,unsolicited,0,0,0,C0|00|08|00|00|00|07
1771336633.829,unsolicited,0,0,0,C0|00|08|00|00|00|07
1771336634.300,unsolicited,0,0,0,C0|00|08|00|00|00|07
1771336634.300,unsolicited,0,0,0,C0|00|08|00|00|00|07
1771336634.332,solicited,0,,0,
1771336634.536,unsolicited,0,0,0,C0|00|08|00|00|00|07
1771336634.570,unsolicited,0,0,0,C0|00|08|00|00|00|07
1771336634.570,unsolicited,0,0,0,C0|00|08|00|00|00|07
1771336634.604,unsolicited,0,0,0,C0|00|08|00|00|00|07
1771336634.605,unsolicited,0,0,0,C0|00|08|00|00|00|07
1771336634.807,unsolicited,0,0,0,C0|00|08|00|00|00|07
1771336634.808,unsolicited,0,0,0,C0|00|08|00|00|00|07
1771336634.841,unsolicited,0,0,0,C0|00|08|00|00|00|07
1771336634.842,solicited,0,,0,
1771336634.874,unsolicited,0,0,0,C0|00|08|00|00|00|07
1771336634.907,unsolicited,0,0,0,C0|00|08|00|00|00|07
1771336634.907,unsolicited,0,0,0,C0|00|08|00|00|00|07
1771336634.907,unsolicited,0,0,0,C0|00|08|00|00|00|07
1771336634.974,unsolicited,0,0,0,C0|00|08|00|00|00|07
1771336634.975,unsolicited,0,0,0,C0|00|08|00|00|00|07
1771336635.007,unsolicited,0,0,0,C0|00|08|00|00|00|07
1771336635.008,unsolicited,0,0,0,C0|00|08|00|00|00|07
1771336635.041,unsolicited,0,0,0,C0|00|08|00|00|00|07
1771336635.314,unsolicited,0,0,0,C0|00|08|00|00|00|07
1771336635.347,unsolicited,0,0,0,C0|00|08|00|00|00|07
1771336635.348,unsolicited,0,0,0,C0|00|08|00|00|00|07
1771336635.381,solicited,0,,0,
1771336635.414,unsolicited,0,0,0,C0|00|08|00|00|00|07
1771336635.415,unsolicited,0,0,0,C0|00|08|00|00|00|07
1771336635.448,unsolicited,0,0,0,C0|00|08|00|00|00|07
1771336635.481,unsolicited,0,0,0,C0|00|08|00|00|00|07
1771336635.515,unsolicited,0,0,0,C0|00|08|00|00|00|07
1771336635.580,unsolicited,0,0,0,C0|00|08|00|00|00|07
1771336635.614,unsolicited,0,0,0,C0|00|08|00|00|00|07
1771336635.614,unsolicited,0,0,0,C0|00|08|00|00|00|07
1771336635.615,unsolicited,0,0,0,C0|00|08|00|00|00|07
1771336635.649,unsolicited,0,0,0,C0|00|08|00|00|00|07
1771336635.682,unsolicited,0,0,0,C0|00|08|00|00|00|07
1771336635.683,unsolicited,0,0,0,C0|00|08|00|00|00|07
1771336635.683,unsolicited,0,0,0,C0|00|08|00|00|00|07
1771336635.717,unsolicited,0,0,0,C0|00|08|00|00|00|07
1771336636.355,solicited,0,,0,
1771336636.624,unsolicited,0,0,0,C0|00|08|00|00|00|07
1771336637.394,solicited,0,,0,
1771336637.395,unsolicited,0,0,0,C0|00|08|00|00|00|07
1771336637.396,unsolicited,0,0,0,C0|00|08|00|00|00|07
1771336637.628,unsolicited,0,0,0,C0|00|08|00|00|00|07
1771336637.628,unsolicited,0,0,0,C0|00|08|00|00|00|07
1771336638.333,unsolicited,0,0,0,C0|00|08|00|00|00|07
1771336638.366,solicited,0,,0,
1771336638.400,unsolicited,0,0,0,C0|00|08|00|00|00|07
1771336638.434,unsolicited,0,0,0,C0|00|08|00|00|00|07
1771336638.435,unsolicited,0,0,0,C0|00|08|00|00|00|07
1771336638.469,unsolicited,0,0,0,C0|00|08|00|00|00|07
1771336638.470,unsolicited,0,0,0,C0|00|08|00|00|00|07
1771336638.503,unsolicited,0,0,0,C0|00|08|00|00|00|07
1771336638.504,unsolicited,0,0,0,C0|00|08|00|00|00|07
1771336638.537,unsolicited,0,0,0,C0|00|08|00|00|00|07
1771336638.570,unsolicited,0,0,0,C0|00|08|00|00|00|07
1771336638.603,unsolicited,0,0,0,C0|00|08|00|00|00|07
1771336638.604,unsolicited,0,0,0,C0|00|08|00|00|00|07
1771336638.604,unsolicited,0,0,0,C0|00|08|00|00|00|07
1771336638.671,unsolicited,0,0,0,C0|00|08|00|00|00|07
1771336638.671,unsolicited,0,0,0,C0|00|08|00|00|00|07
1771336640.485,solicited,0,,0,
1771336641.360,unsolicited,0,0,0,C0|00|08|00|00|00|07
1771336641.361,unsolicited,0,0,0,C0|00|08|00|00|00|07
1771336641.394,solicited,0,,0,
1771336641.428,unsolicited,0,0,0,C0|00|08|00|00|00|07
1771336641.461,unsolicited,0,0,0,C0|00|08|00|00|00|07
1771336641.495,unsolicited,0,0,0,C0|00|08|00|00|00|07
1771336641.496,unsolicited,0,0,0,C0|00|08|00|00|00|07
1771336641.527,unsolicited,0,0,0,C0|00|08|00|00|00|07
1771336641.528,unsolicited,0,0,0,C0|00|08|00|00|00|07
1771336641.560,unsolicited,0,0,0,C0|00|08|00|00|00|07
1771336641.595,unsolicited,0,0,0,C0|00|08|00|00|00|07
1771336641.628,unsolicited,0,0,0,C0|00|08|00|00|00|07
1771336641.661,unsolicited,0,0,0,C0|00|08|00|00|00|07
1771336642.402,solicited,0,,0,
1771336642.437,unsolicited,0,0,0,C0|00|08|00|00|00|07
1771336642.438,unsolicited,0,0,0,C0|00|08|00|00|00|07
1771336642.469,unsolicited,0,0,0,C0|00|08|00|00|00|07
1771336642.471,unsolicited,0,0,0,C0|00|08|00|00|00|07
1771336642.504,unsolicited,0,0,0,C0|00|08|00|00|00|07
1771336642.505,unsolicited,0,0,0,C0|00|08|00|00|00|07
1771336642.536,unsolicited,0,0,0,C0|00|08|00|00|00|07
1771336642.537,unsolicited,0,0,0,C0|00|08|00|00|00|07
1771336642.570,unsolicited,0,0,0,C0|00|08|00|00|00|07
1771336642.771,unsolicited,0,0,0,C0|00|08|00|00|00|07
1771336642.836,unsolicited,0,0,0,C0|00|08|00|00|00|07
1771336642.838,unsolicited,0,0,0,C0|00|08|00|00|00|07
1771336642.870,unsolicited,0,0,0,C0|00|08|00|00|00|07
1771336642.871,unsolicited,0,0,0,C0|00|08|00|00|00|07
1771336642.903,unsolicited,0,0,0,C0|00|08|00|00|00|07
1771336642.937,solicited,0,,0,
1771336642.938,unsolicited,0,0,0,C0|00|08|00|00|00|07
1771336642.938,unsolicited,0,0,0,C0|00|08|00|00|00|07
1771336643.037,unsolicited,0,0,0,C0|00|08|00|00|00|07
1771336643.038,unsolicited,0,0,0,C0|00|08|00|00|00|07
1771336643.071,unsolicited,0,0,0,C0|00|08|00|00|00|07
1771336643.071,unsolicited,0,0,0,C0|00|08|00|00|00|07
1771336643.072,unsolicited,0,0,0,C0|00|08|00|00|00|07
1771336643.171,unsolicited,0,0,0,C0|00|08|00|00|00|07
1771336643.204,unsolicited,0,0,0,C0|00|08|00|00|00|07
1771336643.205,unsolicited,0,0,0,C0|00|08|00|00|00|07
1771336643.371,unsolicited,0,0,0,C0|00|08|00|00|00|07
1771336643.439,solicited,0,,0,
1771336643.439,unsolicited,0,0,0,C0|00|08|00|00|00|07
1771336643.474,unsolicited,0,0,0,C0|00|08|00|00|00|07
1771336643.507,unsolicited,0,0,0,C0|00|08|00|00|00|07
1771336643.508,unsolicited,0,0,0,C0|00|08|00|00|00|07
1771336643.509,unsolicited,0,0,0,C0|00|08|00|00|00|07
1771336643.510,unsolicited,0,0,0,C0|00|08|00|00|00|07
1771336645.768,unsolicited,0,0,0,C0|00|08|00|00|00|07
1771336645.768,unsolicited,0,0,0,C0|00|08|00|00|00|07
1771336645.768,unsolicited,0,0,0,C0|00|08|00|00|00|07
1771336646.108,solicited,0,,0,
1771336646.109,unsolicited,0,0,0,C0|00|08|00|00|00|07
1771336646.140,unsolicited,0,0,0,C0|00|08|00|00|00|07
1771336646.141,unsolicited,0,0,0,C0|00|08|00|00|00|07
1771336646.544,unsolicited,0,0,0,C0|00|08|00|00|00|07
1771336646.545,unsolicited,0,0,0,C0|00|08|00|00|00|07
1771336646.577,unsolicited,0,0,0,C0|00|08|00|00|00|07
1771336646.578,unsolicited,0,0,0,C0|00|08|00|00|00|07
1771336646.578,unsolicited,0,0,0,C0|00|08|00|00|00|07
1771336646.610,unsolicited,0,0,0,C0|00|08|00|00|00|07
1771336646.611,solicited,0,,0,
1771336646.643,unsolicited,0,0,0,C0|00|08|00|00|00|07
1771336646.677,unsolicited,0,0,0,C0|00|08|00|00|00|07
1771336646.678,unsolicited,0,0,0,C0|00|08|00|00|00|07
1771336646.679,unsolicited,0,0,0,C0|00|08|00|00|00|07
1771336646.813,unsolicited,0,0,0,C0|00|08|00|00|00|07
1771336647.046,unsolicited,0,0,0,C0|00|08|00|00|00|07
1771336648.252,solicited,0,,0,
1771336648.523,unsolicited,0,0,0,C0|00|08|00|00|00|07
1771336649.670,unsolicited,0,0,0,C0|00|08|00|00|00|07
1771336649.671,unsolicited,0,0,0,C0|00|08|00|00|00|07
1771336649.735,solicited,0,,0,
1771336650.946,solicited,0,,0,
1771336651.451,solicited,0,,0,
1771336651.687,unsolicited,0,0,0,C0|00|08|00|00|00|07
1771336652.224,unsolicited,0,0,0,C0|00|08|00|00|00|07
1771336652.257,unsolicited,0,0,0,C0|00|08|00|00|00|07
1771336652.258,unsolicited,0,0,0,C0|00|08|00|00|00|07
1771336652.390,unsolicited,0,0,0,C0|00|08|00|00|00|07
1771336654.803,unsolicited,0,0,0,C0|00|08|00|00|00|07
1771336655.339,unsolicited,0,0,0,C0|00|08|00|00|00|07
1771336655.372,solicited,0,,0,
1771336655.607,unsolicited,0,0,0,C0|00|08|00|00|00|07
1771336655.608,unsolicited,0,0,0,C0|00|08|00|00|00|07
1771336655.743,unsolicited,0,0,0,C0|00|08|00|00|00|07
1771336655.777,unsolicited,0,0,0,C8|00|08|00|00|00|0F
1771336655.914,solicited,0,,0,
1771336656.114,unsolicited,0,0,0,C8|00|08|05|00|00|14
1771336656.216,unsolicited,0,0,0,C8|00|08|07|00|00|16
1771336656.217,unsolicited,0,0,0,C8|00|08|07|00|00|16
1771336656.283,unsolicited,0,0,0,C8|00|08|07|00|00|16
1771336656.284,unsolicited,0,0,0,C8|00|08|07|00|00|16
1771336656.384,unsolicited,0,0,0,C8|00|08|07|00|00|16
1771336658.327,solicited,1260,,0,
1771336659.877,solicited,1325,,0,
1771336660.011,unsolicited,0,0,1325,C0|00|08|00|00|00|07
1771336660.179,unsolicited,0,0,1325,C0|00|08|00|00|00|07
1771336660.280,unsolicited,0,0,1325,C0|00|08|00|00|00|07
1771336660.383,unsolicited,0,0,1325,C0|00|08|00|00|00|07
1771336660.413,solicited,1362,,0,
1771336660.513,unsolicited,0,0,1362,C0|00|08|00|00|00|07
1771336660.815,unsolicited,0,0,1362,C0|00|08|00|00|00|07
1771336660.949,solicited,1356,,0,
1771336661.895,solicited,1342,,0,
1771336662.026,unsolicited,0,0,1342,C0|00|08|00|00|00|07
1771336662.060,unsolicited,0,0,1342,C0|00|08|00|00|00|07
1771336662.127,unsolicited,0,0,1342,C0|00|08|00|00|00|07
1771336662.432,unsolicited,0,0,1342,C0|00|08|00|00|00|07
1771336662.699,unsolicited,0,0,1342,C0|00|08|00|00|00|07
1771336663.033,solicited,1349,,0,
1771336663.067,unsolicited,0,0,1349,C0|00|08|00|00|00|07
1771336663.069,unsolicited,0,0,1349,C0|00|08|00|00|00|07
1771336664.580,unsolicited,0,0,1349,C0|00|08|00|00|00|07
1771336664.613,solicited,1305,,0,
1771336665.315,unsolicited,0,0,1305,C0|00|08|00|00|00|07
1771336665.349,unsolicited,0,0,1305,C0|00|08|00|00|00|07
1771336665.350,solicited,1285,,0,
1771336665.483,unsolicited,0,0,1285,C0|00|08|00|00|00|07
1771336665.486,unsolicited,0,0,1285,C0|00|08|00|00|00|07
1771336667.097,solicited,1311,,0,
1771336668.107,unsolicited,0,0,1311,C0|00|08|00|00|00|07
1771336668.141,solicited,1302,,0,
1771336668.277,unsolicited,0,0,1302,C0|00|08|00|00|00|07
1771336668.279,unsolicited,0,0,1302,C0|00|08|00|00|00|07
1771336668.544,unsolicited,0,0,1302,C0|00|08|00|00|00|07
1771336668.680,solicited,1298,,0,
1771336668.686,unsolicited,0,0,1298,C0|00|08|00|00|00|07
1771336668.951,unsolicited,0,0,1298,C0|00|08|00|00|00|07
1771336669.221,unsolicited,0,0,1298,C0|00|08|00|00|00|07
1771336669.555,unsolicited,0,0,1298,C0|00|08|00|00|00|07
1771336670.834,solicited,1318,,0,
1771336670.839,unsolicited,0,0,1318,C0|00|08|00|00|00|07
1771336670.842,unsolicited,0,0,1318,C0|00|08|00|00|00|07
1771336671.202,unsolicited,0,0,1318,C0|00|08|00|00|00|07
1771336671.339,unsolicited,0,0,1318,C0|00|08|00|00|00|07
1771336671.370,solicited,1310,,0,
1771336671.506,unsolicited,0,0,1310,C0|00|08|00|00|00|07
1771336671.509,unsolicited,0,0,1310,C0|00|08|00|00|00|07
1771336671.807,unsolicited,0,0,1310,C0|00|08|00|00|00|07
1771336671.941,solicited,1300,,0,
1771336672.241,unsolicited,0,0,1300,C0|00|08|00|00|00|07
1771336672.276,unsolicited,0,0,1300,C0|00|08|00|00|00|07
1771336672.474,solicited,1298,,0,
1771336672.977,solicited,1302,,0,
1771336673.010,unsolicited,0,0,1302,C0|00|08|00|00|00|07
1771336673.016,unsolicited,0,0,1302,C0|00|08|00|00|00|07
1771336673.381,unsolicited,0,0,1302,C0|00|08|00|00|00|07
1771336673.414,unsolicited,0,0,1302,C0|00|08|00|00|00|07
1771336673.415,unsolicited,0,0,1302,C0|00|08|00|00|00|07
1771336673.482,unsolicited,0,0,1302,C0|00|08|00|00|00|07
1771336673.515,unsolicited,0,0,1302,C0|00|08|00|00|00|07
1771336673.516,solicited,1308,,0,
1771336673.521,unsolicited,0,0,1308,C0|00|08|00|00|00|07
1771336673.683,unsolicited,0,0,1308,C0|00|08|00|00|00|07
1771336673.717,unsolicited,0,0,1308,C0|00|08|00|00|00|07
1771336673.984,unsolicited,0,0,1308,C0|00|08|00|00|00|07
1771336674.052,unsolicited,0,0,1308,C0|00|08|00|00|00|07
1771336674.085,solicited,1304,,0,
1771336674.091,unsolicited,0,0,1304,C0|00|08|00|00|00|07
1771336674.119,unsolicited,0,0,1304,C0|00|08|00|00|00|07
1771336674.360,unsolicited,0,0,1304,C0|00|08|00|00|00|07
1771336674.489,unsolicited,0,0,1304,C0|00|08|00|00|00|07
1771336674.690,solicited,1303,,0,
1771336675.196,unsolicited,0,0,1303,C0|00|08|00|00|00|07
1771336675.201,unsolicited,0,0,1303,C0|00|08|00|00|00|07
1771336675.230,unsolicited,0,0,1303,C0|00|08|00|00|00|07
1771336675.230,solicited,1289,,0,
1771336675.363,unsolicited,0,0,1289,C0|00|08|00|00|00|07
1771336676.103,solicited,1290,,0,
1771336676.205,unsolicited,0,0,1290,C0|00|08|00|00|00|07
1771336676.239,unsolicited,0,0,1290,C0|00|08|00|00|00|07
1771336676.444,unsolicited,0,0,1290,C0|00|08|00|00|00|07
1771336676.445,unsolicited,0,0,1290,C0|00|08|00|00|00|07
1771336676.508,unsolicited,0,0,1290,C0|00|08|00|00|00|07
1771336676.542,unsolicited,0,0,1290,C0|00|08|00|00|00|07
1771336676.643,solicited,1278,,0,
1771336677.247,solicited,1283,,0,
1771336677.248,unsolicited,0,0,1283,C0|00|08|00|00|00|07
1771336677.348,unsolicited,0,0,1283,C0|00|08|00|00|00|07
1771336677.416,unsolicited,0,0,1283,C0|00|08|00|00|00|07
1771336677.688,unsolicited,0,0,1283,C0|00|08|00|00|00|07
1771336677.722,unsolicited,0,0,1283,C0|00|08|00|00|00|07
1771336677.755,unsolicited,0,0,1283,C0|00|08|00|00|00|07
1771336677.788,solicited,1282,,0,
1771336677.820,unsolicited,0,0,1282,C0|00|08|00|00|00|07
1771336677.823,unsolicited,0,0,1282,C0|00|08|00|00|00|07
1771336677.854,unsolicited,0,0,1282,C0|00|08|00|00|00|07
1771336678.227,unsolicited,0,0,1282,C0|00|08|00|00|00|07
1771336678.261,unsolicited,0,0,1282,C0|00|08|00|00|00|07
1771336678.499,unsolicited,0,0,1282,C0|00|08|00|00|00|07
1771336679.233,solicited,1271,,0,
1771336679.266,unsolicited,0,0,1271,C0|00|08|00|00|00|07
1771336680.985,solicited,1250,,0,
1771336680.990,unsolicited,0,0,1250,C0|00|08|00|00|00|07
1771336680.992,unsolicited,0,0,1250,C0|00|08|00|00|00|07
1771336680.993,unsolicited,0,0,1250,C0|00|08|00|00|00|07
1771336681.189,unsolicited,0,0,1250,C0|00|08|00|00|00|07
1771336681.222,unsolicited,0,0,1250,C0|00|08|00|00|00|07
1771336681.223,unsolicited,0,0,1250,C0|00|08|00|00|00|07
1771336681.255,unsolicited,0,0,1250,C0|00|08|00|00|00|07
1771336681.287,unsolicited,0,0,1250,C0|00|08|00|00|00|07
1771336681.288,unsolicited,0,0,1250,C0|00|08|00|00|00|07
1771336681.521,unsolicited,0,0,1250,C0|00|08|00|00|00|07
1771336681.555,solicited,1244,,0,
1771336681.656,unsolicited,0,0,1244,C0|00|08|00|00|00|07
1771336681.660,unsolicited,0,0,1244,C0|00|08|00|00|00|07
1771336682.096,solicited,1232,,0,
1771336682.129,unsolicited,0,0,1232,C0|00|08|00|00|00|07
1771336682.941,solicited,1245,,0,
1771336683.075,unsolicited,0,0,1245,C0|00|08|00|00|00|07
1771336683.412,unsolicited,0,0,1245,C0|00|08|00|00|00|07
1771336683.681,solicited,1246,,0,
1771336683.954,unsolicited,0,0,1246,C0|00|08|00|00|00|07
1771336683.957,unsolicited,0,0,1246,C0|00|08|00|00|00|07
1771336683.986,unsolicited,0,0,1246,C0|00|08|00|00|00|07
1771336684.255,solicited,1241,,0,
1771336685.501,unsolicited,0,0,1241,C0|00|08|00|00|00|07
1771336685.535,unsolicited,0,0,1241,C0|00|08|00|00|00|07
1771336685.568,solicited,1232,,0,
1771336685.737,unsolicited,0,0,1232,C0|00|08|00|00|00|07
1771336686.447,unsolicited,0,0,1232,C0|00|08|00|00|00|07
1771336686.548,solicited,1231,,0,
1771336686.684,unsolicited,0,0,1231,C0|00|08|00|00|00|07
1771336686.716,unsolicited,0,0,1231,C0|00|08|00|00|00|07
1771336686.818,unsolicited,0,0,1231,C0|00|08|00|00|00|07
1771336686.852,unsolicited,0,0,1231,C0|00|08|00|00|00|07
1771336686.856,unsolicited,0,0,1231,C0|00|08|00|00|00|07
1771336687.055,solicited,1242,,0,
1771336688.569,unsolicited,512,8,1242,C0|08|08|00|00|00|0F
1771336688.600,solicited,1225,,512,
1771336689.370,unsolicited,512,8,1225,C0|08|08|00|00|00|0F
1771336689.673,unsolicited,448,7,1225,C0|07|08|00|00|00|0E
1771336689.941,unsolicited,448,7,1225,C0|07|08|00|00|00|0E
1771336690.242,solicited,1217,,448,
1771336690.275,unsolicited,448,7,1217,C0|07|08|00|00|00|0E
1771336690.343,unsolicited,448,7,1217,C0|07|08|00|00|00|0E
1771336690.376,unsolicited,448,7,1217,C0|07|08|00|00|00|0E
1771336690.376,unsolicited,448,7,1217,C0|07|08|00|00|00|0E
1771336690.377,unsolicited,448,7,1217,C0|07|08|00|00|00|0E
1771336690.410,unsolicited,448,7,1217,C0|07|08|00|00|00|0E
1771336690.411,unsolicited,448,7,1217,C0|07|08|00|00|00|0E
1771336690.546,unsolicited,448,7,1217,C0|07|08|00|00|00|0E
1771336690.613,unsolicited,448,7,1217,C0|07|08|00|00|00|0E
1771336690.613,unsolicited,448,7,1217,C0|07|08|00|00|00|0E
1771336690.951,solicited,1170,,448,
1771336691.050,unsolicited,448,7,1170,C0|07|08|00|00|00|0E
1771336691.051,unsolicited,448,7,1170,C0|07|08|00|00|00|0E
1771336691.118,unsolicited,448,7,1170,C0|07|08|00|00|00|0E
1771336691.289,unsolicited,448,7,1170,C0|07|08|00|00|00|0E
1771336691.522,solicited,1166,,448,
1771336694.172,unsolicited,0,0,1166,C0|00|08|00|00|00|07
1771336694.206,unsolicited,0,0,1166,C0|00|08|00|00|00|07
1771336694.814,solicited,0,,0,
1771336695.420,solicited,0,,0,
1771336696.128,solicited,0,,0,
1771336696.331,unsolicited,0,0,0,C0|00|08|00|00|00|07
1771336696.362,unsolicited,0,0,0,C0|00|08|00|00|00|07
1771336696.363,unsolicited,0,0,0,C0|00|08|00|00|00|07
1771336696.397,unsolicited,0,0,0,C0|00|08|00|00|00|07
1771336696.397,unsolicited,0,0,0,C0|00|08|00|00|00|07
1771336696.429,unsolicited,0,0,0,C0|00|08|00|00|00|07
1771336697.131,unsolicited,0,0,0,C0|00|08|00|00|00|07
1771336697.164,unsolicited,0,0,0,C0|00|08|00|00|00|07
1771336697.165,solicited,0,,0,
1771336697.434,unsolicited,0,0,0,C0|00|08|00|00|00|07
1771336699.715,unsolicited,0,0,0,C0|00|08|00|00|00|07
1771336699.716,unsolicited,0,0,0,C0|00|08|00|00|00|07
1771336699.749,unsolicited,0,0,0,C0|00|08|00|00|00|07
1771336699.783,solicited,0,,0,
1771336700.490,unsolicited,0,0,0,C0|00|08|00|00|00|07
1771336700.523,solicited,0,,0,
1771336700.624,unsolicited,0,0,0,C0|00|08|00|00|00|07
1771336700.657,unsolicited,0,0,0,C0|00|08|00|00|00|07
1771336700.658,unsolicited,0,0,0,C0|00|08|00|00|00|07
1771336700.690,unsolicited,0,0,0,C0|00|08|00|00|00|07
1771336700.691,unsolicited,0,0,0,C0|00|08|00|00|00|07
1771336700.724,unsolicited,0,0,0,C0|00|08|00|00|00|07
1771336701.062,solicited,0,,0,
1771336701.194,unsolicited,0,0,0,C0|00|08|00|00|00|07
1771336701.195,unsolicited,0,0,0,C0|00|08|00|00|00|07
1771336701.228,unsolicited,0,0,0,C0|00|08|00|00|00|07
1771336701.230,unsolicited,0,0,0,C0|00|08|00|00|00|07
1771336701.263,unsolicited,0,0,0,C0|00|08|00|00|00|07
1771336701.263,unsolicited,0,0,0,C0|00|08|00|00|00|07
1771336701.297,unsolicited,0,0,0,C0|00|08|00|00|00|07
1771336701.298,unsolicited,0,0,0,C0|00|08|00|00|00|07
1771336701.330,unsolicited,0,0,0,C0|00|08|00|00|00|07
1771336701.330,unsolicited,0,0,0,C0|00|08|00|00|00|07
1771336701.331,unsolicited,0,0,0,C0|00|08|00|00|00|07
1771336701.331,unsolicited,0,0,0,C0|00|08|00|00|00|07
1771336701.364,unsolicited,0,0,0,C0|00|08|00|00|00|07
1771336701.365,unsolicited,0,0,0,C0|00|08|00|00|00|07
1771336701.432,unsolicited,0,0,0,C0|00|08|00|00|00|07
1771336701.467,unsolicited,0,0,0,C0|00|08|00|00|00|07
1771336701.467,unsolicited,0,0,0,C0|00|08|00|00|00|07
1771336701.500,unsolicited,0,0,0,C0|00|08|00|00|00|07
1771336701.501,unsolicited,0,0,0,C0|00|08|00|00|00|07
1771336701.502,unsolicited,0,0,0,C0|00|08|00|00|00|07
1771336701.534,unsolicited,0,0,0,C0|00|08|00|00|00|07
1771336701.535,unsolicited,0,0,0,C0|00|08|00|00|00|07
1771336701.535,solicited,0,,0,
1771336701.568,unsolicited,0,0,0,C0|00|08|00|00|00|07
1771336702.339,unsolicited,0,0,0,C0|00|08|00|00|00|07
1771336702.340,unsolicited,0,0,0,C0|00|08|00|00|00|07
1771336702.373,unsolicited,0,0,0,C0|00|08|00|00|00|07
1771336702.374,unsolicited,0,0,0,C0|00|08|00|00|00|07
1771336702.407,unsolicited,0,0,0,C0|00|08|00|00|00|07
1771336702.408,unsolicited,0,0,0,C0|00|08|00|00|00|07
1771336705.025,unsolicited,0,0,0,C0|00|08|00|00|00|07
1771336705.025,unsolicited,0,0,0,C0|00|08|00|00|00|07
1771336705.225,unsolicited,0,0,0,C0|00|08|00|00|00|07
1771336705.259,unsolicited,0,0,0,C0|00|08|00|00|00|07
1771336710.433,unsolicited,0,0,0,C0|00|08|00|00|00|07
1771336710.467,unsolicited,0,0,0,C0|00|08|00|00|00|07
1771336710.468,solicited,0,,0,
1771336710.504,unsolicited,0,0,0,C0|00|08|00|00|00|07
1771336710.505,unsolicited,0,0,0,C0|00|08|00|00|00|07
1771336710.804,unsolicited,0,0,0,C0|00|08|00|00|00|07
1771336710.804,unsolicited,0,0,0,C0|00|08|00|00|00|07
1771336714.650,solicited,0,,0,
1771336714.651,unsolicited,0,0,0,C0|00|08|00|00|00|07
1771336714.652,unsolicited,0,0,0,C0|00|08|00|00|00|07
1771336714.886,unsolicited,0,0,0,C0|00|08|00|00|00|07
1771336716.067,unsolicited,0,0,0,C0|00|08|00|00|00|07
1771336720.030,solicited,0,,0,
1771336722.079,unsolicited,512,8,0,C8|08|08|00|00|00|17
1771336722.082,solicited,1246,,512,
1771336722.111,unsolicited,512,8,1246,C8|08|08|00|00|00|17
1771336722.112,unsolicited,512,8,1246,C8|08|08|00|00|00|17
1771336722.112,unsolicited,512,8,1246,C8|08|08|00|00|00|17
1771336722.411,unsolicited,512,8,1246,C8|08|08|00|00|00|17
1771336723.151,unsolicited,512,8,1246,C8|08|08|00|00|00|17
1771336723.184,solicited,1310,,512,
1771336723.185,unsolicited,512,8,1310,C8|08|08|00|00|00|17
1771336723.219,unsolicited,512,8,1310,C8|08|08|00|00|00|17
1771336723.219,unsolicited,512,8,1310,C8|08|08|00|00|00|17
1771336725.673,unsolicited,512,8,1310,C0|08|08|00|00|00|0F
1771336729.847,solicited,1335,,512,
1771336729.916,unsolicited,448,7,1335,C0|07|08|00|00|00|0E
1771336730.419,unsolicited,448,7,1335,C0|07|08|00|00|00|0E
1771336730.420,unsolicited,448,7,1335,C0|07|08|00|00|00|0E
1771336730.451,solicited,1287,,448,
1771336730.452,unsolicited,448,7,1287,C0|07|08|00|00|00|0E
1771336733.911,unsolicited,448,7,1287,C0|07|08|00|00|00|0E
1771336733.975,solicited,1286,,448,
1771336734.009,unsolicited,448,7,1286,C0|07|08|00|00|00|0E
1771336734.043,unsolicited,448,7,1286,C0|07|08|00|00|00|0E
1771336734.108,unsolicited,448,7,1286,C0|07|08|00|00|00|0E
1771336734.208,unsolicited,448,7,1286,C0|07|08|00|00|00|0E
1771336736.392,unsolicited,448,7,1286,C0|07|08|00|00|00|0E
1771336736.392,solicited,1292,,448,
1771336736.492,unsolicited,448,7,1292,C0|07|08|00|00|00|0E
1771336738.078,solicited,1290,,448,
1771336738.079,unsolicited,448,7,1290,C0|07|08|00|00|00|0E
1771336738.080,unsolicited,448,7,1290,C0|07|08|00|00|00|0E
1771336738.482,unsolicited,448,7,1290,C0|07|08|00|00|00|0E
1771336738.787,unsolicited,448,7,1290,C0|07|08|00|00|00|0E
1771336738.788,unsolicited,448,7,1290,C0|07|08|00|00|00|0E
1771336738.818,solicited,1242,,448,
1771336739.693,solicited,1255,,448,
1771336739.694,unsolicited,448,7,1255,C0|07|08|00|00|00|0E
1771336739.727,unsolicited,448,7,1255,C0|07|08|00|00|00|0E
1771336740.193,solicited,1283,,448,
1771336740.461,unsolicited,448,7,1283,C0|07|08|00|00|00|0E
1771336740.462,unsolicited,448,7,1283,C0|07|08|00|00|00|0E
1771336740.495,unsolicited,448,7,1283,C0|07|08|00|00|00|0E
1771336740.495,unsolicited,448,7,1283,C0|07|08|00|00|00|0E
1771336740.529,unsolicited,448,7,1283,C0|07|08|00|00|00|0E
1771336740.763,unsolicited,448,7,1283,C0|07|08|00|00|00|0E
1771336740.763,unsolicited,448,7,1283,C0|07|08|00|00|00|0E
1771336740.796,solicited,1268,,448,
1771336740.863,unsolicited,448,7,1268,C0|07|08|00|00|00|0E
1771336740.964,unsolicited,448,7,1268,C0|07|08|00|00|00|0E
1771336740.965,unsolicited,448,7,1268,C0|07|08|00|00|00|0E
1771336741.032,unsolicited,448,7,1268,C0|07|08|00|00|00|0E
1771336742.173,unsolicited,448,7,1268,C0|07|08|00|00|00|0E
1771336742.207,unsolicited,448,7,1268,C0|07|08|00|00|00|0E
1771336742.208,unsolicited,448,7,1268,C0|07|08|00|00|00|0E
1771336742.442,unsolicited,448,7,1268,C0|07|08|00|00|00|0E
1771336742.443,unsolicited,448,7,1268,C0|07|08|00|00|00|0E
1771336743.589,unsolicited,448,7,1268,C0|07|08|00|00|00|0E
1771336743.621,unsolicited,448,7,1268,C0|07|08|00|00|00|0E
1771336744.193,unsolicited,448,7,1268,C0|07|08|00|00|00|0E
1771336744.227,solicited,1251,,448,
1771336744.227,unsolicited,448,7,1251,C0|07|08|00|00|00|0E
1771336744.260,unsolicited,448,7,1251,C0|07|08|00|00|00|0E
1771336744.869,unsolicited,448,7,1251,C0|07|08|00|00|00|0E
1771336744.899,solicited,1246,,448,
1771336744.967,unsolicited,448,7,1246,C0|07|08|00|00|00|0E
1771336744.968,unsolicited,448,7,1246,C0|07|08|00|00|00|0E
1771336744.969,unsolicited,448,7,1246,C0|07|08|00|00|00|0E
1771336752.069,unsolicited,0,0,1246,C0|00|08|00|00|00|07
1771336752.074,unsolicited,0,0,1246,C0|00|08|00|00|00|07
1771336752.135,solicited,855,,0,
1771336752.676,solicited,150,,0,
1771336752.677,unsolicited,0,0,150,C0|00|08|00|00|00|07
1771336752.679,unsolicited,0,0,150,C0|00|08|00|00|00|07
1771336754.931,unsolicited,0,0,150,C0|00|08|00|00|00|07
1771336754.964,solicited,0,,0,
1771336755.097,unsolicited,0,0,0,C0|00|08|00|00|00|07
1771336755.301,unsolicited,0,0,0,C0|00|08|00|00|00|07
1771336755.335,unsolicited,0,0,0,C0|00|08|00|00|00|07
1771336761.756,unsolicited,0,0,0,C0|00|08|00|00|00|07
1771336761.790,solicited,0,,0,
1771336762.092,unsolicited,0,0,0,C0|00|08|00|00|00|07
1771336767.069,unsolicited,0,0,0,C0|00|08|00|00|00|07
1771336767.070,solicited,0,,0,
1771336767.374,unsolicited,0,0,0,C0|00|08|00|00|00|07
1771336767.407,unsolicited,0,0,0,C0|00|08|00|00|00|07
1771336767.408,unsolicited,0,0,0,C0|00|08|00|00|00|07
1771336767.408,unsolicited,0,0,0,C0|00|08|00|00|00|07
1771336767.441,unsolicited,0,0,0,C0|00|08|00|00|00|07
1771336769.461,unsolicited,0,0,0,C0|00|08|00|00|00|07
1771336769.462,solicited,0,,0,
1771336770.434,unsolicited,0,0,0,C0|00|08|00|00|00|07
1771336770.467,solicited,0,,0,
1771336770.901,unsolicited,0,0,0,C0|00|08|00|00|00|07
1771336770.902,unsolicited,0,0,0,C0|00|08|00|00|00|07
1771336770.902,unsolicited,0,0,0,C0|00|08|00|00|00|07
1771336770.935,unsolicited,0,0,0,C0|00|08|00|00|00|07
1771336771.100,solicited,0,,0,
1771336771.134,unsolicited,0,0,0,C0|00|08|00|00|00|07
1771336772.210,solicited,0,,0,
1771336772.446,unsolicited,0,0,0,C0|00|08|00|00|00|07
1771336772.480,unsolicited,0,0,0,C0|00|08|00|00|00|07
1771336773.795,solicited,0,,0,
1771336774.903,unsolicited,0,0,0,C0|00|08|00|00|00|07
1771336774.936,solicited,0,,0,
1771336776.980,solicited,0,,0,
1771336778.991,solicited,0,,0,
1771336779.896,solicited,0,,0,
1771336779.896,unsolicited,0,0,0,C8|00|08|07|00|00|16
1771336779.962,unsolicited,0,0,0,C8|00|08|07|00|00|16
1771336779.995,unsolicited,0,0,0,C8|00|08|07|00|00|16
1771336779.996,unsolicited,0,0,0,C8|00|08|07|00|00|16
1771336780.029,unsolicited,0,0,0,C8|00|08|07|00|00|16
1771336791.844,unsolicited,0,0,0,C0|00|08|00|00|00|07
1771336791.877,solicited,1299,,0,
1771336792.417,solicited,1313,,0,
1771336795.742,unsolicited,0,0,1313,C0|00|08|00|00|00|07
1771336795.776,solicited,1275,,0,
1771336795.778,unsolicited,0,0,1275,C0|00|08|00|00|00|07
1771336798.635,unsolicited,0,0,1275,C0|00|08|00|00|00|07
1771336798.669,solicited,1257,,0,
1771336798.803,unsolicited,0,0,1257,C0|00|08|00|00|00|07
1771336799.654,unsolicited,0,0,1257,C0|00|08|00|00|00|07
1771336799.654,unsolicited,0,0,1257,C0|00|08|00|00|00|07
1771336799.685,unsolicited,0,0,1257,C0|00|08|00|00|00|07
1771336799.718,solicited,1254,,0,
1771336799.852,unsolicited,0,0,1254,C0|00|08|00|00|00|07
1771336799.857,unsolicited,0,0,1254,C0|00|08|00|00|00|07
1771336800.023,unsolicited,0,0,1254,C0|00|08|00|00|00|07
1771336800.024,unsolicited,0,0,1254,C0|00|08|00|00|00|07
1771336800.056,unsolicited,0,0,1254,C0|00|08|00|00|00|07
1771336800.057,unsolicited,0,0,1254,C0|00|08|00|00|00|07
1771336800.257,solicited,1250,,0,
1771336800.289,unsolicited,0,0,1250,C0|00|08|00|00|00|07
1771336800.493,unsolicited,0,0,1250,C0|00|08|00|00|00|07
1771336800.494,unsolicited,0,0,1250,C0|00|08|00|00|00|07
1771336805.910,solicited,1213,,0,
1771336806.011,unsolicited,512,8,1213,C0|08|08|00|00|00|0F
1771336808.294,unsolicited,0,0,1213,C0|00|08|00|00|00|07
1771336808.328,solicited,210,,0,
1771336808.429,unsolicited,0,0,210,C0|00|08|00|00|00|07
1771336808.433,unsolicited,0,0,210,C0|00|08|00|00|00|07
1771336811.018,solicited,0,,0,
1771336811.018,unsolicited,0,0,0,C0|00|08|00|00|00|07
1771336815.119,unsolicited,0,0,0,C0|00|08|00|00|00|07
1771336815.153,solicited,0,,0,
1771336815.153,unsolicited,0,0,0,C0|00|08|00|00|00|07
1771336817.646,solicited,0,,0,
1771336824.302,unsolicited,0,0,0,C0|00|08|00|00|00|07
1771336824.302,unsolicited,0,0,0,C0|00|08|00|00|00|07
1771336824.335,solicited,0,,0,
1771336825.209,solicited,0,,0,
1771336829.877,unsolicited,0,0,0,C0|00|08|00|00|00|07
1771336830.112,unsolicited,0,0,0,C0|00|08|00|00|00|07
1771336831.861,solicited,0,,0,
1771336832.232,unsolicited,0,0,0,C0|00|08|00|00|00|07
1771336832.233,unsolicited,0,0,0,C0|00|08|00|00|00|07
1771336839.663,unsolicited,0,0,0,C0|00|08|00|00|00|07
1771336839.663,unsolicited,0,0,0,C0|00|08|00|00|00|07
1771336839.696,solicited,0,,0,
1771336839.762,unsolicited,0,0,0,C0|00|08|00|00|00|07
1771336839.795,unsolicited,0,0,0,C0|00|08|00|00|00|07
1771336842.355,unsolicited,0,0,0,C0|00|08|00|00|00|07
1771336842.356,unsolicited,0,0,0,C0|00|08|00|00|00|07
1771336842.388,solicited,0,,0,
1771336842.692,unsolicited,0,0,0,C0|00|08|00|00|00|07
1771336842.692,unsolicited,0,0,0,C0|00|08|00|00|00|07
1771336842.759,unsolicited,0,0,0,C0|00|08|00|00|00|07
1771336842.760,unsolicited,0,0,0,C0|00|08|00|00|00|07
1771336844.881,unsolicited,0,0,0,C0|00|08|00|00|00|07
1771336844.881,unsolicited,0,0,0,C0|00|08|00|00|00|07
1771336845.119,unsolicited,0,0,0,C0|00|08|00|00|00|07
1771336845.451,solicited,0,,0,
1771336845.521,unsolicited,0,0,0,C0|00|08|00|00|00|07
1771336847.546,unsolicited,0,0,0,C0|00|08|00|00|00|07
1771336847.783,unsolicited,0,0,0,C0|00|08|00|00|00|07
1771336847.815,solicited,0,,0,
1771336847.882,unsolicited,0,0,0,C0|00|08|00|00|00|07
1771336847.882,unsolicited,0,0,0,C0|00|08|00|00|00|07
1771336847.950,unsolicited,0,0,0,C0|00|08|00|00|00|07
1771336848.084,unsolicited,0,0,0,C0|00|08|00|00|00|07
1771336858.377,unsolicited,0,0,0,C0|00|08|00|00|00|07
1771336858.377,unsolicited,0,0,0,C0|00|08|00|00|00|07
1771336858.409,solicited,0,,0,
1771336858.477,unsolicited,0,0,0,C0|00|08|00|00|00|07
1771336858.511,unsolicited,0,0,0,C0|00|08|00|00|00|07
1771336858.712,unsolicited,0,0,0,C0|00|08|00|00|00|07
1771336858.745,unsolicited,0,0,0,C0|00|08|00|00|00|07
1771336859.183,solicited,0,,0,
1771336861.733,solicited,0,,0,
1771336862.068,unsolicited,0,0,0,C0|00|08|00|00|00|07
1771336862.743,solicited,0,,0,
1771336870.983,solicited,0,,0,
1771336871.015,unsolicited,0,0,0,C0|00|08|00|00|00|07
1771336871.252,unsolicited,0,0,0,C8|00|08|02|00|00|11
1771336871.861,unsolicited,448,7,0,C8|07|08|07|00|00|1D
1771336871.863,unsolicited,512,8,0,C8|08|08|06|00|00|1D
1771336872.228,unsolicited,512,8,0,C8|08|08|01|00|00|18
1771336872.228,unsolicited,512,8,0,C8|08|08|01|00|00|18
1771336876.435,unsolicited,512,8,0,C8|08|08|00|00|00|17
1771336876.503,solicited,1282,,512,
1771336876.871,unsolicited,512,8,1282,C0|08|08|00|00|00|0F
1771336877.811,unsolicited,512,8,1282,C0|08|08|00|00|00|0F
1771336877.844,unsolicited,512,8,1282,C0|08|08|00|00|00|0F
1771336877.847,unsolicited,512,8,1282,C0|08|08|00|00|00|0F
1771336878.112,solicited,1271,,512,
1771336878.113,unsolicited,512,8,1271,C0|08|08|00|00|00|0F
1771336878.114,unsolicited,512,8,1271,C0|08|08|00|00|00|0F
1771336878.180,unsolicited,512,8,1271,C0|08|08|00|00|00|0F
1771336878.180,unsolicited,512,8,1271,C0|08|08|00|00|00|0F
1771336878.181,unsolicited,512,8,1271,C0|08|08|00|00|00|0F
1771336883.225,solicited,1261,,512,
1771336883.259,unsolicited,512,8,1261,C0|08|08|00|00|00|0F
1771336883.567,unsolicited,512,8,1261,C0|08|08|00|00|00|0F
1771336883.600,unsolicited,512,8,1261,C0|08|08|00|00|00|0F
1771336883.700,unsolicited,512,8,1261,C0|08|08|00|00|00|0F
1771336883.973,unsolicited,512,8,1261,C0|08|08|00|00|00|0F
1771336884.006,unsolicited,512,8,1261,C0|08|08|00|00|00|0F
1771336884.006,solicited,1207,,512,
1771336884.007,unsolicited,512,8,1207,C0|08|08|00|00|00|0F
1771336884.039,unsolicited,512,8,1207,C0|08|08|00|00|00|0F
1771336884.040,unsolicited,512,8,1207,C0|08|08|00|00|00|0F
1771336884.041,unsolicited,512,8,1207,C0|08|08|00|00|00|0F
1771336884.073,unsolicited,512,8,1207,C0|08|08|00|00|00|0F
1771336884.073,unsolicited,512,8,1207,C0|08|08|00|00|00|0F
1771336885.347,unsolicited,512,8,1207,C0|08|08|00|00|00|0F
1771336885.348,unsolicited,512,8,1207,C0|08|08|00|00|00|0F
1771336885.381,solicited,1215,,512,
1771336885.382,unsolicited,512,8,1215,C0|08|08|00|00|00|0F
1771336885.416,unsolicited,512,8,1215,C0|08|08|00|00|00|0F
1771336886.798,unsolicited,512,8,1215,C0|08|08|00|00|00|0F
1771336886.799,unsolicited,512,8,1215,C0|08|08|00|00|00|0F
1771336886.830,unsolicited,512,8,1215,C0|08|08|00|00|00|0F
1771336886.831,solicited,1185,,512,
1771336886.898,unsolicited,512,8,1185,C0|08|08|00|00|00|0F
1771336887.166,unsolicited,0,0,1185,C0|00|08|00|00|00|07
1771336887.403,solicited,1203,,0,
1771336887.907,solicited,409,,0,
1771336887.976,unsolicited,0,0,409,C0|00|08|00|00|00|07
1771336893.131,solicited,0,,0,
1771336893.132,unsolicited,0,0,0,C0|00|08|00|00|00|07
1771336895.118,solicited,0,,0,
1771336895.118,unsolicited,0,0,0,C0|00|08|00|00|00|07
1771336896.697,unsolicited,0,0,0,C0|00|08|00|00|00|07
1771336896.728,solicited,0,,0,
1771336896.795,unsolicited,0,0,0,C0|00|08|00|00|00|07
1771336896.795,unsolicited,0,0,0,C0|00|08|00|00|00|07
1771336897.031,unsolicited,0,0,0,C0|00|08|00|00|00|07
1771336897.061,unsolicited,0,0,0,C0|00|08|00|00|00|07
1771336898.003,unsolicited,0,0,0,C0|00|08|00|00|00|07
1771336898.003,unsolicited,0,0,0,C0|00|08|00|00|00|07
1771336900.686,solicited,0,,0,
1771336900.992,unsolicited,0,0,0,C0|00|08|00|00|00|07
1771336900.992,unsolicited,0,0,0,C0|00|08|00|00|00|07
1771336902.430,unsolicited,0,0,0,C0|00|08|00|00|00|07
1771336902.463,solicited,0,,0,
1771336902.464,unsolicited,0,0,0,C0|00|08|00|00|00|07
1771336902.497,unsolicited,0,0,0,C0|00|08|00|00|00|07
1771336902.531,unsolicited,0,0,0,C0|00|08|00|00|00|07
1771336902.564,unsolicited,0,0,0,C0|00|08|00|00|00|07
1771336903.645,solicited,0,,0,
1771336903.676,unsolicited,0,0,0,C0|00|08|00|00|00|07
1771336903.943,unsolicited,0,0,0,C0|00|08|00|00|00|07
1771336906.470,solicited,0,,0,
1771336906.503,unsolicited,0,0,0,C0|00|08|00|00|00|07
1771336908.117,solicited,0,,0,
1771336908.148,unsolicited,0,0,0,C0|00|08|00|00|00|07
1771336908.889,unsolicited,0,0,0,C0|00|08|00|00|00|07
1771336908.922,solicited,0,,0,
1771336908.988,unsolicited,0,0,0,C0|00|08|00|00|00|07
1771336909.021,unsolicited,0,0,0,C0|00|08|00|00|00|07
1771336915.008,unsolicited,0,0,0,C0|00|08|00|00|00|07
1771336915.245,unsolicited,0,0,0,C0|00|08|00|00|00|07
1771336915.516,unsolicited,0,0,0,C0|00|08|00|00|00|07
1771336915.516,unsolicited,0,0,0,C0|00|08|00|00|00|07
1771336916.687,unsolicited,0,0,0,C0|00|08|00|00|00|07
1771336916.688,unsolicited,0,0,0,C0|00|08|00|00|00|07
1771336916.688,solicited,0,,0,
1771336923.242,unsolicited,0,0,0,C0|00|08|00|00|00|07
1771336923.243,unsolicited,0,0,0,C0|00|08|00|00|00|07
1771336923.576,unsolicited,0,0,0,C0|00|08|00|00|00|07
1771336923.576,solicited,0,,0,
1771336925.020,unsolicited,0,0,0,C0|00|08|00|00|00|07
1771336925.021,unsolicited,0,0,0,C0|00|08|00|00|00|07
1771336925.022,unsolicited,0,0,0,C0|00|08|00|00|00|07
1771336925.764,unsolicited,0,0,0,C0|00|08|00|00|00|07
1771336925.798,solicited,0,,0,
1771336925.831,unsolicited,0,0,0,C0|00|08|00|00|00|07
1771336925.864,unsolicited,0,0,0,C0|00|08|00|00|00|07
1771336925.865,unsolicited,0,0,0,C0|00|08|00|00|00|07
1771336926.099,unsolicited,0,0,0,C0|00|08|00|00|00|07
1771336927.309,solicited,0,,0,
1771336934.810,unsolicited,0,0,0,C0|00|08|00|00|00|07
1771336934.845,solicited,0,,0,
1771336935.112,unsolicited,0,0,0,C0|00|08|00|00|00|07
1771336936.327,unsolicited,0,0,0,C0|00|08|00|00|00|07
1771336936.328,unsolicited,0,0,0,C0|00|08|00|00|00|07
1771336936.360,solicited,0,,0,
1771336936.361,unsolicited,0,0,0,C0|00|08|00|00|00|07
1771336936.829,unsolicited,0,0,0,C0|00|08|00|00|00|07
1771336936.830,unsolicited,0,0,0,C0|00|08|00|00|00|07
1771336936.831,unsolicited,0,0,0,C0|00|08|00|00|00|07
1771336936.863,solicited,0,,0,
1771336939.253,solicited,0,,0,
1771336939.487,unsolicited,0,0,0,C0|00|08|00|00|00|07
1771336940.732,unsolicited,0,0,0,C0|00|08|00|00|00|07
1771336940.733,unsolicited,0,0,0,C0|00|08|00|00|00|07
1771336940.734,unsolicited,0,0,0,C0|00|08|00|00|00|07
1771336940.766,solicited,0,,0,
1771336942.346,unsolicited,0,0,0,C0|00|08|00|00|00|07
1771336942.377,solicited,0,,0,
1771336942.477,unsolicited,0,0,0,C0|00|08|00|00|00|07
1771336942.712,unsolicited,0,0,0,C0|00|08|00|00|00|07
1771336943.892,unsolicited,512,8,0,C8|08|08|03|00|00|1A
1771336944.263,unsolicited,512,8,0,C8|08|08|00|00|00|17
1771336944.293,unsolicited,512,8,0,C8|08|08|00|00|00|17
1771336944.428,solicited,1347,,512,
1771336949.622,solicited,1253,,512,
1771336952.136,unsolicited,512,8,1253,C0|08|08|00|00|00|0F
1771336952.170,solicited,1244,,512,
1771336952.173,unsolicited,512,8,1244,C0|08|08|00|00|00|0F
1771336952.203,unsolicited,512,8,1244,C0|08|08|00|00|00|0F
1771336953.074,unsolicited,512,8,1244,C0|08|08|00|00|00|0F
1771336953.106,unsolicited,512,8,1244,C0|08|08|00|00|00|0F
1771336953.106,unsolicited,512,8,1244,C0|08|08|00|00|00|0F
1771336953.107,solicited,1253,,512,
1771336960.638,solicited,1215,,512,
1771336961.009,unsolicited,448,7,1215,C0|07|08|00|00|00|0E
1771336961.176,solicited,1206,,448,
1771336963.424,solicited,943,,448,
1771336963.864,unsolicited,0,0,943,C0|00|08|00|00|00|07
1771336964.068,unsolicited,0,0,943,C0|00|08|00|00|00|07
1771336964.068,solicited,114,,0,
1771336964.074,unsolicited,0,0,114,C0|00|08|00|00|00|07
1771336965.848,solicited,0,,0,
1771336966.219,unsolicited,0,0,0,C0|00|08|00|00|00|07
1771336968.664,unsolicited,0,0,0,C0|00|08|00|00|00|07
1771336968.664,unsolicited,0,0,0,C0|00|08|00|00|00|07
1771336968.932,unsolicited,0,0,0,C0|00|08|00|00|00|07
1771336968.998,solicited,0,,0,
1771336969.031,unsolicited,0,0,0,C0|00|08|00|00|00|07
1771336969.032,unsolicited,0,0,0,C0|00|08|00|00|00|07
1771336969.805,solicited,0,,0,
1771336969.938,unsolicited,0,0,0,C0|00|08|00|00|00|07
1771336969.972,unsolicited,0,0,0,C0|00|08|00|00|00|07
1771336971.722,solicited,0,,0,
1771336973.707,unsolicited,0,0,0,C0|00|08|00|00|00|07
1771336973.738,solicited,0,,0,
1771336974.037,unsolicited,0,0,0,C0|00|08|00|00|00|07
1771336974.812,solicited,0,,0,
1771336974.845,unsolicited,0,0,0,C0|00|08|00|00|00|07
1771336975.047,unsolicited,0,0,0,C0|00|08|00|00|00|07
1771336975.816,solicited,0,,0,
1771336976.489,unsolicited,0,0,0,C0|00|08|00|00|00|07
1771336976.522,solicited,0,,0,
1771336976.555,unsolicited,0,0,0,C0|00|08|00|00|00|07
1771336976.556,unsolicited,0,0,0,C0|00|08|00|00|00|07
1771336976.556,unsolicited,0,0,0,C0|00|08|00|00|00|07
1771336977.700,unsolicited,0,0,0,C0|00|08|00|00|00|07
1771336977.733,solicited,0,,0,
1771336977.768,unsolicited,0,0,0,C0|00|08|00|00|00|07
1771336977.871,unsolicited,0,0,0,C0|00|08|00|00|00|07
1771336977.900,unsolicited,0,0,0,C0|00|08|00|00|00|07
1771336978.172,unsolicited,0,0,0,C0|00|08|00|00|00|07
1771336978.205,unsolicited,0,0,0,C0|00|08|00|00|00|07
1771336978.205,unsolicited,0,0,0,C0|00|08|00|00|00|07
1771336978.207,unsolicited,0,0,0,C0|00|08|00|00|00|07
1771336978.239,solicited,0,,0,
1771336978.239,unsolicited,0,0,0,C0|00|08|00|00|00|07
1771336978.408,unsolicited,0,0,0,C0|00|08|00|00|00|07
1771336978.779,unsolicited,0,0,0,C0|00|08|00|00|00|07
1771336978.845,solicited,0,,0,
1771336979.515,unsolicited,0,0,0,C0|00|08|00|00|00|07
1771336979.516,solicited,0,,0,
1771336979.620,unsolicited,0,0,0,C0|00|08|00|00|00|07
1771336979.620,unsolicited,0,0,0,C0|00|08|00|00|00|07
1771336979.852,unsolicited,0,0,0,C0|00|08|00|00|00|07
1771336979.886,unsolicited,0,0,0,C0|00|08|00|00|00|07
1771336979.922,unsolicited,0,0,0,C0|00|08|00|00|00|07
1771336979.952,unsolicited,0,0,0,C0|00|08|00|00|00|07
1771336980.020,unsolicited,0,0,0,C0|00|08|00|00|00|07
1771336980.053,solicited,0,,0,
1771336980.322,unsolicited,0,0,0,C0|00|08|00|00|00|07
1771336980.323,unsolicited,0,0,0,C0|00|08|00|00|00|07
1771336980.357,unsolicited,0,0,0,C0|00|08|00|00|00|07
1771336980.358,unsolicited,0,0,0,C0|00|08|00|00|00|07
1771336980.390,unsolicited,0,0,0,C0|00|08|00|00|00|07
1771336980.390,unsolicited,0,0,0,C0|00|08|00|00|00|07
1771336980.558,solicited,0,,0,
1771336981.530,solicited,0,,0,
1771336981.765,unsolicited,0,0,0,C0|00|08|00|00|00|07
1771336982.100,unsolicited,0,0,0,C0|00|08|00|00|00|07
1771336982.101,unsolicited,0,0,0,C0|00|08|00|00|00|07
1771336982.371,unsolicited,0,0,0,C0|00|08|00|00|00|07
1771336982.403,unsolicited,0,0,0,C0|00|08|00|00|00|07
1771336982.436,unsolicited,0,0,0,C0|00|08|00|00|00|07
1771336982.636,solicited,0,,0,
1771336982.906,unsolicited,0,0,0,C0|00|08|00|00|00|07
1771336982.938,unsolicited,0,0,0,C0|00|08|00|00|00|07
1771336984.922,unsolicited,0,0,0,C0|00|08|00|00|00|07
1771336984.923,unsolicited,0,0,0,C0|00|08|00|00|00|07
1771336985.160,unsolicited,0,0,0,C0|00|08|00|00|00|07
1771336985.461,unsolicited,0,0,0,C0|00|08|00|00|00|07
1771336985.563,unsolicited,0,0,0,C0|00|08|00|00|00|07
1771336985.563,unsolicited,0,0,0,C0|00|08|00|00|00|07
1771336985.664,unsolicited,0,0,0,C0|00|08|00|00|00|07
1771336985.664,unsolicited,0,0,0,C0|00|08|00|00|00|07
1771336985.797,solicited,0,,0,
1771336985.831,unsolicited,0,0,0,C0|00|08|00|00|00|07
1771336985.899,unsolicited,0,0,0,C0|00|08|00|00|00|07
1771336985.933,unsolicited,0,0,0,C0|00|08|00|00|00|07
1771336985.934,unsolicited,0,0,0,C0|00|08|00|00|00|07
1771336986.235,unsolicited,0,0,0,C0|00|08|00|00|00|07
1771336986.538,unsolicited,0,0,0,C0|00|08|00|00|00|07
1771336986.572,unsolicited,0,0,0,C0|00|08|00|00|00|07
1771336986.605,unsolicited,0,0,0,C0|00|08|00|00|00|07
1771336986.842,solicited,0,,0,
1771336986.875,unsolicited,0,0,0,C0|00|08|00|00|00|07
1771336987.348,solicited,0,,0,
1771336987.449,unsolicited,0,0,0,C0|00|08|00|00|00|07
1771336987.449,unsolicited,0,0,0,C0|00|08|00|00|00|07
1771336987.482,unsolicited,0,0,0,C0|00|08|00|00|00|07
1771336987.852,solicited,0,,0,
1771336988.054,unsolicited,0,0,0,C0|00|08|00|00|00|07
1771336988.121,unsolicited,0,0,0,C0|00|08|00|00|00|07
1771336988.153,unsolicited,0,0,0,C0|00|08|00|00|00|07
1771336990.308,solicited,0,,0,
1771336990.845,unsolicited,0,0,0,C0|00|08|00|00|00|07
1771336990.878,solicited,0,,0,
1771336990.913,unsolicited,0,0,0,C0|00|08|00|00|00|07
1771336990.914,unsolicited,0,0,0,C0|00|08|00|00|00|07
1771336990.915,unsolicited,0,0,0,C0|00|08|00|00|00|07
1771336992.659,solicited,0,,0,
1771336993.295,unsolicited,0,0,0,C0|00|08|00|00|00|07
1771336993.330,solicited,0,,0,
1771336993.564,unsolicited,0,0,0,C0|00|08|00|00|00|07
1771336993.598,unsolicited,0,0,0,C0|00|08|00|00|00|07
1771336993.733,unsolicited,0,0,0,C0|00|08|00|00|00|07
1771336993.766,unsolicited,0,0,0,C0|00|08|00|00|00|07
1771336993.768,unsolicited,0,0,0,C0|00|08|00|00|00|07
1771336994.035,unsolicited,0,0,0,C0|00|08|00|00|00|07
1771336994.272,unsolicited,0,0,0,C0|00|08|00|00|00|07
1771336994.305,unsolicited,0,0,0,C0|00|08|00|00|00|07
1771336994.306,unsolicited,0,0,0,C0|00|08|00|00|00|07
1771336994.338,unsolicited,0,0,0,C0|00|08|00|00|00|07
1771336994.339,unsolicited,0,0,0,C0|00|08|00|00|00|07
1771336994.340,solicited,0,,0,
1771336995.009,unsolicited,0,0,0,C0|00|08|00|00|00|07
1771336995.752,unsolicited,0,0,0,C0|00|08|00|00|00|07
1771336995.753,solicited,0,,0,
1771336995.986,unsolicited,0,0,0,C0|00|08|00|00|00|07
1771336996.020,unsolicited,0,0,0,C0|00|08|00|00|00|07
1771336996.627,unsolicited,0,0,0,C0|00|08|00|00|00|07
1771336996.659,solicited,0,,0,
1771336996.693,unsolicited,0,0,0,C0|00|08|00|00|00|07
1771336996.762,unsolicited,0,0,0,C0|00|08|00|00|00|07
1771336996.796,unsolicited,0,0,0,C0|00|08|00|00|00|07
1771336996.830,unsolicited,0,0,0,C0|00|08|00|00|00|07
1771336996.831,unsolicited,0,0,0,C0|00|08|00|00|00|07
1771336997.098,unsolicited,0,0,0,C0|00|08|00|00|00|07
1771336997.098,unsolicited,0,0,0,C0|00|08|00|00|00|07
1771336997.164,solicited,0,,0,
1771336997.364,unsolicited,0,0,0,C0|00|08|00|00|00|07
1771336997.529,unsolicited,0,0,0,C0|00|08|00|00|00|07
1771336997.563,unsolicited,0,0,0,C0|00|08|00|00|00|07
1771336997.629,unsolicited,0,0,0,C0|00|08|00|00|00|07
1771336997.630,unsolicited,0,0,0,C0|00|08|00|00|00|07
1771336997.631,unsolicited,0,0,0,C0|00|08|00|00|00|07
1771336997.663,solicited,0,,0,
1771336997.798,unsolicited,0,0,0,C0|00|08|00|00|00|07
1771336997.999,unsolicited,0,0,0,C0|00|08|00|00|00|07
1771336998.102,unsolicited,0,0,0,C0|00|08|00|00|00|07
1771336998.134,unsolicited,0,0,0,C0|00|08|00|00|00|07
1771336998.135,unsolicited,0,0,0,C0|00|08|00|00|00|07
1771336998.168,unsolicited,0,0,0,C0|00|08|00|00|00|07
1771336998.169,unsolicited,0,0,0,C0|00|08|00|00|00|07
1771336998.171,solicited,0,,0,
1771336998.470,unsolicited,0,0,0,C0|00|08|00|00|00|07
1771336998.505,unsolicited,0,0,0,C0|00|08|00|00|00|07
1771336998.604,unsolicited,0,0,0,C0|00|08|00|00|00|07
1771336998.605,unsolicited,0,0,0,C0|00|08|00|00|00|07
1771336998.638,unsolicited,0,0,0,C0|00|08|00|00|00|07
1771336998.705,solicited,0,,0,
1771336998.773,unsolicited,0,0,0,C0|00|08|00|00|00|07
1771336998.806,unsolicited,0,0,0,C0|00|08|00|00|00|07
1771336998.807,unsolicited,0,0,0,C0|00|08|00|00|00|07
1771336998.840,unsolicited,0,0,0,C0|00|08|00|00|00|07
1771336998.840,unsolicited,0,0,0,C0|00|08|00|00|00|07
1771336998.874,unsolicited,0,0,0,C0|00|08|00|00|00|07
1771336999.008,unsolicited,0,0,0,C0|00|08|00|00|00|07
1771336999.042,unsolicited,0,0,0,C0|00|08|00|00|00|07
1771336999.043,unsolicited,0,0,0,C0|00|08|00|00|00|07
1771336999.681,unsolicited,0,0,0,C0|00|08|00|00|00|07
1771336999.748,solicited,0,,0,
1771337000.050,unsolicited,0,0,0,C0|00|08|00|00|00|07
1771337000.084,unsolicited,0,0,0,C0|00|08|00|00|00|07
1771337000.252,solicited,0,,0,
1771337000.352,unsolicited,0,0,0,C0|00|08|00|00|00|07
1771337000.758,solicited,0,,0,
1771337000.792,unsolicited,0,0,0,C0|00|08|00|00|00|07
1771337000.825,unsolicited,0,0,0,C0|00|08|00|00|00|07
1771337001.093,unsolicited,0,0,0,C0|00|08|00|00|00|07
1771337001.126,unsolicited,0,0,0,C0|00|08|00|00|00|07
1771337001.294,solicited,0,,0,
1771337001.328,unsolicited,0,0,0,C0|00|08|00|00|00|07
1771337001.362,unsolicited,0,0,0,C0|00|08|00|00|00|07
1771337001.395,unsolicited,0,0,0,C0|00|08|00|00|00|07
1771337001.395,unsolicited,0,0,0,C0|00|08|00|00|00|07
1771337001.429,unsolicited,0,0,0,C0|00|08|00|00|00|07
1771337001.430,unsolicited,0,0,0,C0|00|08|00|00|00|07
1771337001.431,unsolicited,0,0,0,C0|00|08|00|00|00|07
1771337001.431,unsolicited,0,0,0,C0|00|08|00|00|00|07
1771337001.497,unsolicited,0,0,0,C0|00|08|00|00|00|07
1771337001.530,unsolicited,0,0,0,C0|00|08|00|00|00|07
1771337001.563,unsolicited,0,0,0,C0|00|08|00|00|00|07
1771337001.633,unsolicited,0,0,0,C0|00|08|00|00|00|07
1771337001.634,unsolicited,0,0,0,C0|00|08|00|00|00|07
1771337001.635,unsolicited,0,0,0,C0|00|08|00|00|00|07
1771337001.666,unsolicited,0,0,0,C0|00|08|00|00|00|07
1771337001.667,unsolicited,0,0,0,C0|00|08|00|00|00|07
1771337001.799,solicited,0,,0,
1771337002.739,unsolicited,0,0,0,C0|00|08|00|00|00|07
1771337002.740,unsolicited,0,0,0,C0|00|08|00|00|00|07
1771337002.773,unsolicited,0,0,0,C0|00|08|00|00|00|07
1771337002.774,unsolicited,0,0,0,C0|00|08|00|00|00|07
1771337002.806,solicited,0,,0,
1771337003.209,unsolicited,0,0,0,C0|00|08|00|00|00|07
1771337003.241,unsolicited,0,0,0,C0|00|08|00|00|00|07
1771337003.242,unsolicited,0,0,0,C0|00|08|00|00|00|07
1771337003.242,unsolicited,0,0,0,C0|00|08|00|00|00|07
1771337003.275,unsolicited,0,0,0,C0|00|08|00|00|00|07
1771337003.276,unsolicited,0,0,0,C0|00|08|00|00|00|07
1771337003.308,solicited,0,,0,
1771337003.341,unsolicited,0,0,0,C0|00|08|00|00|00|07
1771337003.374,unsolicited,0,0,0,C0|00|08|00|00|00|07
1771337003.409,unsolicited,0,0,0,C0|00|08|00|00|00|07
1771337003.409,unsolicited,0,0,0,C0|00|08|00|00|00|07
1771337003.575,unsolicited,0,0,0,C0|00|08|00|00|00|07
1771337003.609,unsolicited,0,0,0,C0|00|08|00|00|00|07
1771337003.609,unsolicited,0,0,0,C0|00|08|00|00|00|07
1771337003.610,unsolicited,0,0,0,C0|00|08|00|00|00|07
1771337003.610,unsolicited,0,0,0,C0|00|08|00|00|00|07
1771337003.644,unsolicited,0,0,0,C0|00|08|00|00|00|07
1771337003.644,unsolicited,0,0,0,C0|00|08|00|00|00|07
1771337003.678,unsolicited,0,0,0,C0|00|08|00|00|00|07
1771337003.679,unsolicited,0,0,0,C0|00|08|00|00|00|07
1771337003.712,unsolicited,0,0,0,C0|00|08|00|00|00|07
1771337003.713,unsolicited,0,0,0,C0|00|08|00|00|00|07
1771337003.744,unsolicited,0,0,0,C0|00|08|00|00|00|07
1771337003.810,solicited,0,,0,
1771337004.049,unsolicited,0,0,0,C0|00|08|00|00|00|07
1771337004.082,unsolicited,0,0,0,C0|00|08|00|00|00|07
1771337004.082,unsolicited,0,0,0,C0|00|08|00|00|00|07
1771337004.084,unsolicited,0,0,0,C0|00|08|00|00|00|07
1771337005.903,solicited,0,,0,
1771337006.240,unsolicited,0,0,0,C0|00|08|00|00|00|07
1771337006.272,unsolicited,0,0,0,C0|00|08|00|00|00|07
1771337006.339,unsolicited,0,0,0,C0|00|08|00|00|00|07
1771337006.340,unsolicited,0,0,0,C0|00|08|00|00|00|07
1771337006.372,unsolicited,0,0,0,C0|00|08|00|00|00|07
1771337006.373,unsolicited,0,0,0,C0|00|08|00|00|00|07
1771337006.406,unsolicited,0,0,0,C0|00|08|00|00|00|07
1771337006.406,unsolicited,0,0,0,C0|00|08|00|00|00|07
1771337006.840,unsolicited,0,0,0,C0|00|08|00|00|00|07
1771337006.841,unsolicited,0,0,0,C0|00|08|00|00|00|07
1771337006.873,unsolicited,0,0,0,C0|00|08|00|00|00|07
1771337006.875,unsolicited,0,0,0,C0|00|08|00|00|00|07
1771337006.906,unsolicited,0,0,0,C0|00|08|00|00|00|07
1771337006.941,solicited,0,,0,
1771337007.041,unsolicited,0,0,0,C0|00|08|00|00|00|07
1771337007.074,unsolicited,0,0,0,C0|00|08|00|00|00|07
1771337007.075,unsolicited,0,0,0,C0|00|08|00|00|00|07
1771337007.076,unsolicited,0,0,0,C0|00|08|00|00|00|07
1771337007.108,unsolicited,0,0,0,C0|00|08|00|00|00|07
1771337007.177,unsolicited,0,0,0,C0|00|08|00|00|00|07
1771337007.311,unsolicited,0,0,0,C0|00|08|00|00|00|07
1771337007.345,unsolicited,0,0,0,C0|00|08|00|00|00|07
1771337007.380,unsolicited,0,0,0,C0|00|08|00|00|00|07
1771337007.381,unsolicited,0,0,0,C0|00|08|00|00|00|07
1771337007.648,unsolicited,0,0,0,C0|00|08|00|00|00|07
1771337007.818,unsolicited,0,0,0,C0|00|08|00|00|00|07
1771337007.919,unsolicited,0,0,0,C0|00|08|00|00|00|07
1771337007.953,unsolicited,0,0,0,C0|00|08|00|00|00|07
1771337008.020,unsolicited,0,0,0,C0|00|08|00|00|00|07
1771337008.022,solicited,0,,0,
1771337008.222,unsolicited,0,0,0,C0|00|08|00|00|00|07
1771337008.894,solicited,0,,0,
1771337008.928,unsolicited,0,0,0,C0|00|08|00|00|00|07
1771337008.929,unsolicited,0,0,0,C0|00|08|00|00|00|07
1771337009.028,unsolicited,0,0,0,C0|00|08|00|00|00|07
1771337009.062,unsolicited,0,0,0,C0|00|08|00|00|00|07
1771337009.096,unsolicited,0,0,0,C0|00|08|00|00|00|07
1771337009.130,unsolicited,0,0,0,C0|00|08|00|00|00|07
1771337009.131,unsolicited,0,0,0,C0|00|08|00|00|00|07
1771337009.163,unsolicited,0,0,0,C0|00|08|00|00|00|07
1771337009.197,unsolicited,0,0,0,C0|00|08|00|00|00|07
1771337010.403,unsolicited,0,0,0,C0|00|08|00|00|00|07
1771337010.435,solicited,0,,0,
1771337010.773,unsolicited,0,0,0,C8|00|08|01|00|00|10
1771337010.942,solicited,0,,0,
1771337010.942,unsolicited,0,0,0,C8|00|08|04|00|00|13
1771337010.975,unsolicited,0,0,0,C8|00|08|04|00|00|13
1771337010.975,unsolicited,0,0,0,C8|00|08|04|00|00|13
1771337011.007,unsolicited,0,0,0,C8|00|08|05|00|00|14
1771337011.008,unsolicited,0,0,0,C8|00|08|05|00|00|14
1771337011.009,unsolicited,0,0,0,C8|00|08|05|00|00|14
1771337011.041,unsolicited,0,0,0,C8|00|08|06|00|00|15
1771337011.073,unsolicited,0,0,0,C8|00|08|06|00|00|15
1771337011.111,unsolicited,0,0,0,C8|00|08|07|00|00|16
1771337011.112,unsolicited,0,0,0,C8|00|08|07|00|00|16
1771337011.142,unsolicited,0,0,0,C8|00|08|07|00|00|16
1771337011.143,unsolicited,0,0,0,C8|00|08|07|00|00|16
1771337011.243,unsolicited,0,0,0,C8|00|08|07|00|00|16
1771337011.277,unsolicited,0,0,0,C8|00|08|07|00|00|16
1771337011.310,unsolicited,0,0,0,C8|00|08|07|00|00|16
1771337011.344,unsolicited,0,0,0,C8|00|08|07|00|00|16
1771337011.344,unsolicited,0,0,0,C8|00|08|07|00|00|16
1771337011.375,unsolicited,0,0,0,C8|00|08|07|00|00|16
1771337011.476,solicited,1034,,0,
1771337011.610,unsolicited,512,8,1034,C8|08|08|04|00|00|1B
1771337012.354,unsolicited,512,8,1034,C8|08|08|00|00|00|17
1771337012.384,unsolicited,512,8,1034,C8|08|08|00|00|00|17
1771337012.385,solicited,1325,,512,
1771337012.954,unsolicited,512,8,1325,C8|08|08|00|00|00|17
1771337012.955,solicited,1245,,512,
1771337013.125,unsolicited,512,8,1245,C8|08|08|00|00|00|17
1771337013.158,unsolicited,512,8,1245,C8|08|08|00|00|00|17
1771337013.259,unsolicited,512,8,1245,C8|08|08|00|00|00|17
1771337013.259,unsolicited,512,8,1245,C8|08|08|00|00|00|17
1771337013.357,unsolicited,512,8,1245,C8|08|08|00|00|00|17
1771337013.358,unsolicited,512,8,1245,C8|08|08|00|00|00|17
1771337013.391,unsolicited,512,8,1245,C8|08|08|00|00|00|17
1771337013.391,unsolicited,512,8,1245,C8|08|08|00|00|00|17
1771337013.424,unsolicited,512,8,1245,C8|08|08|00|00|00|17
1771337013.425,unsolicited,512,8,1245,C8|08|08|00|00|00|17
1771337015.644,solicited,1293,,512,
1771337015.946,unsolicited,512,8,1293,C0|08|08|00|00|00|0F
1771337015.947,unsolicited,512,8,1293,C0|08|08|00|00|00|0F
1771337017.088,unsolicited,512,8,1293,C0|08|08|00|00|00|0F
1771337017.121,unsolicited,512,8,1293,C0|08|08|00|00|00|0F
1771337017.389,unsolicited,512,8,1293,C0|08|08|00|00|00|0F
1771337017.421,unsolicited,512,8,1293,C0|08|08|00|00|00|0F
1771337017.422,unsolicited,512,8,1293,C0|08|08|00|00|00|0F
1771337017.423,unsolicited,512,8,1293,C0|08|08|00|00|00|0F
1771337017.455,unsolicited,512,8,1293,C0|08|08|00|00|00|0F
1771337017.490,unsolicited,512,8,1293,C0|08|08|00|00|00|0F
1771337017.490,unsolicited,512,8,1293,C0|08|08|00|00|00|0F
1771337017.523,unsolicited,512,8,1293,C0|08|08|00|00|00|0F
1771337017.524,unsolicited,512,8,1293,C0|08|08|00|00|00|0F
1771337017.557,unsolicited,512,8,1293,C0|08|08|00|00|00|0F
1771337017.591,unsolicited,512,8,1293,C0|08|08|00|00|00|0F
1771337017.625,unsolicited,512,8,1293,C0|08|08|00|00|00|0F
1771337017.625,unsolicited,512,8,1293,C0|08|08|00|00|00|0F
1771337017.658,solicited,1300,,512,
1771337017.691,unsolicited,512,8,1300,C0|08|08|00|00|00|0F
1771337018.096,unsolicited,512,8,1300,C0|08|08|00|00|00|0F
1771337018.097,unsolicited,512,8,1300,C0|08|08|00|00|00|0F
1771337018.097,unsolicited,512,8,1300,C0|08|08|00|00|00|0F
1771337018.098,unsolicited,512,8,1300,C0|08|08|00|00|00|0F
1771337018.130,unsolicited,512,8,1300,C0|08|08|00|00|00|0F
1771337018.130,unsolicited,512,8,1300,C0|08|08|00|00|00|0F
1771337018.163,unsolicited,512,8,1300,C0|08|08|00|00|00|0F
1771337018.164,unsolicited,512,8,1300,C0|08|08|00|00|00|0F
1771337018.164,solicited,1296,,512,
1771337018.399,unsolicited,512,8,1296,C0|08|08|00|00|00|0F
1771337019.546,unsolicited,512,8,1296,C0|08|08|00|00|00|0F
1771337019.546,unsolicited,512,8,1296,C0|08|08|00|00|00|0F
1771337020.147,solicited,1310,,512,
1771337020.181,unsolicited,512,8,1310,C0|08|08|00|00|00|0F
1771337020.820,solicited,1300,,512,
1771337020.821,unsolicited,512,8,1300,C0|08|08|00|00|00|0F
1771337020.822,unsolicited,512,8,1300,C0|08|08|00|00|00|0F
1771337020.822,unsolicited,512,8,1300,C0|08|08|00|00|00|0F
1771337021.058,unsolicited,512,8,1300,C0|08|08|00|00|00|0F
1771337021.127,unsolicited,512,8,1300,C0|08|08|00|00|00|0F
1771337021.127,unsolicited,512,8,1300,C0|08|08|00|00|00|0F
1771337021.128,unsolicited,512,8,1300,C0|08|08|00|00|00|0F
1771337021.159,unsolicited,512,8,1300,C0|08|08|00|00|00|0F
1771337021.160,unsolicited,512,8,1300,C0|08|08|00|00|00|0F
1771337021.326,unsolicited,512,8,1300,C0|08|08|00|00|00|0F
1771337021.360,solicited,1282,,512,
1771337021.730,unsolicited,512,8,1282,C0|08|08|00|00|00|0F
1771337021.732,unsolicited,512,8,1282,C0|08|08|00|00|00|0F
1771337021.765,unsolicited,512,8,1282,C0|08|08|00|00|00|0F
1771337021.765,unsolicited,512,8,1282,C0|08|08|00|00|00|0F
1771337021.798,unsolicited,512,8,1282,C0|08|08|00|00|00|0F
1771337021.899,unsolicited,512,8,1282,C0|08|08|00|00|00|0F
1771337021.900,solicited,1304,,512,
1771337021.932,unsolicited,512,8,1304,C0|08|08|00|00|00|0F
1771337021.965,unsolicited,512,8,1304,C0|08|08|00|00|00|0F
1771337022.168,unsolicited,512,8,1304,C0|08|08|00|00|00|0F
1771337022.199,unsolicited,512,8,1304,C0|08|08|00|00|00|0F
1771337022.200,unsolicited,512,8,1304,C0|08|08|00|00|00|0F
1771337022.266,unsolicited,512,8,1304,C0|08|08|00|00|00|0F
1771337022.267,unsolicited,512,8,1304,C0|08|08|00|00|00|0F
1771337022.300,unsolicited,512,8,1304,C0|08|08|00|00|00|0F
1771337022.336,unsolicited,512,8,1304,C0|08|08|00|00|00|0F
1771337022.366,unsolicited,512,8,1304,C0|08|08|00|00|00|0F
1771337022.470,solicited,1320,,512,
1771337022.669,unsolicited,512,8,1320,C0|08|08|00|00|00|0F
1771337022.703,unsolicited,512,8,1320,C0|08|08|00|00|00|0F
1771337022.704,unsolicited,512,8,1320,C0|08|08|00|00|00|0F
1771337022.806,unsolicited,512,8,1320,C0|08|08|00|00|00|0F
1771337022.807,unsolicited,512,8,1320,C0|08|08|00|00|00|0F
1771337022.937,unsolicited,512,8,1320,C0|08|08|00|00|00|0F
1771337023.069,solicited,1277,,512,
1771337023.073,unsolicited,512,8,1277,C0|08|08|00|00|00|0F
1771337023.103,unsolicited,512,8,1277,C0|08|08|00|00|00|0F
1771337023.202,unsolicited,512,8,1277,C0|08|08|00|00|00|0F
1771337023.203,unsolicited,512,8,1277,C0|08|08|00|00|00|0F
1771337023.204,unsolicited,512,8,1277,C0|08|08|00|00|00|0F
1771337023.269,unsolicited,448,7,1277,C0|07|08|00|00|00|0E
1771337023.942,unsolicited,448,7,1277,C0|07|08|00|00|00|0E
1771337023.943,solicited,1310,,448,
1771337023.977,unsolicited,448,7,1310,C0|07|08|00|00|00|0E
1771337024.246,unsolicited,448,7,1310,C0|07|08|00|00|00|0E
1771337024.280,unsolicited,448,7,1310,C0|07|08|00|00|00|0E
1771337024.280,unsolicited,448,7,1310,C0|07|08|00|00|00|0E
1771337024.281,unsolicited,448,7,1310,C0|07|08|00|00|00|0E
1771337024.281,unsolicited,448,7,1310,C0|07|08|00|00|00|0E
1771337025.731,unsolicited,448,7,1310,C0|07|08|00|00|00|0E
1771337025.765,solicited,1310,,448,
1771337026.000,unsolicited,448,7,1310,C0|07|08|00|00|00|0E
1771337026.266,solicited,1290,,448,
1771337026.435,unsolicited,448,7,1290,C0|07|08|00|00|00|0E
1771337026.469,unsolicited,448,7,1290,C0|07|08|00|00|00|0E
1771337026.502,unsolicited,448,7,1290,C0|07|08|00|00|00|0E
1771337026.503,unsolicited,448,7,1290,C0|07|08|00|00|00|0E
1771337026.504,unsolicited,448,7,1290,C0|07|08|00|00|00|0E
1771337026.569,unsolicited,448,7,1290,C0|07|08|00|00|00|0E
1771337026.570,unsolicited,448,7,1290,C0|07|08|00|00|00|0E
1771337026.604,unsolicited,448,7,1290,C0|07|08|00|00|00|0E
1771337026.671,unsolicited,448,7,1290,C0|07|08|00|00|00|0E
1771337026.671,unsolicited,448,7,1290,C0|07|08|00|00|00|0E
1771337026.707,unsolicited,448,7,1290,C0|07|08|00|00|00|0E
1771337026.707,unsolicited,448,7,1290,C0|07|08|00|00|00|0E
1771337026.807,unsolicited,448,7,1290,C0|07|08|00|00|00|0E
1771337026.840,unsolicited,448,7,1290,C0|07|08|00|00|00|0E
1771337026.840,unsolicited,448,7,1290,C0|07|08|00|00|00|0E
1771337026.841,solicited,1232,,448,
1771337026.874,unsolicited,448,7,1232,C0|07|08|00|00|00|0E
1771337027.647,solicited,1289,,448,
1771337027.649,unsolicited,448,7,1289,C0|07|08|00|00|00|0E
1771337027.680,unsolicited,448,7,1289,C0|07|08|00|00|00|0E
1771337027.714,unsolicited,448,7,1289,C0|07|08|00|00|00|0E
1771337027.715,unsolicited,448,7,1289,C0|07|08|00|00|00|0E
1771337027.851,unsolicited,448,7,1289,C0|07|08|00|00|00|0E
1771337027.851,unsolicited,448,7,1289,C0|07|08|00|00|00|0E
1771337027.884,unsolicited,448,7,1289,C0|07|08|00|00|00|0E
1771337027.885,unsolicited,448,7,1289,C0|07|08|00|00|00|0E
1771337030.195,solicited,1264,,448,
1771337030.196,unsolicited,448,7,1264,C0|07|08|00|00|00|0E
1771337030.228,unsolicited,448,7,1264,C0|07|08|00|00|00|0E
1771337030.499,unsolicited,448,7,1264,C0|07|08|00|00|00|0E
1771337030.500,unsolicited,448,7,1264,C0|07|08|00|00|00|0E
1771337030.530,unsolicited,448,7,1264,C0|07|08|00|00|00|0E
1771337030.531,unsolicited,448,7,1264,C0|07|08|00|00|00|0E
1771337030.563,unsolicited,448,7,1264,C0|07|08|00|00|00|0E
1771337030.630,unsolicited,448,7,1264,C0|07|08|00|00|00|0E
1771337030.663,unsolicited,448,7,1264,C0|07|08|00|00|00|0E
1771337030.664,unsolicited,448,7,1264,C0|07|08|00|00|00|0E
1771337030.697,solicited,1252,,448,
1771337031.467,unsolicited,448,7,1252,C0|07|08|00|00|00|0E
1771337031.533,solicited,1296,,448,
1771337031.902,unsolicited,448,7,1296,C0|07|08|00|00|00|0E
1771337031.904,unsolicited,448,7,1296,C0|07|08|00|00|00|0E
1771337031.936,unsolicited,448,7,1296,C0|07|08|00|00|00|0E
1771337031.970,unsolicited,448,7,1296,C0|07|08|00|00|00|0E
1771337031.970,unsolicited,448,7,1296,C0|07|08|00|00|00|0E
1771337031.971,unsolicited,448,7,1296,C0|07|08|00|00|00|0E
1771337032.003,unsolicited,448,7,1296,C0|07|08|00|00|00|0E
1771337032.003,unsolicited,448,7,1296,C0|07|08|00|00|00|0E
1771337032.005,unsolicited,448,7,1296,C0|07|08|00|00|00|0E
1771337032.036,solicited,1284,,448,
1771337032.036,unsolicited,448,7,1284,C0|07|08|00|00|00|0E
1771337032.069,unsolicited,448,7,1284,C0|07|08|00|00|00|0E
1771337032.069,unsolicited,448,7,1284,C0|07|08|00|00|00|0E
1771337032.070,unsolicited,448,7,1284,C0|07|08|00|00|00|0E
1771337032.070,unsolicited,448,7,1284,C0|07|08|00|00|00|0E
1771337032.102,unsolicited,448,7,1284,C0|07|08|00|00|00|0E
1771337032.105,unsolicited,448,7,1284,C0|07|08|00|00|00|0E
1771337032.136,unsolicited,448,7,1284,C0|07|08|00|00|00|0E
1771337032.203,unsolicited,448,7,1284,C0|07|08|00|00|00|0E
1771337032.573,solicited,1228,,448,
1771337032.574,unsolicited,448,7,1228,C0|07|08|00|00|00|0E
1771337032.607,unsolicited,448,7,1228,C0|07|08|00|00|00|0E
1771337032.608,unsolicited,448,7,1228,C0|07|08|00|00|00|0E
1771337033.183,unsolicited,448,7,1228,C0|07|08|00|00|00|0E
1771337033.215,solicited,1253,,448,
1771337033.314,unsolicited,448,7,1253,C0|07|08|00|00|00|0E
1771337033.348,unsolicited,448,7,1253,C0|07|08|00|00|00|0E
1771337033.384,unsolicited,448,7,1253,C0|07|08|00|00|00|0E
1771337033.415,unsolicited,448,7,1253,C0|07|08|00|00|00|0E
1771337033.481,unsolicited,448,7,1253,C0|07|08|00|00|00|0E
1771337033.515,unsolicited,448,7,1253,C0|07|08|00|00|00|0E
1771337033.516,unsolicited,448,7,1253,C0|07|08|00|00|00|0E
1771337033.752,unsolicited,448,7,1253,C0|07|08|00|00|00|0E
1771337033.786,solicited,1252,,448,
1771337033.787,unsolicited,448,7,1252,C0|07|08|00|00|00|0E
1771337033.818,unsolicited,448,7,1252,C0|07|08|00|00|00|0E
1771337033.886,unsolicited,448,7,1252,C0|07|08|00|00|00|0E
1771337033.887,unsolicited,448,7,1252,C0|07|08|00|00|00|0E
1771337033.921,unsolicited,448,7,1252,C0|07|08|00|00|00|0E
1771337033.922,unsolicited,448,7,1252,C0|07|08|00|00|00|0E
1771337033.954,unsolicited,448,7,1252,C0|07|08|00|00|00|0E
1771337033.956,unsolicited,448,7,1252,C0|07|08|00|00|00|0E
1771337033.987,unsolicited,448,7,1252,C0|07|08|00|00|00|0E
1771337033.989,unsolicited,448,7,1252,C0|07|08|00|00|00|0E
1771337034.021,unsolicited,448,7,1252,C0|07|08|00|00|00|0E
1771337034.053,unsolicited,448,7,1252,C0|07|08|00|00|00|0E
1771337034.120,unsolicited,448,7,1252,C0|07|08|00|00|00|0E
1771337034.154,unsolicited,448,7,1252,C0|07|08|00|00|00|0E
1771337034.220,unsolicited,448,7,1252,C0|07|08|00|00|00|0E
1771337034.221,unsolicited,448,7,1252,C0|07|08|00|00|00|0E
1771337034.254,unsolicited,448,7,1252,C0|07|08|00|00|00|0E
1771337034.487,solicited,1245,,448,
1771337034.487,unsolicited,448,7,1245,C0|07|08|00|00|00|0E
1771337034.552,unsolicited,448,7,1245,C0|07|08|00|00|00|0E
1771337034.586,unsolicited,448,7,1245,C0|07|08|00|00|00|0E
1771337034.587,unsolicited,448,7,1245,C0|07|08|00|00|00|0E
1771337034.624,unsolicited,448,7,1245,C0|07|08|00|00|00|0E
1771337035.928,solicited,1247,,448,
1771337035.961,unsolicited,448,7,1247,C0|07|08|00|00|00|0E
1771337035.961,unsolicited,448,7,1247,C0|07|08|00|00|00|0E
1771337035.962,unsolicited,448,7,1247,C0|07|08|00|00|00|0E
1771337036.871,unsolicited,448,7,1247,C0|07|08|00|00|00|0E
1771337036.904,unsolicited,448,7,1247,C0|07|08|00|00|00|0E
1771337037.375,unsolicited,448,7,1247,C0|07|08|00|00|00|0E
1771337037.411,solicited,1253,,448,
1771337037.442,unsolicited,448,7,1253,C0|07|08|00|00|00|0E
1771337037.608,unsolicited,448,7,1253,C0|07|08|00|00|00|0E
1771337037.641,unsolicited,448,7,1253,C0|07|08|00|00|00|0E
1771337037.776,unsolicited,448,7,1253,C0|07|08|00|00|00|0E
1771337037.776,unsolicited,448,7,1253,C0|07|08|00|00|00|0E
1771337037.809,unsolicited,448,7,1253,C0|07|08|00|00|00|0E
1771337037.810,unsolicited,448,7,1253,C0|07|08|00|00|00|0E
1771337037.842,unsolicited,448,7,1253,C0|07|08|00|00|00|0E
1771337037.843,unsolicited,448,7,1253,C0|07|08|00|00|00|0E
1771337037.843,unsolicited,448,7,1253,C0|07|08|00|00|00|0E
1771337037.876,unsolicited,448,7,1253,C0|07|08|00|00|00|0E
1771337037.877,unsolicited,448,7,1253,C0|07|08|00|00|00|0E
1771337037.878,unsolicited,448,7,1253,C0|07|08|00|00|00|0E
1771337037.944,unsolicited,448,7,1253,C0|07|08|00|00|00|0E
1771337037.978,unsolicited,448,7,1253,C0|07|08|00|00|00|0E
1771337037.979,unsolicited,448,7,1253,C0|07|08|00|00|00|0E
1771337037.980,solicited,1225,,448,
1771337038.113,unsolicited,448,7,1225,C0|07|08|00|00|00|0E
1771337038.114,unsolicited,448,7,1225,C0|07|08|00|00|00|0E
1771337038.345,unsolicited,448,7,1225,C0|07|08|00|00|00|0E
1771337038.345,unsolicited,448,7,1225,C0|07|08|00|00|00|0E
1771337038.378,unsolicited,448,7,1225,C0|07|08|00|00|00|0E
1771337038.379,unsolicited,448,7,1225,C0|07|08|00|00|00|0E
1771337038.410,unsolicited,448,7,1225,C0|07|08|00|00|00|0E
1771337038.411,unsolicited,448,7,1225,C0|07|08|00|00|00|0E
1771337038.412,unsolicited,448,7,1225,C0|07|08|00|00|00|0E
1771337038.444,unsolicited,448,7,1225,C0|07|08|00|00|00|0E
1771337038.445,unsolicited,448,7,1225,C0|07|08|00|00|00|0E
1771337038.445,unsolicited,448,7,1225,C0|07|08|00|00|00|0E
1771337038.545,solicited,1203,,448,
1771337038.613,unsolicited,448,7,1203,C0|07|08|00|00|00|0E
1771337038.646,unsolicited,448,7,1203,C0|07|08|00|00|00|0E
1771337038.647,unsolicited,448,7,1203,C0|07|08|00|00|00|0E
1771337038.679,unsolicited,448,7,1203,C0|07|08|00|00|00|0E
1771337038.680,unsolicited,448,7,1203,C0|07|08|00|00|00|0E
1771337038.779,unsolicited,448,7,1203,C0|07|08|00|00|00|0E
1771337038.780,unsolicited,448,7,1203,C0|07|08|00|00|00|0E
1771337038.812,unsolicited,448,7,1203,C0|07|08|00|00|00|0E
1771337039.146,unsolicited,448,7,1203,C0|07|08|00|00|00|0E
1771337039.147,unsolicited,448,7,1203,C0|07|08|00|00|00|0E
1771337039.181,solicited,1239,,448,
1771337039.214,unsolicited,448,7,1239,C0|07|08|00|00|00|0E
1771337039.247,unsolicited,448,7,1239,C0|07|08|00|00|00|0E
1771337039.248,unsolicited,448,7,1239,C0|07|08|00|00|00|0E
1771337039.415,unsolicited,448,7,1239,C0|07|08|00|00|00|0E
1771337039.552,unsolicited,448,7,1239,C0|07|08|00|00|00|0E
1771337039.554,unsolicited,448,7,1239,C0|07|08|00|00|00|0E
1771337039.554,unsolicited,448,7,1239,C0|07|08|00|00|00|0E
1771337039.584,unsolicited,448,7,1239,C0|07|08|00|00|00|0E
1771337039.584,unsolicited,448,7,1239,C0|07|08|00|00|00|0E
1771337039.618,unsolicited,448,7,1239,C0|07|08|00|00|00|0E
1771337039.686,unsolicited,448,7,1239,C0|07|08|00|00|00|0E
1771337039.719,solicited,1246,,448,
1771337039.719,unsolicited,448,7,1246,C0|07|08|00|00|00|0E
1771337039.752,unsolicited,448,7,1246,C0|07|08|00|00|00|0E
1771337039.820,unsolicited,448,7,1246,C0|07|08|00|00|00|0E
1771337039.820,unsolicited,448,7,1246,C0|07|08|00|00|00|0E
1771337039.853,unsolicited,448,7,1246,C0|07|08|00|00|00|0E
1771337039.854,unsolicited,448,7,1246,C0|07|08|00|00|00|0E
1771337039.888,unsolicited,448,7,1246,C0|07|08|00|00|00|0E
1771337039.922,unsolicited,448,7,1246,C0|07|08|00|00|00|0E
1771337040.023,unsolicited,448,7,1246,C0|07|08|00|00|00|0E
1771337040.119,unsolicited,448,7,1246,C0|07|08|00|00|00|0E
1771337040.153,unsolicited,448,7,1246,C0|07|08|00|00|00|0E
1771337040.154,unsolicited,448,7,1246,C0|07|08|00|00|00|0E
1771337040.155,unsolicited,448,7,1246,C0|07|08|00|00|00|0E
1771337040.221,solicited,1210,,448,
1771337040.522,unsolicited,448,7,1210,C0|07|08|00|00|00|0E
1771337040.523,unsolicited,448,7,1210,C0|07|08|00|00|00|0E
1771337040.622,unsolicited,448,7,1210,C0|07|08|00|00|00|0E
1771337040.656,unsolicited,448,7,1210,C0|07|08|00|00|00|0E
1771337040.724,unsolicited,448,7,1210,C0|07|08|00|00|00|0E
1771337040.725,unsolicited,448,7,1210,C0|07|08|00|00|00|0E
1771337040.758,solicited,1194,,448,
1771337040.792,unsolicited,448,7,1194,C0|07|08|00|00|00|0E
1771337040.927,unsolicited,448,7,1194,C0|07|08|00|00|00|0E
1771337041.263,unsolicited,448,7,1194,C0|07|08|00|00|00|0E
1771337042.201,unsolicited,384,6,1194,C0|06|08|00|00|00|0D
1771337042.203,solicited,1204,,384,
1771337042.270,unsolicited,384,6,1204,C0|06|08|00|00|00|0D
1771337042.370,unsolicited,384,6,1204,C0|06|08|00|00|00|0D
1771337042.370,unsolicited,384,6,1204,C0|06|08|00|00|00|0D
1771337042.439,unsolicited,384,6,1204,C0|06|08|00|00|00|0D
1771337042.506,unsolicited,384,6,1204,C0|06|08|00|00|00|0D
1771337042.539,unsolicited,384,6,1204,C0|06|08|00|00|00|0D
1771337042.540,unsolicited,384,6,1204,C0|06|08|00|00|00|0D
1771337042.605,unsolicited,0,0,1204,C0|00|08|00|00|00|07
1771337042.639,unsolicited,0,0,1204,C0|00|08|00|00|00|07
1771337043.346,unsolicited,0,0,1204,C0|00|08|00|00|00|07
1771337043.380,solicited,525,,0,
1771337043.414,unsolicited,0,0,525,C0|00|08|00|00|00|07
1771337043.417,unsolicited,0,0,525,C0|00|08|00|00|00|07
1771337043.417,unsolicited,0,0,525,C0|00|08|00|00|00|07
1771337043.918,unsolicited,0,0,525,C0|00|08|00|00|00|07
1771337043.918,solicited,114,,0,
1771337043.921,unsolicited,0,0,114,C0|00|08|00|00|00|07
1771337043.951,unsolicited,0,0,114,C0|00|08|00|00|00|07
1771337045.299,solicited,0,,0,
1771337045.299,unsolicited,0,0,0,C0|00|08|00|00|00|07
1771337045.334,unsolicited,0,0,0,C0|00|08|00|00|00|07
1771337045.503,unsolicited,0,0,0,C0|00|08|00|00|00|07
1771337045.840,solicited,0,,0,
1771337045.941,unsolicited,0,0,0,C0|00|08|00|00|00|07
1771337046.108,unsolicited,0,0,0,C0|00|08|00|00|00|07
1771337046.109,unsolicited,0,0,0,C0|00|08|00|00|00|07
1771337046.345,unsolicited,0,0,0,C0|00|08|00|00|00|07
1771337046.346,solicited,0,,0,
1771337046.378,unsolicited,0,0,0,C0|00|08|00|00|00|07
1771337046.446,unsolicited,0,0,0,C0|00|08|00|00|00|07
1771337046.548,unsolicited,0,0,0,C0|00|08|00|00|00|07
1771337046.581,unsolicited,0,0,0,C0|00|08|00|00|00|07
1771337046.716,unsolicited,0,0,0,C0|00|08|00|00|00|07
1771337046.717,unsolicited,0,0,0,C0|00|08|00|00|00|07
1771337046.851,unsolicited,0,0,0,C0|00|08|00|00|00|07
1771337046.950,solicited,0,,0,
1771337046.951,unsolicited,0,0,0,C0|00|08|00|00|00|07
1771337047.152,unsolicited,0,0,0,C0|00|08|00|00|00|07
1771337047.251,unsolicited,0,0,0,C0|00|08|00|00|00|07
1771337047.252,unsolicited,0,0,0,C0|00|08|00|00|00|07
1771337047.284,unsolicited,0,0,0,C0|00|08|00|00|00|07
1771337047.285,unsolicited,0,0,0,C0|00|08|00|00|00|07
1771337047.351,unsolicited,0,0,0,C0|00|08|00|00|00|07
1771337047.353,unsolicited,0,0,0,C0|00|08|00|00|00|07
1771337047.452,unsolicited,0,0,0,C0|00|08|00|00|00|07
1771337047.453,unsolicited,0,0,0,C0|00|08|00|00|00|07
1771337047.454,unsolicited,0,0,0,C0|00|08|00|00|00|07
1771337047.486,unsolicited,0,0,0,C0|00|08|00|00|00|07
1771337047.553,solicited,0,,0,
1771337047.554,unsolicited,0,0,0,C0|00|08|00|00|00|07
1771337047.554,unsolicited,0,0,0,C0|00|08|00|00|00|07
1771337047.620,unsolicited,0,0,0,C0|00|08|00|00|00|07
1771337047.652,unsolicited,0,0,0,C0|00|08|00|00|00|07
1771337047.752,unsolicited,0,0,0,C0|00|08|00|00|00|07
1771337047.787,unsolicited,0,0,0,C0|00|08|00|00|00|07
1771337047.820,unsolicited,0,0,0,C0|00|08|00|00|00|07
1771337047.853,unsolicited,0,0,0,C0|00|08|00|00|00|07
1771337047.854,unsolicited,0,0,0,C0|00|08|00|00|00|07
1771337047.921,solicited,0,,0,
1771337047.953,unsolicited,0,0,0,C0|00|08|00|00|00|07
1771337047.954,unsolicited,0,0,0,C0|00|08|00|00|00|07
1771337048.088,unsolicited,0,0,0,C0|00|08|00|00|00|07
1771337048.088,unsolicited,0,0,0,C0|00|08|00|00|00|07
1771337048.121,unsolicited,0,0,0,C0|00|08|00|00|00|07
1771337048.455,solicited,0,,0,
1771337048.456,unsolicited,0,0,0,C0|00|08|00|00|00|07
1771337048.557,unsolicited,0,0,0,C0|00|08|00|00|00|07
1771337048.591,unsolicited,0,0,0,C0|00|08|00|00|00|07
1771337048.826,unsolicited,0,0,0,C0|00|08|00|00|00|07
1771337048.959,solicited,0,,0,
1771337048.959,unsolicited,0,0,0,C0|00|08|00|00|00|07
1771337049.128,unsolicited,0,0,0,C0|00|08|00|00|00|07
1771337049.266,unsolicited,0,0,0,C0|00|08|00|00|00|07
1771337049.365,unsolicited,0,0,0,C0|00|08|00|00|00|07
1771337049.466,solicited,0,,0,
1771337049.499,unsolicited,0,0,0,C0|00|08|00|00|00|07
1771337049.499,unsolicited,0,0,0,C0|00|08|00|00|00|07
1771337049.501,unsolicited,0,0,0,C0|00|08|00|00|00|07
1771337050.138,solicited,0,,0,
1771337050.644,solicited,0,,0,
1771337050.644,unsolicited,0,0,0,C0|00|08|00|00|00|07
1771337050.677,unsolicited,0,0,0,C0|00|08|00|00|00|07
1771337050.678,unsolicited,0,0,0,C0|00|08|00|00|00|07
1771337050.679,unsolicited,0,0,0,C0|00|08|00|00|00|07
1771337050.679,unsolicited,0,0,0,C0|00|08|00|00|00|07
1771337050.745,unsolicited,0,0,0,C0|00|08|00|00|00|07
1771337050.746,unsolicited,0,0,0,C0|00|08|00|00|00|07
1771337050.913,unsolicited,0,0,0,C0|00|08|00|00|00|07
1771337050.947,unsolicited,0,0,0,C0|00|08|00|00|00|07
1771337051.179,solicited,0,,0,
1771337051.282,unsolicited,0,0,0,C0|00|08|00|00|00|07
1771337051.348,unsolicited,0,0,0,C0|00|08|00|00|00|07
1771337051.383,unsolicited,0,0,0,C0|00|08|00|00|00|07
1771337051.384,unsolicited,0,0,0,C0|00|08|00|00|00|07
1771337051.688,solicited,0,,0,
1771337051.689,unsolicited,0,0,0,C0|00|08|00|00|00|07
1771337051.722,unsolicited,0,0,0,C0|00|08|00|00|00|07
1771337051.723,unsolicited,0,0,0,C0|00|08|00|00|00|07
1771337051.723,unsolicited,0,0,0,C0|00|08|00|00|00|07
1771337051.856,unsolicited,0,0,0,C0|00|08|00|00|00|07
1771337051.890,unsolicited,0,0,0,C0|00|08|00|00|00|07
1771337052.093,unsolicited,0,0,0,C0|00|08|00|00|00|07
1771337052.126,unsolicited,0,0,0,C0|00|08|00|00|00|07
1771337052.127,unsolicited,0,0,0,C0|00|08|00|00|00|07
1771337052.159,unsolicited,0,0,0,C0|00|08|00|00|00|07
1771337052.192,unsolicited,0,0,0,C0|00|08|00|00|00|07
1771337052.194,solicited,0,,0,
1771337052.194,unsolicited,0,0,0,C0|00|08|00|00|00|07
1771337052.225,unsolicited,0,0,0,C0|00|08|00|00|00|07
1771337054.243,unsolicited,0,0,0,C0|00|08|00|00|00|07
1771337054.277,solicited,0,,0,
1771337054.309,unsolicited,0,0,0,C0|00|08|00|00|00|07
1771337054.310,unsolicited,0,0,0,C0|00|08|00|00|00|07
1771337054.311,unsolicited,0,0,0,C0|00|08|00|00|00|07
1771337054.544,unsolicited,0,0,0,C0|00|08|00|00|00|07
1771337055.217,solicited,0,,0,
1771337055.218,unsolicited,0,0,0,C0|00|08|00|00|00|07
1771337055.218,unsolicited,0,0,0,C0|00|08|00|00|00|07
1771337055.219,unsolicited,0,0,0,C0|00|08|00|00|00|07
1771337055.251,unsolicited,0,0,0,C0|00|08|00|00|00|07
1771337055.486,unsolicited,0,0,0,C0|00|08|00|00|00|07
1771337056.726,unsolicited,0,0,0,C0|00|08|00|00|00|07
1771337056.793,solicited,0,,0,
1771337056.794,unsolicited,0,0,0,C0|00|08|00|00|00|07
1771337058.807,solicited,0,,0,
1771337059.044,unsolicited,0,0,0,C0|00|08|00|00|00|07
1771337061.263,unsolicited,0,0,0,C0|00|08|00|00|00|07
1771337061.803,unsolicited,0,0,0,C0|00|08|00|00|00|07
1771337062.374,solicited,0,,0,
1771337062.408,unsolicited,0,0,0,C0|00|08|00|00|00|07
1771337062.711,unsolicited,0,0,0,C0|00|08|00|00|00|07
1771337063.115,unsolicited,0,0,0,C0|00|08|00|00|00|07
1771337063.184,unsolicited,0,0,0,C0|00|08|00|00|00|07
1771337063.184,unsolicited,0,0,0,C0|00|08|00|00|00|07
1771337063.218,unsolicited,0,0,0,C0|00|08|00|00|00|07
1771337063.219,unsolicited,0,0,0,C0|00|08|00|00|00|07
1771337063.252,unsolicited,0,0,0,C0|00|08|00|00|00|07
1771337063.253,unsolicited,0,0,0,C0|00|08|00|00|00|07
1771337063.286,unsolicited,0,0,0,C0|00|08|00|00|00|07
1771337063.286,unsolicited,0,0,0,C0|00|08|00|00|00|07
1771337063.385,solicited,0,,0,
1771337063.756,unsolicited,0,0,0,C0|00|08|00|00|00|07
1771337063.789,unsolicited,0,0,0,C0|00|08|00|00|00|07
1771337064.965,unsolicited,0,0,0,C0|00|08|00|00|00|07
1771337064.998,solicited,0,,0,
1771337066.179,unsolicited,0,0,0,C0|00|08|00|00|00|07
1771337066.210,unsolicited,0,0,0,C0|00|08|00|00|00|07
1771337066.211,solicited,0,,0,
1771337066.245,unsolicited,0,0,0,C0|00|08|00|00|00|07
1771337066.478,unsolicited,0,0,0,C0|00|08|00|00|00|07
1771337068.696,unsolicited,0,0,0,C8|00|08|00|00|00|0F
1771337068.729,solicited,1343,,0,
1771337069.804,solicited,1185,,0,
1771337070.344,solicited,1252,,0,
1771337070.411,unsolicited,0,0,1252,C0|00|08|00|00|00|07
1771337070.415,unsolicited,0,0,1252,C0|00|08|00|00|00|07
1771337070.416,unsolicited,0,0,1252,C0|00|08|00|00|00|07
1771337070.546,unsolicited,0,0,1252,C0|00|08|00|00|00|07
1771337070.579,unsolicited,0,0,1252,C0|00|08|00|00|00|07
1771337070.613,unsolicited,0,0,1252,C0|00|08|00|00|00|07
1771337070.646,unsolicited,0,0,1252,C0|00|08|00|00|00|07
1771337070.680,unsolicited,0,0,1252,C0|00|08|00|00|00|07
1771337070.716,unsolicited,0,0,1252,C0|00|08|00|00|00|07
1771337070.849,solicited,1300,,0,
1771337071.218,unsolicited,0,0,1300,C0|00|08|00|00|00|07
1771337071.420,unsolicited,0,0,1300,C0|00|08|00|00|00|07
1771337071.453,unsolicited,0,0,1300,C0|00|08|00|00|00|07
1771337071.454,solicited,1304,,0,
1771337071.624,unsolicited,0,0,1304,C0|00|08|00|00|00|07
1771337071.654,unsolicited,0,0,1304,C0|00|08|00|00|00|07
1771337071.924,unsolicited,0,0,1304,C0|00|08|00|00|00|07
1771337071.958,unsolicited,0,0,1304,C0|00|08|00|00|00|07
1771337071.990,unsolicited,0,0,1304,C0|00|08|00|00|00|07
1771337071.993,solicited,1280,,0,
1771337072.158,unsolicited,0,0,1280,C0|00|08|00|00|00|07
1771337072.164,unsolicited,0,0,1280,C0|00|08|00|00|00|07
1771337072.327,unsolicited,0,0,1280,C0|00|08|00|00|00|07
1771337072.328,unsolicited,0,0,1280,C0|00|08|00|00|00|07
1771337072.397,unsolicited,0,0,1280,C0|00|08|00|00|00|07
1771337072.428,unsolicited,0,0,1280,C0|00|08|00|00|00|07
1771337072.496,unsolicited,0,0,1280,C0|00|08|00|00|00|07
1771337072.497,unsolicited,0,0,1280,C0|00|08|00|00|00|07
1771337072.530,unsolicited,0,0,1280,C0|00|08|00|00|00|07
1771337072.563,solicited,1316,,0,
1771337072.598,unsolicited,0,0,1316,C0|00|08|00|00|00|07
1771337072.630,unsolicited,0,0,1316,C0|00|08|00|00|00|07
1771337073.202,unsolicited,0,0,1316,C0|00|08|00|00|00|07
1771337073.235,solicited,1349,,0,
1771337073.370,unsolicited,0,0,1349,C0|00|08|00|00|00|07
1771337073.775,solicited,1342,,0,
1771337073.939,unsolicited,0,0,1342,C0|00|08|00|00|00|07
1771337073.972,unsolicited,0,0,1342,C0|00|08|00|00|00|07
1771337074.072,unsolicited,0,0,1342,C0|00|08|00|00|00|07
1771337074.073,unsolicited,0,0,1342,C0|00|08|00|00|00|07
1771337074.107,unsolicited,0,0,1342,C0|00|08|00|00|00|07
1771337074.108,unsolicited,0,0,1342,C0|00|08|00|00|00|07
1771337074.139,unsolicited,0,0,1342,C0|00|08|00|00|00|07
1771337074.876,unsolicited,0,0,1342,C0|00|08|00|00|00|07
1771337074.976,solicited,1332,,0,
1771337075.078,unsolicited,0,0,1332,C0|00|08|00|00|00|07
1771337075.547,solicited,1317,,0,
1771337075.647,unsolicited,0,0,1317,C0|00|08|00|00|00|07
1771337075.650,unsolicited,0,0,1317,C0|00|08|00|00|00|07
1771337075.916,unsolicited,0,0,1317,C0|00|08|00|00|00|07
1771337075.950,unsolicited,0,0,1317,C0|00|08|00|00|00|07
1771337076.021,unsolicited,0,0,1317,C0|00|08|00|00|00|07
1771337076.052,solicited,1299,,0,
1771337076.184,unsolicited,0,0,1299,C0|00|08|00|00|00|07
1771337076.250,unsolicited,0,0,1299,C0|00|08|00|00|00|07
1771337076.352,unsolicited,0,0,1299,C0|00|08|00|00|00|07
1771337076.386,unsolicited,0,0,1299,C0|00|08|00|00|00|07
1771337076.420,unsolicited,0,0,1299,C0|00|08|00|00|00|07
1771337076.421,unsolicited,0,0,1299,C0|00|08|00|00|00|07
1771337076.452,unsolicited,0,0,1299,C0|00|08|00|00|00|07
1771337076.453,unsolicited,0,0,1299,C0|00|08|00|00|00|07
1771337076.622,solicited,1292,,0,
1771337076.959,unsolicited,0,0,1292,C0|00|08|00|00|00|07
1771337077.161,solicited,1271,,0,
1771337077.634,unsolicited,0,0,1271,C0|00|08|00|00|00|07
1771337077.665,unsolicited,0,0,1271,C0|00|08|00|00|00|07
1771337077.801,solicited,1298,,0,
1771337079.148,unsolicited,0,0,1298,C0|00|08|00|00|00|07
1771337079.180,solicited,1308,,0,
1771337079.314,unsolicited,0,0,1308,C0|00|08|00|00|00|07
1771337079.784,solicited,1305,,0,
1771337080.120,unsolicited,0,0,1305,C0|00|08|00|00|00|07
1771337080.287,solicited,1301,,0,
1771337080.523,unsolicited,0,0,1301,C0|00|08|00|00|00|07
1771337080.691,unsolicited,0,0,1301,C0|00|08|00|00|00|07
1771337082.883,unsolicited,0,0,1301,C0|00|08|00|00|00|07
1771337082.883,solicited,1292,,0,
1771337083.013,unsolicited,0,0,1292,C0|00|08|00|00|00|07
1771337083.046,unsolicited,0,0,1292,C0|00|08|00|00|00|07
1771337085.467,unsolicited,0,0,1292,C0|00|08|00|00|00|07
1771337085.734,unsolicited,0,0,1292,C0|00|08|00|00|00|07
1771337086.072,solicited,1267,,0,
1771337086.440,unsolicited,0,0,1267,C0|00|08|00|00|00|07
1771337086.443,unsolicited,0,0,1267,C0|00|08|00|00|00|07
1771337086.477,unsolicited,0,0,1267,C0|00|08|00|00|00|07
1771337086.478,unsolicited,0,0,1267,C0|00|08|00|00|00|07
1771337086.642,solicited,1264,,0,
1771337086.677,unsolicited,0,0,1264,C0|00|08|00|00|00|07
1771337086.811,unsolicited,0,0,1264,C0|00|08|00|00|00|07
1771337086.812,unsolicited,0,0,1264,C0|00|08|00|00|00|07
1771337086.846,unsolicited,0,0,1264,C0|00|08|00|00|00|07
1771337086.878,unsolicited,0,0,1264,C0|00|08|00|00|00|07
1771337086.879,unsolicited,0,0,1264,C0|00|08|00|00|00|07
1771337086.911,unsolicited,0,0,1264,C0|00|08|00|00|00|07
1771337086.912,unsolicited,0,0,1264,C0|00|08|00|00|00|07
1771337087.145,unsolicited,0,0,1264,C0|00|08|00|00|00|07
1771337087.146,unsolicited,0,0,1264,C0|00|08|00|00|00|07
1771337087.178,solicited,1259,,0,
1771337087.612,unsolicited,0,0,1259,C0|00|08|00|00|00|07
1771337087.619,unsolicited,0,0,1259,C0|00|08|00|00|00|07
1771337087.816,solicited,1253,,0,
1771337087.850,unsolicited,512,8,1253,C0|08|08|00|00|00|0F
1771337088.286,unsolicited,512,8,1253,C0|08|08|00|00|00|0F
1771337088.321,unsolicited,512,8,1253,C0|08|08|00|00|00|0F
1771337088.354,solicited,1272,,512,
1771337088.658,unsolicited,512,8,1272,C0|08|08|00|00|00|0F
1771337088.659,unsolicited,448,7,1272,C0|07|08|00|00|00|0E
1771337088.691,unsolicited,448,7,1272,C0|07|08|00|00|00|0E
1771337088.727,unsolicited,448,7,1272,C0|07|08|00|00|00|0E
1771337088.728,unsolicited,448,7,1272,C0|07|08|00|00|00|0E
1771337088.858,solicited,1261,,448,
1771337088.891,unsolicited,448,7,1261,C0|07|08|00|00|00|0E
1771337088.892,unsolicited,448,7,1261,C0|07|08|00|00|00|0E
1771337088.924,unsolicited,448,7,1261,C0|07|08|00|00|00|0E
1771337089.093,unsolicited,448,7,1261,C0|07|08|00|00|00|0E
1771337089.094,unsolicited,448,7,1261,C0|07|08|00|00|00|0E
1771337089.128,unsolicited,448,7,1261,C0|07|08|00|00|00|0E
1771337089.128,unsolicited,448,7,1261,C0|07|08|00|00|00|0E
1771337089.129,unsolicited,448,7,1261,C0|07|08|00|00|00|0E
1771337089.160,unsolicited,448,7,1261,C0|07|08|00|00|00|0E
1771337089.160,unsolicited,448,7,1261,C0|07|08|00|00|00|0E
1771337089.228,unsolicited,448,7,1261,C0|07|08|00|00|00|0E
1771337089.229,unsolicited,448,7,1261,C0|07|08|00|00|00|0E
1771337089.294,unsolicited,448,7,1261,C0|07|08|00|00|00|0E
1771337089.329,unsolicited,448,7,1261,C0|07|08|00|00|00|0E
1771337089.362,unsolicited,448,7,1261,C0|07|08|00|00|00|0E
1771337089.363,unsolicited,448,7,1261,C0|07|08|00|00|00|0E
1771337089.396,solicited,1252,,448,
1771337089.631,unsolicited,448,7,1252,C0|07|08|00|00|00|0E
1771337089.664,unsolicited,448,7,1252,C0|07|08|00|00|00|0E
1771337089.764,unsolicited,448,7,1252,C0|07|08|00|00|00|0E
1771337089.767,unsolicited,448,7,1252,C0|07|08|00|00|00|0E
1771337089.797,unsolicited,448,7,1252,C0|07|08|00|00|00|0E
1771337089.798,unsolicited,448,7,1252,C0|07|08|00|00|00|0E
1771337089.899,solicited,1234,,448,
1771337090.169,unsolicited,448,7,1234,C0|07|08|00|00|00|0E
1771337090.169,unsolicited,448,7,1234,C0|07|08|00|00|00|0E
1771337090.202,unsolicited,448,7,1234,C0|07|08|00|00|00|0E
1771337090.202,unsolicited,448,7,1234,C0|07|08|00|00|00|0E
1771337090.236,unsolicited,448,7,1234,C0|07|08|00|00|00|0E
1771337090.269,unsolicited,448,7,1234,C0|07|08|00|00|00|0E
1771337090.270,unsolicited,448,7,1234,C0|07|08|00|00|00|0E
1771337090.271,unsolicited,448,7,1234,C0|07|08|00|00|00|0E
1771337090.305,unsolicited,448,7,1234,C0|07|08|00|00|00|0E
1771337090.305,unsolicited,448,7,1234,C0|07|08|00|00|00|0E
1771337090.873,unsolicited,448,7,1234,C0|07|08|00|00|00|0E
1771337090.874,unsolicited,448,7,1234,C0|07|08|00|00|00|0E
1771337090.908,unsolicited,448,7,1234,C0|07|08|00|00|00|0E
1771337090.908,unsolicited,448,7,1234,C0|07|08|00|00|00|0E
1771337090.908,unsolicited,448,7,1234,C0|07|08|00|00|00|0E
1771337090.974,solicited,1267,,448,
1771337091.107,unsolicited,448,7,1267,C0|07|08|00|00|00|0E
1771337091.141,unsolicited,448,7,1267,C0|07|08|00|00|00|0E
1771337091.141,unsolicited,448,7,1267,C0|07|08|00|00|00|0E
1771337091.276,unsolicited,448,7,1267,C0|07|08|00|00|00|0E
1771337091.378,unsolicited,448,7,1267,C0|07|08|00|00|00|0E
1771337091.378,unsolicited,448,7,1267,C0|07|08|00|00|00|0E
1771337091.511,solicited,1225,,448,
1771337091.546,unsolicited,448,7,1225,C0|07|08|00|00|00|0E
1771337091.579,unsolicited,448,7,1225,C0|07|08|00|00|00|0E
1771337091.580,unsolicited,448,7,1225,C0|07|08|00|00|00|0E
1771337091.612,unsolicited,448,7,1225,C0|07|08|00|00|00|0E
1771337091.613,unsolicited,448,7,1225,C0|07|08|00|00|00|0E
1771337091.648,unsolicited,448,7,1225,C0|07|08|00|00|00|0E
1771337091.648,unsolicited,448,7,1225,C0|07|08|00|00|00|0E
1771337091.917,unsolicited,448,7,1225,C0|07|08|00|00|00|0E
1771337092.221,unsolicited,448,7,1225,C0|07|08|00|00|00|0E
1771337092.255,unsolicited,448,7,1225,C0|07|08|00|00|00|0E
1771337092.256,solicited,1219,,448,
1771337092.325,unsolicited,448,7,1219,C0|07|08|00|00|00|0E
1771337092.354,unsolicited,448,7,1219,C0|07|08|00|00|00|0E
1771337092.356,unsolicited,448,7,1219,C0|07|08|00|00|00|0E
1771337092.389,unsolicited,448,7,1219,C0|07|08|00|00|00|0E
1771337092.390,unsolicited,448,7,1219,C0|07|08|00|00|00|0E
1771337092.524,unsolicited,448,7,1219,C0|07|08|00|00|00|0E
1771337092.557,unsolicited,448,7,1219,C0|07|08|00|00|00|0E
1771337092.558,unsolicited,448,7,1219,C0|07|08|00|00|00|0E
1771337092.558,unsolicited,448,7,1219,C0|07|08|00|00|00|0E
1771337094.408,unsolicited,448,7,1219,C0|07|08|00|00|00|0E
1771337094.439,unsolicited,448,7,1219,C0|07|08|00|00|00|0E
1771337094.440,solicited,1221,,448,
1771337095.581,unsolicited,448,7,1221,C0|07|08|00|00|00|0E
1771337095.613,solicited,1182,,448,
1771337095.647,unsolicited,448,7,1182,C0|07|08|00|00|00|0E
1771337095.649,unsolicited,448,7,1182,C0|07|08|00|00|00|0E
1771337095.682,unsolicited,448,7,1182,C0|07|08|00|00|00|0E
1771337095.683,unsolicited,448,7,1182,C0|07|08|00|00|00|0E
1771337095.716,unsolicited,448,7,1182,C0|07|08|00|00|00|0E
1771337095.717,unsolicited,448,7,1182,C0|07|08|00|00|00|0E
1771337098.170,unsolicited,448,7,1182,C0|07|08|00|00|00|0E
1771337098.508,unsolicited,0,0,1182,C0|00|08|00|00|00|07
1771337099.047,unsolicited,0,0,1182,C0|00|08|00|00|00|07
1771337099.216,unsolicited,0,0,1182,C0|00|08|00|00|00|07
1771337099.757,unsolicited,0,0,1182,C0|00|08|00|00|00|07
1771337099.758,unsolicited,0,0,1182,C0|00|08|00|00|00|07
1771337099.792,unsolicited,0,0,1182,C0|00|08|00|00|00|07
1771337099.792,unsolicited,0,0,1182,C0|00|08|00|00|00|07
1771337099.824,unsolicited,0,0,1182,C0|00|08|00|00|00|07
1771337099.825,unsolicited,0,0,1182,C0|00|08|00|00|00|07
1771337099.826,solicited,116,,0,
1771337099.958,unsolicited,0,0,116,C0|00|08|00|00|00|07
1771337099.991,unsolicited,0,0,116,C0|00|08|00|00|00|07
1771337100.092,unsolicited,0,0,116,C0|00|08|00|00|00|07
1771337100.092,unsolicited,0,0,116,C0|00|08|00|00|00|07
1771337100.695,unsolicited,0,0,116,C0|00|08|00|00|00|07
1771337100.728,unsolicited,0,0,116,C0|00|08|00|00|00|07
1771337100.963,unsolicited,0,0,116,C0|00|08|00|00|00|07
1771337100.997,unsolicited,0,0,116,C0|00|08|00|00|00|07
1771337101.400,unsolicited,0,0,116,C0|00|08|00|00|00|07
1771337101.432,solicited,0,,0,
1771337101.602,unsolicited,0,0,0,C0|00|08|00|00|00|07
1771337101.603,unsolicited,0,0,0,C0|00|08|00|00|00|07
1771337101.635,unsolicited,0,0,0,C0|00|08|00|00|00|07
1771337101.702,unsolicited,0,0,0,C0|00|08|00|00|00|07
1771337101.735,unsolicited,0,0,0,C0|00|08|00|00|00|07
1771337101.769,unsolicited,0,0,0,C0|00|08|00|00|00|07
1771337101.770,unsolicited,0,0,0,C0|00|08|00|00|00|07
1771337101.804,unsolicited,0,0,0,C0|00|08|00|00|00|07
1771337101.938,solicited,0,,0,
1771337101.971,unsolicited,0,0,0,C0|00|08|00|00|00|07
1771337101.972,unsolicited,0,0,0,C0|00|08|00|00|00|07
1771337102.006,unsolicited,0,0,0,C0|00|08|00|00|00|07
1771337102.207,unsolicited,0,0,0,C0|00|08|00|00|00|07
1771337102.241,unsolicited,0,0,0,C0|00|08|00|00|00|07
1771337103.415,unsolicited,0,0,0,C0|00|08|00|00|00|07
1771337103.416,unsolicited,0,0,0,C0|00|08|00|00|00|07
1771337103.416,solicited,0,,0,
1771337103.449,unsolicited,0,0,0,C0|00|08|00|00|00|07
1771337103.483,unsolicited,0,0,0,C0|00|08|00|00|00|07
1771337103.684,unsolicited,0,0,0,C0|00|08|00|00|00|07
1771337105.432,unsolicited,0,0,0,C0|00|08|00|00|00|07
1771337105.432,unsolicited,0,0,0,C0|00|08|00|00|00|07
1771337105.464,solicited,0,,0,
1771337106.236,solicited,0,,0,
1771337106.237,unsolicited,0,0,0,C0|00|08|00|00|00|07
1771337106.474,unsolicited,0,0,0,C0|00|08|00|00|00|07
1771337106.541,unsolicited,0,0,0,C0|00|08|00|00|00|07
1771337107.078,unsolicited,0,0,0,C0|00|08|00|00|00|07
1771337107.079,unsolicited,0,0,0,C0|00|08|00|00|00|07
1771337107.146,unsolicited,0,0,0,C0|00|08|00|00|00|07
1771337107.147,unsolicited,0,0,0,C0|00|08|00|00|00|07
1771337107.147,unsolicited,0,0,0,C0|00|08|00|00|00|07
1771337107.148,unsolicited,0,0,0,C0|00|08|00|00|00|07
1771337107.180,unsolicited,0,0,0,C0|00|08|00|00|00|07
1771337107.214,unsolicited,0,0,0,C0|00|08|00|00|00|07
1771337107.215,solicited,0,,0,
1771337107.248,unsolicited,0,0,0,C0|00|08|00|00|00|07
1771337107.314,unsolicited,0,0,0,C0|00|08|00|00|00|07
1771337108.159,solicited,0,,0,
1771337108.227,unsolicited,0,0,0,C0|00|08|00|00|00|07
1771337108.259,unsolicited,0,0,0,C0|00|08|00|00|00|07
1771337108.260,unsolicited,0,0,0,C0|00|08|00|00|00|07
1771337108.260,unsolicited,0,0,0,C0|00|08|00|00|00|07
1771337108.562,unsolicited,0,0,0,C0|00|08|00|00|00|07
1771337109.236,solicited,0,,0,
1771337109.578,unsolicited,0,0,0,C0|00|08|00|00|00|07
1771337109.613,unsolicited,0,0,0,C0|00|08|00|00|00|07
1771337110.016,unsolicited,0,0,0,C0|00|08|00|00|00|07
1771337110.285,solicited,0,,0,
1771337110.318,unsolicited,0,0,0,C0|00|08|00|00|00|07
1771337110.351,unsolicited,0,0,0,C0|00|08|00|00|00|07
1771337110.352,unsolicited,0,0,0,C0|00|08|00|00|00|07
1771337110.352,unsolicited,0,0,0,C0|00|08|00|00|00|07
1771337110.587,unsolicited,0,0,0,C0|00|08|00|00|00|07
1771337112.170,unsolicited,0,0,0,C0|00|08|00|00|00|07
1771337112.171,unsolicited,0,0,0,C0|00|08|00|00|00|07
1771337112.204,unsolicited,0,0,0,C0|00|08|00|00|00|07
1771337112.205,unsolicited,0,0,0,C0|00|08|00|00|00|07
1771337112.237,unsolicited,0,0,0,C0|00|08|00|00|00|07
1771337112.238,unsolicited,0,0,0,C0|00|08|00|00|00|07
1771337112.339,solicited,0,,0,
1771337112.909,solicited,0,,0,
1771337113.445,unsolicited,0,0,0,C0|00|08|00|00|00|07
1771337113.479,solicited,0,,0,
1771337113.479,unsolicited,0,0,0,C0|00|08|00|00|00|07
1771337113.511,unsolicited,0,0,0,C0|00|08|00|00|00|07
1771337113.512,unsolicited,0,0,0,C0|00|08|00|00|00|07
1771337113.813,unsolicited,0,0,0,C0|00|08|00|00|00|07
1771337114.049,solicited,0,,0,
1771337114.152,unsolicited,0,0,0,C0|00|08|00|00|00|07
1771337114.321,unsolicited,0,0,0,C0|00|08|00|00|00|07
1771337114.354,unsolicited,0,0,0,C0|00|08|00|00|00|07
1771337114.622,solicited,0,,0,
1771337114.824,unsolicited,0,0,0,C0|00|08|00|00|00|07
1771337114.825,unsolicited,0,0,0,C0|00|08|00|00|00|07
1771337114.857,unsolicited,0,0,0,C0|00|08|00|00|00|07
1771337114.958,unsolicited,0,0,0,C0|00|08|00|00|00|07
1771337114.958,unsolicited,0,0,0,C0|00|08|00|00|00|07
1771337115.058,unsolicited,0,0,0,C0|00|08|00|00|00|07
1771337115.061,unsolicited,0,0,0,C0|00|08|00|00|00|07
1771337115.125,solicited,0,,0,
1771337115.125,unsolicited,0,0,0,C0|00|08|00|00|00|07
1771337115.633,unsolicited,0,0,0,C0|00|08|00|00|00|07
1771337115.667,solicited,0,,0,
1771337115.734,unsolicited,0,0,0,C0|00|08|00|00|00|07
1771337115.767,unsolicited,0,0,0,C0|00|08|00|00|00|07
1771337115.801,unsolicited,0,0,0,C0|00|08|00|00|00|07
1771337115.835,unsolicited,0,0,0,C0|00|08|00|00|00|07
1771337116.712,solicited,0,,0,
1771337116.912,unsolicited,0,0,0,C0|00|08|00|00|00|07
1771337117.012,unsolicited,0,0,0,C0|00|08|00|00|00|07
1771337117.113,unsolicited,0,0,0,C0|00|08|00|00|00|07
1771337117.213,solicited,0,,0,
1771337117.214,unsolicited,0,0,0,C0|00|08|00|00|00|07
1771337117.246,unsolicited,0,0,0,C0|00|08|00|00|00|07
1771337117.247,unsolicited,0,0,0,C0|00|08|00|00|00|07
1771337117.280,unsolicited,0,0,0,C0|00|08|00|00|00|07
1771337117.314,unsolicited,0,0,0,C0|00|08|00|00|00|07
1771337117.347,unsolicited,0,0,0,C0|00|08|00|00|00|07
1771337117.481,unsolicited,0,0,0,C0|00|08|00|00|00|07
1771337117.681,unsolicited,0,0,0,C0|00|08|00|00|00|07
1771337117.715,solicited,0,,0,
1771337117.716,unsolicited,0,0,0,C0|00|08|00|00|00|07
1771337117.852,unsolicited,0,0,0,C0|00|08|00|00|00|07
1771337117.951,unsolicited,0,0,0,C0|00|08|00|00|00|07
1771337117.984,unsolicited,0,0,0,C0|00|08|00|00|00|07
1771337117.985,unsolicited,0,0,0,C0|00|08|00|00|00|07
1771337118.119,unsolicited,0,0,0,C0|00|08|00|00|00|07
1771337118.221,solicited,0,,0,
1771337118.255,unsolicited,0,0,0,C0|00|08|00|00|00|07
1771337118.256,unsolicited,0,0,0,C0|00|08|00|00|00|07
1771337118.759,solicited,0,,0,
1771337118.760,unsolicited,0,0,0,C0|00|08|00|00|00|07
1771337118.761,unsolicited,0,0,0,C0|00|08|00|00|00|07
1771337118.895,unsolicited,0,0,0,C0|00|08|00|00|00|07
1771337118.927,unsolicited,0,0,0,C0|00|08|00|00|00|07
1771337119.163,unsolicited,0,0,0,C0|00|08|00|00|00|07
1771337119.196,unsolicited,0,0,0,C0|00|08|00|00|00|07
1771337119.294,solicited,0,,0,
1771337119.295,unsolicited,0,0,0,C0|00|08|00|00|00|07
1771337119.295,unsolicited,0,0,0,C0|00|08|00|00|00|07
1771337119.296,unsolicited,0,0,0,C0|00|08|00|00|00|07
1771337119.327,unsolicited,0,0,0,C0|00|08|00|00|00|07
1771337119.328,unsolicited,0,0,0,C0|00|08|00|00|00|07
1771337119.360,unsolicited,0,0,0,C0|00|08|00|00|00|07
1771337119.361,unsolicited,0,0,0,C0|00|08|00|00|00|07
1771337119.429,unsolicited,0,0,0,C0|00|08|00|00|00|07
1771337119.429,unsolicited,0,0,0,C0|00|08|00|00|00|07
1771337119.633,unsolicited,0,0,0,C0|00|08|00|00|00|07
1771337119.633,unsolicited,0,0,0,C0|00|08|00|00|00|07
1771337119.634,unsolicited,0,0,0,C0|00|08|00|00|00|07
1771337119.665,unsolicited,0,0,0,C0|00|08|00|00|00|07
1771337119.665,unsolicited,0,0,0,C0|00|08|00|00|00|07
1771337119.733,unsolicited,0,0,0,C0|00|08|00|00|00|07
1771337119.733,unsolicited,0,0,0,C0|00|08|00|00|00|07
1771337119.799,unsolicited,0,0,0,C0|00|08|00|00|00|07
1771337119.800,solicited,0,,0,
1771337119.833,unsolicited,0,0,0,C0|00|08|00|00|00|07
1771337121.550,unsolicited,0,0,0,C0|00|08|00|00|00|07
1771337122.019,unsolicited,0,0,0,C0|00|08|00|00|00|07
1771337122.053,unsolicited,0,0,0,C0|00|08|00|00|00|07
1771337122.054,unsolicited,0,0,0,C0|00|08|00|00|00|07
1771337122.088,unsolicited,0,0,0,C0|00|08|00|00|00|07
1771337122.122,unsolicited,0,0,0,C0|00|08|00|00|00|07
1771337122.156,solicited,0,,0,
1771337122.190,unsolicited,0,0,0,C0|00|08|00|00|00|07
1771337122.222,unsolicited,0,0,0,C0|00|08|00|00|00|07
1771337122.291,unsolicited,0,0,0,C0|00|08|00|00|00|07
1771337122.292,unsolicited,0,0,0,C0|00|08|00|00|00|07
1771337122.324,unsolicited,0,0,0,C0|00|08|00|00|00|07
1771337122.325,unsolicited,0,0,0,C0|00|08|00|00|00|07
1771337122.357,unsolicited,0,0,0,C0|00|08|00|00|00|07
1771337122.457,unsolicited,0,0,0,C0|00|08|00|00|00|07
1771337122.561,unsolicited,0,0,0,C0|00|08|00|00|00|07
1771337122.626,unsolicited,0,0,0,C0|00|08|00|00|00|07
1771337122.659,solicited,0,,0,
1771337122.861,unsolicited,0,0,0,C0|00|08|00|00|00|07
1771337122.929,unsolicited,0,0,0,C0|00|08|00|00|00|07
1771337122.930,unsolicited,0,0,0,C0|00|08|00|00|00|07
1771337122.962,unsolicited,0,0,0,C0|00|08|00|00|00|07
1771337123.064,unsolicited,0,0,0,C0|00|08|00|00|00|07
1771337123.064,unsolicited,0,0,0,C0|00|08|00|00|00|07
1771337123.065,unsolicited,0,0,0,C0|00|08|00|00|00|07
1771337123.165,solicited,0,,0,
1771337123.265,unsolicited,0,0,0,C0|00|08|00|00|00|07
1771337123.298,unsolicited,0,0,0,C0|00|08|00|00|00|07
1771337123.433,unsolicited,0,0,0,C0|00|08|00|00|00|07
1771337123.468,unsolicited,0,0,0,C0|00|08|00|00|00|07
1771337123.468,unsolicited,0,0,0,C0|00|08|00|00|00|07
1771337123.668,solicited,0,,0,
1771337123.669,unsolicited,0,0,0,C0|00|08|00|00|00|07
1771337123.702,unsolicited,0,0,0,C0|00|08|00|00|00|07
1771337123.703,unsolicited,0,0,0,C0|00|08|00|00|00|07
1771337123.703,unsolicited,0,0,0,C0|00|08|00|00|00|07
1771337123.735,unsolicited,0,0,0,C0|00|08|00|00|00|07
1771337123.737,unsolicited,0,0,0,C0|00|08|00|00|00|07
1771337123.769,unsolicited,0,0,0,C0|00|08|00|00|00|07
1771337124.069,unsolicited,0,0,0,C0|00|08|00|00|00|07
1771337124.103,unsolicited,0,0,0,C0|00|08|00|00|00|07
1771337124.103,unsolicited,0,0,0,C0|00|08|00|00|00|07
1771337124.172,unsolicited,0,0,0,C0|00|08|00|00|00|07
1771337124.172,solicited,0,,0,
1771337124.273,unsolicited,0,0,0,C0|00|08|00|00|00|07
1771337124.274,unsolicited,0,0,0,C0|00|08|00|00|00|07
1771337124.409,unsolicited,0,0,0,C0|00|08|00|00|00|07
1771337124.409,unsolicited,0,0,0,C0|00|08|00|00|00|07
1771337124.410,unsolicited,0,0,0,C0|00|08|00|00|00|07
1771337124.411,unsolicited,0,0,0,C0|00|08|00|00|00|07
1771337124.510,unsolicited,0,0,0,C0|00|08|00|00|00|07
1771337124.510,unsolicited,0,0,0,C0|00|08|00|00|00|07
1771337124.542,unsolicited,0,0,0,C0|00|08|00|00|00|07
1771337124.542,unsolicited,0,0,0,C0|00|08|00|00|00|07
1771337124.576,unsolicited,0,0,0,C0|00|08|00|00|00|07
1771337124.576,unsolicited,0,0,0,C0|00|08|00|00|00|07
1771337124.577,unsolicited,0,0,0,C0|00|08|00|00|00|07
1771337124.678,solicited,0,,0,
1771337125.049,unsolicited,0,0,0,C0|00|08|00|00|00|07
1771337125.083,unsolicited,0,0,0,C0|00|08|00|00|00|07
1771337125.116,unsolicited,0,0,0,C0|00|08|00|00|00|07
1771337125.116,unsolicited,0,0,0,C0|00|08|00|00|00|07
1771337125.216,solicited,0,,0,
1771337125.216,unsolicited,0,0,0,C0|00|08|00|00|00|07
1771337125.451,unsolicited,0,0,0,C0|00|08|00|00|00|07
1771337125.618,unsolicited,0,0,0,C0|00|08|00|00|00|07
1771337125.752,solicited,0,,0,
1771337126.254,unsolicited,0,0,0,C0|00|08|00|00|00|07
1771337126.287,solicited,0,,0,
1771337126.355,unsolicited,0,0,0,C8|00|08|00|00|00|0F
1771337126.356,unsolicited,0,0,0,C8|00|08|00|00|00|0F
1771337126.356,unsolicited,0,0,0,C8|00|08|01|00|00|10
1771337126.388,unsolicited,0,0,0,C8|00|08|01|00|00|10
1771337126.392,unsolicited,0,0,0,C8|00|08|01|00|00|10
1771337126.523,unsolicited,0,0,0,C8|00|08|03|00|00|12
1771337126.794,unsolicited,0,0,0,C8|00|08|07|00|00|16
1771337126.794,unsolicited,0,0,0,C8|00|08|07|00|00|16
1771337126.827,solicited,0,,0,
1771337126.830,unsolicited,0,0,0,C8|00|08|07|00|00|16
1771337127.061,unsolicited,0,0,0,C8|00|08|07|00|00|16
1771337127.062,unsolicited,0,0,0,C8|00|08|07|00|00|16
1771337127.197,unsolicited,0,0,0,C8|00|08|05|00|00|14
1771337127.227,unsolicited,0,0,0,C8|00|08|04|00|00|13
1771337128.172,unsolicited,0,0,0,C8|00|08|00|00|00|0F
1771337128.507,solicited,1345,,0,
1771337128.608,unsolicited,0,0,1345,C8|00|08|00|00|00|0F
1771337128.613,unsolicited,0,0,1345,C8|00|08|00|00|00|0F
1771337128.641,unsolicited,0,0,1345,C8|00|08|00|00|00|0F
1771337128.745,unsolicited,512,8,1345,C8|08|08|00|00|00|17
1771337128.878,unsolicited,512,8,1345,C8|08|08|00|00|00|17
1771337128.916,unsolicited,512,8,1345,C8|08|08|00|00|00|17
1771337129.348,unsolicited,512,8,1345,C8|08|08|00|00|00|17
1771337129.418,unsolicited,512,8,1345,C8|08|08|00|00|00|17
1771337130.056,unsolicited,512,8,1345,C0|08|08|00|00|00|0F
1771337130.056,solicited,1325,,512,
1771337130.456,unsolicited,448,7,1325,C0|07|08|00|00|00|0E
1771337130.728,solicited,1332,,448,
1771337131.568,solicited,1290,,448,
1771337131.638,unsolicited,448,7,1290,C0|07|08|00|00|00|0E
1771337131.906,unsolicited,448,7,1290,C0|07|08|00|00|00|0E
1771337131.939,unsolicited,448,7,1290,C0|07|08|00|00|00|0E
1771337131.940,unsolicited,448,7,1290,C0|07|08|00|00|00|0E
1771337132.109,unsolicited,448,7,1290,C0|07|08|00|00|00|0E
1771337132.110,solicited,1301,,448,
1771337132.243,unsolicited,448,7,1301,C0|07|08|00|00|00|0E
1771337132.346,unsolicited,448,7,1301,C0|07|08|00|00|00|0E
1771337132.347,unsolicited,448,7,1301,C0|07|08|00|00|00|0E
1771337132.382,unsolicited,448,7,1301,C0|07|08|00|00|00|0E
1771337132.382,unsolicited,448,7,1301,C0|07|08|00|00|00|0E
1771337132.383,unsolicited,448,7,1301,C0|07|08|00|00|00|0E
1771337132.413,unsolicited,448,7,1301,C0|07|08|00|00|00|0E
1771337132.480,unsolicited,448,7,1301,C0|07|08|00|00|00|0E
1771337132.816,solicited,1303,,448,
1771337132.882,unsolicited,448,7,1303,C0|07|08|00|00|00|0E
1771337132.984,unsolicited,448,7,1303,C0|07|08|00|00|00|0E
1771337133.052,unsolicited,448,7,1303,C0|07|08|00|00|00|0E
1771337133.053,unsolicited,448,7,1303,C0|07|08|00|00|00|0E
1771337133.084,unsolicited,448,7,1303,C0|07|08|00|00|00|0E
1771337133.084,unsolicited,448,7,1303,C0|07|08|00|00|00|0E
1771337133.352,solicited,1290,,448,
1771337133.452,unsolicited,448,7,1290,C0|07|08|00|00|00|0E
1771337133.484,unsolicited,448,7,1290,C0|07|08|00|00|00|0E
1771337133.484,unsolicited,448,7,1290,C0|07|08|00|00|00|0E
1771337133.485,unsolicited,448,7,1290,C0|07|08|00|00|00|0E
1771337133.655,unsolicited,448,7,1290,C0|07|08|00|00|00|0E
1771337133.820,unsolicited,448,7,1290,C0|07|08|00|00|00|0E
1771337133.821,unsolicited,448,7,1290,C0|07|08|00|00|00|0E
1771337133.821,unsolicited,448,7,1290,C0|07|08|00|00|00|0E
1771337133.853,solicited,1307,,448,
1771337133.887,unsolicited,448,7,1307,C0|07|08|00|00|00|0E
1771337134.157,unsolicited,448,7,1307,C0|07|08|00|00|00|0E
1771337134.191,unsolicited,448,7,1307,C0|07|08|00|00|00|0E
1771337134.225,unsolicited,448,7,1307,C0|07|08|00|00|00|0E
1771337134.226,unsolicited,448,7,1307,C0|07|08|00|00|00|0E
1771337134.226,unsolicited,448,7,1307,C0|07|08|00|00|00|0E
1771337134.259,unsolicited,448,7,1307,C0|07|08|00|00|00|0E
1771337134.260,unsolicited,448,7,1307,C0|07|08|00|00|00|0E
1771337134.261,unsolicited,448,7,1307,C0|07|08|00|00|00|0E
1771337134.360,solicited,1296,,448,
1771337134.865,solicited,1303,,448,
1771337134.899,unsolicited,448,7,1303,C0|07|08|00|00|00|0E
1771337134.964,unsolicited,448,7,1303,C0|07|08|00|00|00|0E
1771337135.096,unsolicited,448,7,1303,C0|07|08|00|00|00|0E
1771337135.096,unsolicited,448,7,1303,C0|07|08|00|00|00|0E
1771337135.195,unsolicited,448,7,1303,C0|07|08|00|00|00|0E
1771337135.196,unsolicited,448,7,1303,C0|07|08|00|00|00|0E
1771337135.367,unsolicited,448,7,1303,C0|07|08|00|00|00|0E
1771337135.367,unsolicited,448,7,1303,C0|07|08|00|00|00|0E
1771337135.398,unsolicited,448,7,1303,C0|07|08|00|00|00|0E
1771337135.399,solicited,1299,,448,
1771337135.467,unsolicited,448,7,1299,C0|07|08|00|00|00|0E
1771337135.905,unsolicited,448,7,1299,C0|07|08|00|00|00|0E
1771337135.937,unsolicited,448,7,1299,C0|07|08|00|00|00|0E
1771337135.940,unsolicited,448,7,1299,C0|07|08|00|00|00|0E
1771337135.941,solicited,1302,,448,
1771337136.072,unsolicited,448,7,1302,C0|07|08|00|00|00|0E
1771337136.108,unsolicited,448,7,1302,C0|07|08|00|00|00|0E
1771337136.108,unsolicited,448,7,1302,C0|07|08|00|00|00|0E
1771337136.138,unsolicited,448,7,1302,C0|07|08|00|00|00|0E
1771337136.205,unsolicited,448,7,1302,C0|07|08|00|00|00|0E
1771337136.272,unsolicited,448,7,1302,C0|07|08|00|00|00|0E
1771337136.440,unsolicited,448,7,1302,C0|07|08|00|00|00|0E
1771337136.441,unsolicited,448,7,1302,C0|07|08|00|00|00|0E
1771337136.442,unsolicited,448,7,1302,C0|07|08|00|00|00|0E
1771337136.674,unsolicited,448,7,1302,C0|07|08|00|00|00|0E
1771337136.976,solicited,1294,,448,
1771337136.977,unsolicited,448,7,1294,C0|07|08|00|00|00|0E
1771337137.244,unsolicited,448,7,1294,C0|07|08|00|00|00|0E
1771337137.345,unsolicited,448,7,1294,C0|07|08|00|00|00|0E
1771337137.380,unsolicited,448,7,1294,C0|07|08|00|00|00|0E
1771337137.649,solicited,1303,,448,
1771337137.751,unsolicited,448,7,1303,C0|07|08|00|00|00|0E
1771337137.853,unsolicited,448,7,1303,C0|07|08|00|00|00|0E
1771337137.888,unsolicited,448,7,1303,C0|07|08|00|00|00|0E
1771337137.989,unsolicited,448,7,1303,C0|07|08|00|00|00|0E
1771337138.192,unsolicited,448,7,1303,C0|07|08|00|00|00|0E
1771337138.193,unsolicited,448,7,1303,C0|07|08|00|00|00|0E
1771337139.638,solicited,1295,,448,
1771337140.947,unsolicited,448,7,1295,C0|07|08|00|00|00|0E
1771337140.980,solicited,1259,,448,
1771337142.694,solicited,1250,,448,
1771337144.816,unsolicited,448,7,1250,C0|07|08|00|00|00|0E
1771337144.817,unsolicited,448,7,1250,C0|07|08|00|00|00|0E
1771337144.849,solicited,1248,,448,
1771337144.952,unsolicited,448,7,1248,C0|07|08|00|00|00|0E
1771337144.984,unsolicited,448,7,1248,C0|07|08|00|00|00|0E
1771337145.251,unsolicited,448,7,1248,C0|07|08|00|00|00|0E
1771337147.001,unsolicited,448,7,1248,C0|07|08|00|00|00|0E
1771337147.034,solicited,1236,,448,
1771337147.167,unsolicited,448,7,1236,C0|07|08|00|00|00|0E
1771337147.406,unsolicited,448,7,1236,C0|07|08|00|00|00|0E
1771337147.538,solicited,1228,,448,
1771337147.670,unsolicited,448,7,1228,C0|07|08|00|00|00|0E
1771337147.671,unsolicited,448,7,1228,C0|07|08|00|00|00|0E
1771337147.704,unsolicited,448,7,1228,C0|07|08|00|00|00|0E
1771337147.704,unsolicited,448,7,1228,C0|07|08|00|00|00|0E
1771337147.738,unsolicited,448,7,1228,C0|07|08|00|00|00|0E
1771337147.739,unsolicited,448,7,1228,C0|07|08|00|00|00|0E
1771337147.971,unsolicited,448,7,1228,C0|07|08|00|00|00|0E
1771337148.004,unsolicited,448,7,1228,C0|07|08|00|00|00|0E
1771337148.005,unsolicited,448,7,1228,C0|07|08|00|00|00|0E
1771337148.038,unsolicited,448,7,1228,C0|07|08|00|00|00|0E
1771337148.342,unsolicited,448,7,1228,C0|07|08|00|00|00|0E
1771337148.376,unsolicited,448,7,1228,C0|07|08|00|00|00|0E
1771337148.377,unsolicited,448,7,1228,C0|07|08|00|00|00|0E
1771337148.479,unsolicited,448,7,1228,C0|07|08|00|00|00|0E
1771337148.511,unsolicited,448,7,1228,C0|07|08|00|00|00|0E
1771337148.545,unsolicited,448,7,1228,C0|07|08|00|00|00|0E
1771337148.681,solicited,1241,,448,
1771337148.714,unsolicited,448,7,1241,C0|07|08|00|00|00|0E
1771337148.746,unsolicited,448,7,1241,C0|07|08|00|00|00|0E
1771337148.814,unsolicited,448,7,1241,C0|07|08|00|00|00|0E
1771337148.815,unsolicited,448,7,1241,C0|07|08|00|00|00|0E
1771337148.849,unsolicited,384,6,1241,C0|06|08|00|00|00|0D
1771337148.882,unsolicited,384,6,1241,C0|06|08|00|00|00|0D
1771337149.048,unsolicited,384,6,1241,C0|06|08|00|00|00|0D
1771337149.084,unsolicited,384,6,1241,C0|06|08|00|00|00|0D
1771337149.218,unsolicited,384,6,1241,C0|06|08|00|00|00|0D
1771337149.218,unsolicited,384,6,1241,C0|06|08|00|00|00|0D
1771337149.219,solicited,1216,,384,
1771337149.487,unsolicited,384,6,1216,C0|06|08|00|00|00|0D
1771337149.657,unsolicited,384,6,1216,C0|06|08|00|00|00|0D
1771337149.658,unsolicited,384,6,1216,C0|06|08|00|00|00|0D
1771337149.692,unsolicited,384,6,1216,C0|06|08|00|00|00|0D
1771337149.693,unsolicited,384,6,1216,C0|06|08|00|00|00|0D
1771337149.795,unsolicited,384,6,1216,C0|06|08|00|00|00|0D
1771337150.135,unsolicited,384,6,1216,C0|06|08|00|00|00|0D
1771337150.199,unsolicited,384,6,1216,C0|06|08|00|00|00|0D
1771337150.371,unsolicited,384,6,1216,C0|06|08|00|00|00|0D
1771337150.402,solicited,1277,,384,
1771337150.469,unsolicited,384,6,1277,C0|06|08|00|00|00|0D
1771337150.470,unsolicited,384,6,1277,C0|06|08|00|00|00|0D
1771337150.470,unsolicited,384,6,1277,C0|06|08|00|00|00|0D
1771337150.502,unsolicited,384,6,1277,C0|06|08|00|00|00|0D
1771337150.503,unsolicited,384,6,1277,C0|06|08|00|00|00|0D
1771337150.771,unsolicited,384,6,1277,C0|06|08|00|00|00|0D
1771337150.875,unsolicited,384,6,1277,C0|06|08|00|00|00|0D
1771337151.816,unsolicited,384,6,1277,C0|06|08|00|00|00|0D
1771337151.817,unsolicited,384,6,1277,C0|06|08|00|00|00|0D
1771337151.853,unsolicited,384,6,1277,C0|06|08|00|00|00|0D
1771337151.951,unsolicited,384,6,1277,C0|06|08|00|00|00|0D
1771337151.952,unsolicited,384,6,1277,C0|06|08|00|00|00|0D
1771337151.987,unsolicited,384,6,1277,C0|06|08|00|00|00|0D
1771337152.050,solicited,1221,,384,
1771337152.185,unsolicited,384,6,1221,C0|06|08|00|00|00|0D
1771337152.186,unsolicited,384,6,1221,C0|06|08|00|00|00|0D
1771337152.219,unsolicited,384,6,1221,C0|06|08|00|00|00|0D
1771337152.220,unsolicited,384,6,1221,C0|06|08|00|00|00|0D
1771337152.220,unsolicited,384,6,1221,C0|06|08|00|00|00|0D
1771337152.253,unsolicited,384,6,1221,C0|06|08|00|00|00|0D
1771337152.254,unsolicited,384,6,1221,C0|06|08|00|00|00|0D
1771337152.287,unsolicited,384,6,1221,C0|06|08|00|00|00|0D
1771337152.423,unsolicited,384,6,1221,C0|06|08|00|00|00|0D
1771337152.593,solicited,1223,,384,
1771337152.728,unsolicited,384,6,1223,C0|06|08|00|00|00|0D
1771337152.729,unsolicited,384,6,1223,C0|06|08|00|00|00|0D
1771337152.729,unsolicited,384,6,1223,C0|06|08|00|00|00|0D
1771337152.761,unsolicited,384,6,1223,C0|06|08|00|00|00|0D
1771337153.464,solicited,1224,,384,
1771337153.836,unsolicited,384,6,1224,C0|06|08|00|00|00|0D
1771337153.868,unsolicited,384,6,1224,C0|06|08|00|00|00|0D
1771337153.904,unsolicited,384,6,1224,C0|06|08|00|00|00|0D
1771337153.968,unsolicited,384,6,1224,C0|06|08|00|00|00|0D
1771337153.968,solicited,1227,,384,
1771337154.207,unsolicited,384,6,1227,C0|06|08|00|00|00|0D
1771337154.239,unsolicited,384,6,1227,C0|06|08|00|00|00|0D
1771337154.240,unsolicited,384,6,1227,C0|06|08|00|00|00|0D
1771337154.338,unsolicited,384,6,1227,C0|06|08|00|00|00|0D
1771337154.439,unsolicited,384,6,1227,C0|06|08|00|00|00|0D
1771337154.440,unsolicited,384,6,1227,C0|06|08|00|00|00|0D
1771337154.443,unsolicited,384,6,1227,C0|06|08|00|00|00|0D
1771337154.444,unsolicited,384,6,1227,C0|06|08|00|00|00|0D
1771337154.473,unsolicited,384,6,1227,C0|06|08|00|00|00|0D
1771337154.474,unsolicited,384,6,1227,C0|06|08|00|00|00|0D
1771337154.474,solicited,1225,,384,
1771337154.643,unsolicited,384,6,1225,C0|06|08|00|00|00|0D
1771337154.675,unsolicited,384,6,1225,C0|06|08|00|00|00|0D
1771337154.708,unsolicited,384,6,1225,C0|06|08|00|00|00|0D
1771337154.846,unsolicited,384,6,1225,C0|06|08|00|00|00|0D
1771337156.185,solicited,1213,,384,
1771337156.218,unsolicited,384,6,1213,C0|06|08|00|00|00|0D
1771337156.251,unsolicited,384,6,1213,C0|06|08|00|00|00|0D
1771337156.452,unsolicited,384,6,1213,C0|06|08|00|00|00|0D
1771337157.222,solicited,1177,,384,
1771337157.290,unsolicited,384,6,1177,C0|06|08|00|00|00|0D
1771337157.291,unsolicited,384,6,1177,C0|06|08|00|00|00|0D
1771337157.460,unsolicited,384,6,1177,C0|06|08|00|00|00|0D
1771337158.096,unsolicited,384,6,1177,C0|06|08|00|00|00|0D
1771337158.096,solicited,1229,,384,
1771337158.163,unsolicited,384,6,1229,C0|06|08|00|00|00|0D
1771337158.197,unsolicited,384,6,1229,C0|06|08|00|00|00|0D
1771337158.198,unsolicited,384,6,1229,C0|06|08|00|00|00|0D
1771337158.231,unsolicited,0,0,1229,C0|00|08|00|00|00|07
1771337158.566,unsolicited,0,0,1229,C0|00|08|00|00|00|07
1771337158.633,solicited,1206,,0,
1771337160.929,solicited,0,,0,
1771337161.027,unsolicited,0,0,0,C0|00|08|00|00|00|07
1771337161.033,unsolicited,0,0,0,C0|00|08|00|00|00|07
1771337161.398,unsolicited,0,0,0,C0|00|08|00|00|00|07
1771337162.368,unsolicited,0,0,0,C0|00|08|00|00|00|07
1771337162.369,unsolicited,0,0,0,C0|00|08|00|00|00|07
1771337162.402,unsolicited,0,0,0,C0|00|08|00|00|00|07
1771337162.436,unsolicited,0,0,0,C0|00|08|00|00|00|07
1771337162.472,unsolicited,0,0,0,C0|00|08|00|00|00|07
1771337162.571,unsolicited,0,0,0,C0|00|08|00|00|00|07
1771337162.638,solicited,0,,0,
1771337162.772,unsolicited,0,0,0,C0|00|08|00|00|00|07
1771337162.805,unsolicited,0,0,0,C0|00|08|00|00|00|07
1771337162.840,unsolicited,0,0,0,C0|00|08|00|00|00|07
1771337163.042,unsolicited,0,0,0,C0|00|08|00|00|00|07
1771337163.042,unsolicited,0,0,0,C0|00|08|00|00|00|07
1771337163.075,unsolicited,0,0,0,C0|00|08|00|00|00|07
1771337165.763,solicited,0,,0,
1771337165.830,unsolicited,0,0,0,C0|00|08|00|00|00|07
1771337165.863,unsolicited,0,0,0,C0|00|08|00|00|00|07
1771337166.131,unsolicited,0,0,0,C0|00|08|00|00|00|07
1771337166.132,unsolicited,0,0,0,C0|00|08|00|00|00|07
1771337166.203,unsolicited,0,0,0,C0|00|08|00|00|00|07
1771337166.268,solicited,0,,0,
1771337166.603,unsolicited,0,0,0,C0|00|08|00|00|00|07
1771337166.604,unsolicited,0,0,0,C0|00|08|00|00|00|07
1771337166.605,unsolicited,0,0,0,C0|00|08|00|00|00|07
1771337166.670,unsolicited,0,0,0,C0|00|08|00|00|00|07
1771337166.873,solicited,0,,0,
1771337167.040,unsolicited,0,0,0,C0|00|08|00|00|00|07
1771337167.041,unsolicited,0,0,0,C0|00|08|00|00|00|07
1771337167.074,unsolicited,0,0,0,C0|00|08|00|00|00|07
1771337167.074,unsolicited,0,0,0,C0|00|08|00|00|00|07
1771337167.107,unsolicited,0,0,0,C0|00|08|00|00|00|07
1771337167.108,unsolicited,0,0,0,C0|00|08|00|00|00|07
1771337167.141,unsolicited,0,0,0,C0|00|08|00|00|00|07
1771337167.142,unsolicited,0,0,0,C0|00|08|00|00|00|07
1771337167.176,unsolicited,0,0,0,C0|00|08|00|00|00|07
1771337168.924,solicited,0,,0,
1771337168.957,unsolicited,0,0,0,C0|00|08|00|00|00|07
1771337170.137,solicited,0,,0,
1771337170.879,unsolicited,0,0,0,C0|00|08|00|00|00|07
1771337170.880,solicited,0,,0,
1771337170.913,unsolicited,0,0,0,C0|00|08|00|00|00|07
1771337171.213,unsolicited,0,0,0,C0|00|08|00|00|00|07
1771337171.247,unsolicited,0,0,0,C0|00|08|00|00|00|07
1771337171.247,unsolicited,0,0,0,C0|00|08|00|00|00|07
1771337171.382,unsolicited,0,0,0,C0|00|08|00|00|00|07
1771337171.415,solicited,0,,0,
1771337171.416,unsolicited,0,0,0,C0|00|08|00|00|00|07
1771337171.482,unsolicited,0,0,0,C0|00|08|00|00|00|07
1771337171.617,unsolicited,0,0,0,C0|00|08|00|00|00|07
1771337171.618,unsolicited,0,0,0,C0|00|08|00|00|00|07
1771337171.618,unsolicited,0,0,0,C0|00|08|00|00|00|07
1771337171.619,unsolicited,0,0,0,C0|00|08|00|00|00|07
1771337171.619,unsolicited,0,0,0,C0|00|08|00|00|00|07
1771337171.651,unsolicited,0,0,0,C0|00|08|00|00|00|07
1771337171.652,unsolicited,0,0,0,C0|00|08|00|00|00|07
1771337171.652,unsolicited,0,0,0,C0|00|08|00|00|00|07
1771337171.854,unsolicited,0,0,0,C0|00|08|00|00|00|07
1771337171.888,unsolicited,0,0,0,C0|00|08|00|00|00|07
1771337171.890,unsolicited,0,0,0,C0|00|08|00|00|00|07
1771337171.955,unsolicited,0,0,0,C0|00|08|00|00|00|07
1771337171.988,solicited,0,,0,
1771337172.427,unsolicited,0,0,0,C0|00|08|00|00|00|07
1771337172.428,unsolicited,0,0,0,C0|00|08|00|00|00|07
1771337172.429,unsolicited,0,0,0,C0|00|08|00|00|00|07
1771337172.460,unsolicited,0,0,0,C0|00|08|00|00|00|07
1771337172.862,unsolicited,0,0,0,C0|00|08|00|00|00|07
1771337172.896,solicited,0,,0,
1771337172.963,unsolicited,0,0,0,C0|00|08|00|00|00|07
1771337172.963,unsolicited,0,0,0,C0|00|08|00|00|00|07
1771337173.165,unsolicited,0,0,0,C0|00|08|00|00|00|07
1771337174.442,unsolicited,0,0,0,C0|00|08|00|00|00|07
1771337174.442,unsolicited,0,0,0,C0|00|08|00|00|00|07
1771337174.443,unsolicited,0,0,0,C0|00|08|00|00|00|07
1771337174.474,unsolicited,0,0,0,C0|00|08|00|00|00|07
1771337174.475,solicited,0,,0,
1771337174.511,unsolicited,0,0,0,C0|00|08|00|00|00|07
1771337174.847,unsolicited,0,0,0,C0|00|08|00|00|00|07
1771337174.881,unsolicited,0,0,0,C0|00|08|00|00|00|07
1771337174.914,unsolicited,0,0,0,C0|00|08|00|00|00|07
1771337175.015,solicited,0,,0,
1771337175.320,unsolicited,0,0,0,C0|00|08|00|00|00|07
1771337175.352,unsolicited,0,0,0,C0|00|08|00|00|00|07
1771337175.353,unsolicited,0,0,0,C0|00|08|00|00|00|07
1771337175.385,unsolicited,0,0,0,C0|00|08|00|00|00|07
1771337175.386,unsolicited,0,0,0,C0|00|08|00|00|00|07
1771337175.387,unsolicited,0,0,0,C0|00|08|00|00|00|07
1771337175.388,unsolicited,0,0,0,C0|00|08|00|00|00|07
1771337175.519,solicited,0,,0,
1771337175.655,unsolicited,0,0,0,C0|00|08|00|00|00|07
1771337175.687,unsolicited,0,0,0,C0|00|08|00|00|00|07
1771337175.688,unsolicited,0,0,0,C0|00|08|00|00|00|07
1771337175.689,unsolicited,0,0,0,C0|00|08|00|00|00|07
1771337175.720,unsolicited,0,0,0,C0|00|08|00|00|00|07
1771337175.754,unsolicited,0,0,0,C0|00|08|00|00|00|07
1771337175.754,unsolicited,0,0,0,C0|00|08|00|00|00|07
1771337175.956,unsolicited,0,0,0,C0|00|08|00|00|00|07
1771337175.956,unsolicited,0,0,0,C0|00|08|00|00|00|07
1771337175.989,unsolicited,0,0,0,C0|00|08|00|00|00|07
1771337175.990,unsolicited,0,0,0,C0|00|08|00|00|00|07
1771337175.990,unsolicited,0,0,0,C0|00|08|00|00|00|07
1771337176.425,unsolicited,0,0,0,C0|00|08|00|00|00|07
1771337176.426,unsolicited,0,0,0,C0|00|08|00|00|00|07
1771337176.459,unsolicited,0,0,0,C0|00|08|00|00|00|07
1771337176.557,solicited,0,,0,
1771337176.624,unsolicited,0,0,0,C0|00|08|00|00|00|07
1771337176.625,unsolicited,0,0,0,C0|00|08|00|00|00|07
1771337176.625,unsolicited,0,0,0,C0|00|08|00|00|00|07
1771337176.690,unsolicited,0,0,0,C0|00|08|00|00|00|07
1771337176.691,unsolicited,0,0,0,C0|00|08|00|00|00|07
1771337176.961,unsolicited,0,0,0,C0|00|08|00|00|00|07
1771337176.992,unsolicited,0,0,0,C0|00|08|00|00|00|07
1771337176.996,unsolicited,0,0,0,C0|00|08|00|00|00|07
1771337177.127,solicited,0,,0,
1771337177.432,unsolicited,0,0,0,C0|00|08|00|00|00|07
1771337177.466,unsolicited,0,0,0,C0|00|08|00|00|00|07
1771337177.801,solicited,0,,0,
1771337177.802,unsolicited,0,0,0,C0|00|08|00|00|00|07
1771337177.835,unsolicited,0,0,0,C0|00|08|00|00|00|07
1771337177.836,unsolicited,0,0,0,C0|00|08|00|00|00|07
1771337177.868,unsolicited,0,0,0,C0|00|08|00|00|00|07
1771337177.868,unsolicited,0,0,0,C0|00|08|00|00|00|07
1771337177.869,unsolicited,0,0,0,C0|00|08|00|00|00|07
1771337177.900,unsolicited,0,0,0,C0|00|08|00|00|00|07
1771337177.901,unsolicited,0,0,0,C0|00|08|00|00|00|07
1771337177.934,unsolicited,0,0,0,C0|00|08|00|00|00|07
1771337177.934,unsolicited,0,0,0,C0|00|08|00|00|00|07
1771337177.967,unsolicited,0,0,0,C0|00|08|00|00|00|07
1771337178.035,unsolicited,0,0,0,C0|00|08|00|00|00|07
1771337178.069,unsolicited,0,0,0,C0|00|08|00|00|00|07
1771337178.103,unsolicited,0,0,0,C0|00|08|00|00|00|07
1771337178.137,unsolicited,0,0,0,C0|00|08|00|00|00|07
1771337178.171,unsolicited,0,0,0,C0|00|08|00|00|00|07
1771337178.306,solicited,0,,0,
1771337178.374,unsolicited,0,0,0,C0|00|08|00|00|00|07
1771337178.407,unsolicited,0,0,0,C0|00|08|00|00|00|07
1771337178.409,unsolicited,0,0,0,C0|00|08|00|00|00|07
1771337178.409,unsolicited,0,0,0,C0|00|08|00|00|00|07
1771337178.474,unsolicited,0,0,0,C0|00|08|00|00|00|07
1771337178.541,unsolicited,0,0,0,C0|00|08|00|00|00|07
1771337178.645,unsolicited,0,0,0,C0|00|08|00|00|00|07
1771337178.646,unsolicited,0,0,0,C0|00|08|00|00|00|07
1771337178.843,solicited,0,,0,
1771337178.844,unsolicited,0,0,0,C0|00|08|00|00|00|07
1771337178.877,unsolicited,0,0,0,C0|00|08|00|00|00|07
1771337178.911,unsolicited,0,0,0,C0|00|08|00|00|00|07
1771337178.912,unsolicited,0,0,0,C0|00|08|00|00|00|07
1771337178.945,unsolicited,0,0,0,C0|00|08|00|00|00|07
1771337179.045,unsolicited,0,0,0,C0|00|08|00|00|00|07
1771337179.046,unsolicited,0,0,0,C0|00|08|00|00|00|07
1771337179.079,unsolicited,0,0,0,C0|00|08|00|00|00|07
1771337179.112,unsolicited,0,0,0,C0|00|08|00|00|00|07
1771337179.113,unsolicited,0,0,0,C0|00|08|00|00|00|07
1771337179.114,unsolicited,0,0,0,C0|00|08|00|00|00|07
1771337179.145,unsolicited,0,0,0,C0|00|08|00|00|00|07
1771337179.145,unsolicited,0,0,0,C0|00|08|00|00|00|07
1771337179.178,unsolicited,0,0,0,C0|00|08|00|00|00|07
1771337179.180,unsolicited,0,0,0,C0|00|08|00|00|00|07
1771337179.212,unsolicited,0,0,0,C0|00|08|00|00|00|07
1771337179.213,unsolicited,0,0,0,C0|00|08|00|00|00|07
1771337179.246,unsolicited,0,0,0,C0|00|08|00|00|00|07
1771337179.447,unsolicited,0,0,0,C0|00|08|00|00|00|07
1771337179.855,unsolicited,0,0,0,C0|00|08|00|00|00|07
1771337180.019,solicited,0,,0,
1771337180.154,unsolicited,0,0,0,C0|00|08|00|00|00|07
1771337180.187,unsolicited,0,0,0,C0|00|08|00|00|00|07
1771337180.221,unsolicited,0,0,0,C0|00|08|00|00|00|07
1771337180.222,unsolicited,0,0,0,C0|00|08|00|00|00|07
1771337180.289,unsolicited,0,0,0,C0|00|08|00|00|00|07
1771337180.323,unsolicited,0,0,0,C0|00|08|00|00|00|07
1771337180.324,unsolicited,0,0,0,C0|00|08|00|00|00|07
1771337180.356,unsolicited,0,0,0,C0|00|08|00|00|00|07
1771337180.356,unsolicited,0,0,0,C0|00|08|00|00|00|07
1771337180.423,unsolicited,0,0,0,C0|00|08|00|00|00|07
1771337180.458,unsolicited,0,0,0,C0|00|08|00|00|00|07
1771337180.458,unsolicited,0,0,0,C0|00|08|00|00|00|07
1771337180.491,unsolicited,0,0,0,C0|00|08|00|00|00|07
1771337180.524,solicited,0,,0,
1771337180.962,unsolicited,0,0,0,C0|00|08|00|00|00|07
1771337180.996,unsolicited,0,0,0,C0|00|08|00|00|00|07
1771337180.997,unsolicited,0,0,0,C0|00|08|00|00|00|07
1771337181.031,solicited,0,,0,
1771337181.233,unsolicited,0,0,0,C0|00|08|00|00|00|07
1771337181.466,unsolicited,0,0,0,C0|00|08|00|00|00|07
1771337181.467,unsolicited,0,0,0,C0|00|08|00|00|00|07
1771337181.534,unsolicited,0,0,0,C0|00|08|00|00|00|07
1771337181.568,solicited,0,,0,
1771337181.569,unsolicited,0,0,0,C0|00|08|00|00|00|07
1771337181.602,unsolicited,0,0,0,C0|00|08|00|00|00|07
1771337181.635,unsolicited,0,0,0,C0|00|08|00|00|00|07
1771337181.669,unsolicited,0,0,0,C0|00|08|00|00|00|07
1771337181.670,unsolicited,0,0,0,C0|00|08|00|00|00|07
1771337181.703,unsolicited,0,0,0,C0|00|08|00|00|00|07
1771337181.736,unsolicited,0,0,0,C0|00|08|00|00|00|07
1771337183.455,unsolicited,0,0,0,C0|00|08|00|00|00|07
1771337183.488,solicited,0,,0,
1771337183.489,unsolicited,0,0,0,C0|00|08|00|00|00|07
1771337184.395,solicited,0,,0,
1771337184.529,unsolicited,0,0,0,C0|00|08|00|00|00|07
1771337184.530,unsolicited,0,0,0,C0|00|08|00|00|00|07
1771337184.696,unsolicited,0,0,0,C0|00|08|00|00|00|07
1771337184.863,unsolicited,0,0,0,C0|00|08|00|00|00|07
1771337184.928,unsolicited,0,0,0,C0|00|08|00|00|00|07
1771337184.961,unsolicited,0,0,0,C0|00|08|00|00|00|07
1771337184.995,solicited,0,,0,
1771337185.030,unsolicited,0,0,0,C0|00|08|00|00|00|07
1771337185.195,unsolicited,0,0,0,C0|00|08|00|00|00|07
1771337185.229,unsolicited,0,0,0,C0|00|08|00|00|00|07
1771337185.230,unsolicited,0,0,0,C0|00|08|00|00|00|07
1771337185.231,unsolicited,0,0,0,C0|00|08|00|00|00|07
1771337185.263,unsolicited,0,0,0,C0|00|08|00|00|00|07
1771337185.500,unsolicited,0,0,0,C0|00|08|00|00|00|07
1771337185.532,unsolicited,0,0,0,C0|00|08|00|00|00|07
1771337185.946,unsolicited,0,0,0,C0|00|08|00|00|00|07
1771337186.649,solicited,0,,0,
1771337186.649,unsolicited,0,0,0,C8|00|08|07|00|00|16
1771337186.681,unsolicited,0,0,0,C8|00|08|07|00|00|16
1771337186.682,unsolicited,0,0,0,C8|00|08|07|00|00|16
1771337186.683,unsolicited,0,0,0,C8|00|08|07|00|00|16
1771337186.715,unsolicited,0,0,0,C8|00|08|07|00|00|16
1771337186.718,unsolicited,0,0,0,C8|00|08|07|00|00|16
1771337186.749,unsolicited,0,0,0,C8|00|08|07|00|00|16
1771337187.149,unsolicited,0,0,0,C8|00|08|03|00|00|12
1771337187.181,solicited,1114,,0,
1771337187.317,unsolicited,0,0,1114,C8|00|08|01|00|00|10
1771337187.323,unsolicited,0,0,1114,C8|00|08|01|00|00|10
1771337187.323,unsolicited,0,0,1114,C8|00|08|01|00|00|10
1771337187.484,unsolicited,0,0,1114,C8|00|08|00|00|00|0F
1771337187.517,unsolicited,0,0,1114,C8|00|08|00|00|00|0F
1771337187.583,unsolicited,0,0,1114,C8|00|08|00|00|00|0F
1771337188.290,solicited,1371,,0,
1771337188.324,unsolicited,0,0,1371,C8|00|08|00|00|00|0F
1771337189.133,solicited,1132,,0,
1771337189.136,unsolicited,0,0,1132,C8|00|08|00|00|00|0F
1771337190.034,solicited,1230,,0,
1771337190.068,unsolicited,0,0,1230,C0|00|08|00|00|00|07
1771337190.071,unsolicited,0,0,1230,C0|00|08|00|00|00|07
1771337190.404,unsolicited,0,0,1230,C0|00|08|00|00|00|07
1771337190.408,unsolicited,0,0,1230,C0|00|08|00|00|00|07
1771337191.781,solicited,1318,,0,
1771337191.783,unsolicited,0,0,1318,C0|00|08|00|00|00|07
1771337191.787,unsolicited,0,0,1318,C0|00|08|00|00|00|07
1771337193.102,unsolicited,0,0,1318,C0|00|08|00|00|00|07
1771337193.133,solicited,1353,,0,
1771337193.641,unsolicited,0,0,1353,C0|00|08|00|00|00|07
1771337193.646,unsolicited,0,0,1353,C0|00|08|00|00|00|07
1771337193.675,unsolicited,0,0,1353,C0|00|08|00|00|00|07
1771337193.675,solicited,1352,,0,
1771337193.843,unsolicited,0,0,1352,C0|00|08|00|00|00|07
1771337193.977,unsolicited,0,0,1352,C0|00|08|00|00|00|07
1771337194.011,unsolicited,0,0,1352,C0|00|08|00|00|00|07
1771337194.011,unsolicited,0,0,1352,C0|00|08|00|00|00|07
1771337194.045,unsolicited,0,0,1352,C0|00|08|00|00|00|07
1771337194.148,unsolicited,0,0,1352,C0|00|08|00|00|00|07
1771337194.182,solicited,1336,,0,
1771337194.382,unsolicited,0,0,1336,C0|00|08|00|00|00|07
1771337194.389,unsolicited,0,0,1336,C0|00|08|00|00|00|07
1771337194.416,unsolicited,0,0,1336,C0|00|08|00|00|00|07
1771337194.417,unsolicited,0,0,1336,C0|00|08|00|00|00|07
1771337194.584,unsolicited,0,0,1336,C0|00|08|00|00|00|07
1771337194.720,solicited,1318,,0,
1771337194.722,unsolicited,0,0,1318,C0|00|08|00|00|00|07
1771337195.053,unsolicited,0,0,1318,C0|00|08|00|00|00|07
1771337195.086,unsolicited,0,0,1318,C0|00|08|00|00|00|07
1771337195.086,unsolicited,0,0,1318,C0|00|08|00|00|00|07
1771337195.087,unsolicited,0,0,1318,C0|00|08|00|00|00|07
1771337195.120,unsolicited,0,0,1318,C0|00|08|00|00|00|07
1771337195.121,unsolicited,0,0,1318,C0|00|08|00|00|00|07
1771337195.254,solicited,1309,,0,
1771337195.423,unsolicited,0,0,1309,C0|00|08|00|00|00|07
1771337195.759,unsolicited,0,0,1309,C0|00|08|00|00|00|07
1771337195.793,unsolicited,0,0,1309,C0|00|08|00|00|00|07
1771337195.794,solicited,1295,,0,
1771337198.111,solicited,1310,,0,
1771337198.210,unsolicited,0,0,1310,C0|00|08|00|00|00|07
1771337198.512,unsolicited,0,0,1310,C0|00|08|00|00|00|07
1771337198.512,unsolicited,0,0,1310,C0|00|08|00|00|00|07
1771337198.513,unsolicited,0,0,1310,C0|00|08|00|00|00|07
1771337198.749,solicited,1318,,0,
1771337198.988,unsolicited,0,0,1318,C0|00|08|00|00|00|07
1771337198.991,unsolicited,0,0,1318,C0|00|08|00|00|00|07
1771337199.019,unsolicited,0,0,1318,C0|00|08|00|00|00|07
1771337199.120,unsolicited,0,0,1318,C0|00|08|00|00|00|07
1771337199.254,unsolicited,0,0,1318,C0|00|08|00|00|00|07
1771337199.254,unsolicited,0,0,1318,C0|00|08|00|00|00|07
1771337199.287,solicited,1321,,0,
1771337199.423,unsolicited,0,0,1321,C0|00|08|00|00|00|07
1771337200.332,unsolicited,0,0,1321,C0|00|08|00|00|00|07
1771337200.367,solicited,1300,,0,
1771337200.373,unsolicited,0,0,1300,C0|00|08|00|00|00|07
1771337200.401,unsolicited,0,0,1300,C0|00|08|00|00|00|07
1771337200.402,unsolicited,0,0,1300,C0|00|08|00|00|00|07
1771337200.909,unsolicited,0,0,1300,C0|00|08|00|00|00|07
1771337200.942,solicited,1298,,0,
1771337201.245,unsolicited,0,0,1298,C0|00|08|00|00|00|07
1771337201.445,solicited,1304,,0,
1771337201.678,unsolicited,0,0,1304,C0|00|08|00|00|00|07
1771337203.156,unsolicited,0,0,1304,C0|00|08|00|00|00|07
1771337203.189,solicited,1290,,0,
1771337203.492,unsolicited,0,0,1290,C0|00|08|00|00|00|07
1771337203.525,unsolicited,0,0,1290,C0|00|08|00|00|00|07
1771337204.936,unsolicited,0,0,1290,C0|00|08|00|00|00|07
1771337205.204,unsolicited,0,0,1290,C0|00|08|00|00|00|07
1771337205.845,unsolicited,0,0,1290,C0|00|08|00|00|00|07
1771337209.134,unsolicited,0,0,1290,C0|00|08|00|00|00|07
1771337209.135,unsolicited,0,0,1290,C0|00|08|00|00|00|07
1771337209.168,unsolicited,0,0,1290,C0|00|08|00|00|00|07
1771337209.169,unsolicited,0,0,1290,C0|00|08|00|00|00|07
1771337209.169,solicited,1260,,0,
1771337209.505,unsolicited,0,0,1260,C0|00|08|00|00|00|07
1771337210.313,solicited,1253,,0,
1771337210.582,unsolicited,0,0,1253,C0|00|08|00|00|00|07
1771337210.746,unsolicited,0,0,1253,C0|00|08|00|00|00|07
1771337210.779,unsolicited,0,0,1253,C0|00|08|00|00|00|07
1771337210.812,unsolicited,0,0,1253,C0|00|08|00|00|00|07
1771337210.845,solicited,1268,,0,
1771337210.848,unsolicited,0,0,1268,C0|00|08|00|00|00|07
1771337210.878,unsolicited,0,0,1268,C0|00|08|00|00|00|07
1771337210.947,unsolicited,0,0,1268,C0|00|08|00|00|00|07
1771337211.145,unsolicited,0,0,1268,C0|00|08|00|00|00|07
1771337211.146,unsolicited,0,0,1268,C0|00|08|00|00|00|07
1771337211.417,unsolicited,0,0,1268,C0|00|08|00|00|00|07
1771337211.452,solicited,1257,,0,
1771337211.484,unsolicited,0,0,1257,C0|00|08|00|00|00|07
1771337211.487,unsolicited,0,0,1257,C0|00|08|00|00|00|07
1771337211.487,unsolicited,0,0,1257,C0|00|08|00|00|00|07
1771337211.687,unsolicited,0,0,1257,C0|00|08|00|00|00|07
1771337213.304,unsolicited,0,0,1257,C0|00|08|00|00|00|07
1771337213.603,unsolicited,0,0,1257,C0|00|08|00|00|00|07
1771337213.604,unsolicited,0,0,1257,C0|00|08|00|00|00|07
1771337213.907,unsolicited,0,0,1257,C0|00|08|00|00|00|07
1771337213.907,unsolicited,0,0,1257,C0|00|08|00|00|00|07
1771337213.907,unsolicited,0,0,1257,C0|00|08|00|00|00|07
1771337213.973,unsolicited,0,0,1257,C0|00|08|00|00|00|07
1771337213.974,unsolicited,0,0,1257,C0|00|08|00|00|00|07
1771337214.007,unsolicited,0,0,1257,C0|00|08|00|00|00|07
1771337214.040,unsolicited,0,0,1257,C0|00|08|00|00|00|07
1771337214.142,solicited,1264,,0,
1771337214.513,unsolicited,0,0,1264,C0|00|08|00|00|00|07
1771337214.517,unsolicited,0,0,1264,C0|00|08|00|00|00|07
1771337214.615,unsolicited,0,0,1264,C0|00|08|00|00|00|07
1771337214.649,unsolicited,0,0,1264,C0|00|08|00|00|00|07
1771337215.086,unsolicited,0,0,1264,C0|00|08|00|00|00|07
1771337215.118,unsolicited,0,0,1264,C0|00|08|00|00|00|07
1771337215.187,solicited,1252,,0,
1771337216.697,unsolicited,512,8,1252,C0|08|08|00|00|00|0F
1771337216.732,solicited,1240,,512,
1771337217.069,unsolicited,448,7,1240,C0|07|08|00|00|00|0E
1771337217.170,unsolicited,448,7,1240,C0|07|08|00|00|00|0E
1771337217.304,solicited,1237,,448,
1771337217.372,unsolicited,448,7,1237,C0|07|08|00|00|00|0E
1771337217.373,unsolicited,448,7,1237,C0|07|08|00|00|00|0E
1771337217.809,unsolicited,448,7,1237,C0|07|08|00|00|00|0E
1771337217.810,unsolicited,448,7,1237,C0|07|08|00|00|00|0E
1771337217.840,unsolicited,448,7,1237,C0|07|08|00|00|00|0E
1771337218.110,unsolicited,448,7,1237,C0|07|08|00|00|00|0E
1771337218.177,unsolicited,448,7,1237,C0|07|08|00|00|00|0E
1771337218.178,unsolicited,448,7,1237,C0|07|08|00|00|00|0E
1771337218.178,unsolicited,448,7,1237,C0|07|08|00|00|00|0E
1771337218.210,unsolicited,448,7,1237,C0|07|08|00|00|00|0E
1771337218.345,unsolicited,448,7,1237,C0|07|08|00|00|00|0E
1771337218.346,unsolicited,448,7,1237,C0|07|08|00|00|00|0E
1771337218.378,solicited,1210,,448,
1771337218.478,unsolicited,448,7,1210,C0|07|08|00|00|00|0E
1771337218.479,unsolicited,448,7,1210,C0|07|08|00|00|00|0E
1771337218.512,unsolicited,448,7,1210,C0|07|08|00|00|00|0E
1771337218.513,unsolicited,448,7,1210,C0|07|08|00|00|00|0E
1771337218.546,unsolicited,448,7,1210,C0|07|08|00|00|00|0E
1771337218.547,unsolicited,448,7,1210,C0|07|08|00|00|00|0E
1771337218.579,unsolicited,448,7,1210,C0|07|08|00|00|00|0E
1771337218.580,unsolicited,448,7,1210,C0|07|08|00|00|00|0E
1771337218.647,unsolicited,448,7,1210,C0|07|08|00|00|00|0E
1771337218.883,unsolicited,448,7,1210,C0|07|08|00|00|00|0E
1771337219.119,unsolicited,448,7,1210,C0|07|08|00|00|00|0E
1771337219.119,unsolicited,448,7,1210,C0|07|08|00|00|00|0E
1771337219.320,unsolicited,448,7,1210,C0|07|08|00|00|00|0E
1771337219.354,unsolicited,448,7,1210,C0|07|08|00|00|00|0E
1771337219.355,unsolicited,448,7,1210,C0|07|08|00|00|00|0E
1771337219.356,unsolicited,448,7,1210,C0|07|08|00|00|00|0E
1771337219.388,unsolicited,448,7,1210,C0|07|08|00|00|00|0E
1771337219.389,unsolicited,448,7,1210,C0|07|08|00|00|00|0E
1771337219.389,unsolicited,448,7,1210,C0|07|08|00|00|00|0E
1771337219.993,unsolicited,448,7,1210,C0|07|08|00|00|00|0E
1771337220.026,solicited,1175,,448,
1771337220.161,unsolicited,448,7,1175,C0|07|08|00|00|00|0E
1771337220.162,unsolicited,448,7,1175,C0|07|08|00|00|00|0E
1771337220.363,unsolicited,448,7,1175,C0|07|08|00|00|00|0E
1771337220.364,unsolicited,448,7,1175,C0|07|08|00|00|00|0E
1771337220.397,unsolicited,448,7,1175,C0|07|08|00|00|00|0E
1771337220.397,unsolicited,448,7,1175,C0|07|08|00|00|00|0E
1771337220.432,unsolicited,448,7,1175,C0|07|08|00|00|00|0E
1771337220.499,unsolicited,448,7,1175,C0|07|08|00|00|00|0E
1771337220.533,unsolicited,448,7,1175,C0|07|08|00|00|00|0E
1771337220.938,unsolicited,448,7,1175,C0|07|08|00|00|00|0E
1771337221.073,solicited,1221,,448,
1771337221.173,unsolicited,448,7,1221,C0|07|08|00|00|00|0E
1771337221.915,solicited,1217,,448,
1771337221.983,unsolicited,448,7,1217,C0|07|08|00|00|00|0E
1771337222.251,unsolicited,0,0,1217,C0|00|08|00|00|00|07
1771337222.255,unsolicited,0,0,1217,C0|00|08|00|00|00|07
1771337222.452,unsolicited,0,0,1217,C0|00|08|00|00|00|07
1771337222.453,unsolicited,0,0,1217,C0|00|08|00|00|00|07
1771337222.489,solicited,1185,,0,
1771337222.855,unsolicited,0,0,1185,C0|00|08|00|00|00|07
1771337222.889,unsolicited,0,0,1185,C0|00|08|00|00|00|07
1771337222.994,unsolicited,0,0,1185,C0|00|08|00|00|00|07
1771337222.994,unsolicited,0,0,1185,C0|00|08|00|00|00|07
1771337222.995,unsolicited,0,0,1185,C0|00|08|00|00|00|07
1771337223.902,unsolicited,0,0,1185,C0|00|08|00|00|00|07
1771337223.933,solicited,114,,0,
1771337224.034,unsolicited,0,0,114,C0|00|08|00|00|00|07
1771337224.067,unsolicited,0,0,114,C0|00|08|00|00|00|07
1771337225.077,solicited,0,,0,
1771337225.078,unsolicited,0,0,0,C0|00|08|00|00|00|07
1771337225.214,unsolicited,0,0,0,C0|00|08|00|00|00|07
1771337226.592,unsolicited,0,0,0,C0|00|08|00|00|00|07
1771337226.625,solicited,0,,0,
1771337227.641,solicited,0,,0,
1771337227.708,unsolicited,0,0,0,C0|00|08|00|00|00|07
1771337227.911,unsolicited,0,0,0,C0|00|08|00|00|00|07
1771337228.012,unsolicited,0,0,0,C0|00|08|00|00|00|07
1771337229.326,unsolicited,0,0,0,C0|00|08|00|00|00|07
1771337229.864,solicited,0,,0,
1771337229.900,unsolicited,0,0,0,C0|00|08|00|00|00|07
1771337232.290,unsolicited,0,0,0,C0|00|08|00|00|00|07
1771337232.324,unsolicited,0,0,0,C0|00|08|00|00|00|07
1771337232.356,solicited,0,,0,
1771337232.960,unsolicited,0,0,0,C0|00|08|00|00|00|07
1771337232.990,unsolicited,0,0,0,C0|00|08|00|00|00|07
1771337232.991,solicited,0,,0,
1771337233.127,unsolicited,0,0,0,C0|00|08|00|00|00|07
1771337233.229,unsolicited,0,0,0,C0|00|08|00|00|00|07
1771337233.229,unsolicited,0,0,0,C0|00|08|00|00|00|07
1771337233.399,unsolicited,0,0,0,C0|00|08|00|00|00|07
1771337234.103,unsolicited,0,0,0,C0|00|08|00|00|00|07
1771337234.136,solicited,0,,0,
1771337234.474,unsolicited,0,0,0,C0|00|08|00|00|00|07
1771337234.607,unsolicited,0,0,0,C0|00|08|00|00|00|07
1771337234.675,solicited,0,,0,
1771337234.709,unsolicited,0,0,0,C0|00|08|00|00|00|07
1771337234.842,unsolicited,0,0,0,C0|00|08|00|00|00|07
1771337234.875,unsolicited,0,0,0,C0|00|08|00|00|00|07
1771337234.909,unsolicited,0,0,0,C0|00|08|00|00|00|07
1771337234.942,unsolicited,0,0,0,C0|00|08|00|00|00|07
1771337234.975,unsolicited,0,0,0,C0|00|08|00|00|00|07
1771337235.009,unsolicited,0,0,0,C0|00|08|00|00|00|07
1771337235.009,unsolicited,0,0,0,C0|00|08|00|00|00|07
1771337235.077,unsolicited,0,0,0,C0|00|08|00|00|00|07
1771337235.077,unsolicited,0,0,0,C0|00|08|00|00|00|07
1771337235.179,unsolicited,0,0,0,C0|00|08|00|00|00|07
1771337235.180,solicited,0,,0,
1771337235.518,unsolicited,0,0,0,C0|00|08|00|00|00|07
1771337235.519,unsolicited,0,0,0,C0|00|08|00|00|00|07
1771337235.552,unsolicited,0,0,0,C0|00|08|00|00|00|07
1771337235.553,unsolicited,0,0,0,C0|00|08|00|00|00|07
1771337235.586,unsolicited,0,0,0,C0|00|08|00|00|00|07
1771337236.123,solicited,0,,0,
1771337236.256,unsolicited,0,0,0,C0|00|08|00|00|00|07
1771337236.257,unsolicited,0,0,0,C0|00|08|00|00|00|07
1771337238.833,solicited,0,,0,
1771337239.102,unsolicited,0,0,0,C0|00|08|00|00|00|07
1771337239.237,unsolicited,0,0,0,C0|00|08|00|00|00|07
1771337239.237,unsolicited,0,0,0,C0|00|08|00|00|00|07
1771337239.271,unsolicited,0,0,0,C0|00|08|00|00|00|07
1771337239.338,unsolicited,0,0,0,C0|00|08|00|00|00|07
1771337239.372,unsolicited,0,0,0,C0|00|08|00|00|00|07
1771337239.373,solicited,0,,0,
1771337239.473,unsolicited,0,0,0,C0|00|08|00|00|00|07
1771337239.574,unsolicited,0,0,0,C0|00|08|00|00|00|07
1771337239.575,unsolicited,0,0,0,C0|00|08|00|00|00|07
1771337239.608,unsolicited,0,0,0,C0|00|08|00|00|00|07
1771337239.609,unsolicited,0,0,0,C0|00|08|00|00|00|07
1771337239.609,unsolicited,0,0,0,C0|00|08|00|00|00|07
1771337239.641,unsolicited,0,0,0,C0|00|08|00|00|00|07
1771337239.675,unsolicited,0,0,0,C0|00|08|00|00|00|07
1771337239.675,unsolicited,0,0,0,C0|00|08|00|00|00|07
1771337239.743,unsolicited,0,0,0,C0|00|08|00|00|00|07
1771337239.777,unsolicited,0,0,0,C0|00|08|00|00|00|07
1771337239.778,unsolicited,0,0,0,C0|00|08|00|00|00|07
1771337239.910,unsolicited,0,0,0,C0|00|08|00|00|00|07
1771337239.943,solicited,0,,0,
1771337240.181,unsolicited,0,0,0,C0|00|08|00|00|00|07
1771337240.212,unsolicited,0,0,0,C0|00|08|00|00|00|07
1771337240.280,unsolicited,0,0,0,C0|00|08|00|00|00|07
1771337240.281,unsolicited,0,0,0,C0|00|08|00|00|00|07
1771337240.314,unsolicited,0,0,0,C0|00|08|00|00|00|07
1771337240.383,unsolicited,0,0,0,C0|00|08|00|00|00|07
1771337240.416,unsolicited,0,0,0,C0|00|08|00|00|00|07
1771337240.419,unsolicited,0,0,0,C0|00|08|00|00|00|07
1771337240.451,solicited,0,,0,
1771337240.519,unsolicited,0,0,0,C0|00|08|00|00|00|07
1771337240.519,unsolicited,0,0,0,C0|00|08|00|00|00|07
1771337240.552,unsolicited,0,0,0,C0|00|08|00|00|00|07
1771337240.553,unsolicited,0,0,0,C0|00|08|00|00|00|07
1771337240.586,unsolicited,0,0,0,C0|00|08|00|00|00|07
1771337240.587,unsolicited,0,0,0,C0|00|08|00|00|00|07
1771337240.619,unsolicited,0,0,0,C0|00|08|00|00|00|07
1771337240.652,unsolicited,0,0,0,C0|00|08|00|00|00|07
1771337240.652,unsolicited,0,0,0,C0|00|08|00|00|00|07
1771337240.684,unsolicited,0,0,0,C0|00|08|00|00|00|07
1771337240.686,unsolicited,0,0,0,C0|00|08|00|00|00|07
1771337240.718,unsolicited,0,0,0,C0|00|08|00|00|00|07
1771337240.719,unsolicited,0,0,0,C0|00|08|00|00|00|07
1771337240.720,unsolicited,0,0,0,C0|00|08|00|00|00|07
1771337240.786,unsolicited,0,0,0,C0|00|08|00|00|00|07
1771337240.786,unsolicited,0,0,0,C0|00|08|00|00|00|07
1771337240.951,solicited,0,,0,
1771337241.320,unsolicited,0,0,0,C0|00|08|00|00|00|07
1771337241.321,unsolicited,0,0,0,C0|00|08|00|00|00|07
1771337241.322,unsolicited,0,0,0,C0|00|08|00|00|00|07
1771337241.422,unsolicited,0,0,0,C0|00|08|00|00|00|07
1771337241.455,unsolicited,0,0,0,C0|00|08|00|00|00|07
1771337241.760,unsolicited,0,0,0,C0|00|08|00|00|00|07
1771337241.760,unsolicited,0,0,0,C0|00|08|00|00|00|07
1771337241.793,unsolicited,0,0,0,C0|00|08|00|00|00|07
1771337241.794,unsolicited,0,0,0,C0|00|08|00|00|00|07
1771337241.795,unsolicited,0,0,0,C0|00|08|00|00|00|07
1771337241.826,unsolicited,0,0,0,C0|00|08|00|00|00|07
1771337241.830,unsolicited,0,0,0,C0|00|08|00|00|00|07
1771337241.928,unsolicited,0,0,0,C0|00|08|00|00|00|07
1771337241.929,unsolicited,0,0,0,C0|00|08|00|00|00|07
1771337241.962,unsolicited,0,0,0,C0|00|08|00|00|00|07
1771337241.963,unsolicited,0,0,0,C0|00|08|00|00|00|07
1771337241.997,solicited,0,,0,
1771337242.098,unsolicited,0,0,0,C0|00|08|00|00|00|07
1771337242.199,unsolicited,0,0,0,C0|00|08|00|00|00|07
1771337242.200,unsolicited,0,0,0,C0|00|08|00|00|00|07
1771337242.939,unsolicited,0,0,0,C0|00|08|00|00|00|07
1771337242.972,solicited,0,,0,
1771337243.006,unsolicited,0,0,0,C0|00|08|00|00|00|07
1771337243.784,unsolicited,0,0,0,C0|00|08|00|00|00|07
1771337243.785,unsolicited,0,0,0,C0|00|08|00|00|00|07
1771337243.785,unsolicited,0,0,0,C0|00|08|00|00|00|07
1771337243.818,unsolicited,0,0,0,C0|00|08|00|00|00|07
1771337243.820,unsolicited,0,0,0,C0|00|08|00|00|00|07
1771337243.852,unsolicited,0,0,0,C0|00|08|00|00|00|07
1771337243.853,unsolicited,0,0,0,C0|00|08|00|00|00|07
1771337243.886,unsolicited,0,0,0,C0|00|08|00|00|00|07
1771337243.921,unsolicited,0,0,0,C0|00|08|00|00|00|07
1771337243.922,unsolicited,0,0,0,C0|00|08|00|00|00|07
1771337243.922,unsolicited,0,0,0,C0|00|08|00|00|00|07
1771337244.055,solicited,0,,0,
1771337244.123,unsolicited,0,0,0,C0|00|08|00|00|00|07
1771337244.124,unsolicited,0,0,0,C0|00|08|00|00|00|07
1771337244.124,unsolicited,0,0,0,C0|00|08|00|00|00|07
1771337244.157,unsolicited,0,0,0,C0|00|08|00|00|00|07
1771337244.157,unsolicited,0,0,0,C0|00|08|00|00|00|07
1771337244.258,unsolicited,0,0,0,C0|00|08|00|00|00|07
1771337244.258,unsolicited,0,0,0,C0|00|08|00|00|00|07
1771337244.292,unsolicited,0,0,0,C0|00|08|00|00|00|07
1771337244.459,unsolicited,0,0,0,C0|00|08|00|00|00|07
1771337244.492,unsolicited,0,0,0,C0|00|08|00|00|00|07
1771337244.492,solicited,0,,0,
1771337244.525,unsolicited,0,0,0,C0|00|08|00|00|00|07
1771337244.557,unsolicited,0,0,0,C0|00|08|00|00|00|07
1771337244.590,unsolicited,0,0,0,C0|00|08|00|00|00|07
1771337244.860,unsolicited,0,0,0,C0|00|08|00|00|00|07
1771337244.893,unsolicited,0,0,0,C0|00|08|00|00|00|07
1771337244.893,unsolicited,0,0,0,C0|00|08|00|00|00|07
1771337244.896,unsolicited,0,0,0,C0|00|08|00|00|00|07
1771337244.927,unsolicited,0,0,0,C0|00|08|00|00|00|07
1771337245.029,solicited,0,,0,
1771337245.062,unsolicited,0,0,0,C0|00|08|00|00|00|07
1771337245.094,unsolicited,0,0,0,C0|00|08|00|00|00|07
1771337245.937,solicited,0,,0,
1771337246.170,unsolicited,0,0,0,C0|00|08|00|00|00|07
1771337246.205,unsolicited,0,0,0,C0|00|08|00|00|00|07
1771337246.237,unsolicited,0,0,0,C0|00|08|00|00|00|07
1771337246.238,unsolicited,0,0,0,C0|00|08|00|00|00|07
1771337246.238,unsolicited,0,0,0,C0|00|08|00|00|00|07
1771337246.271,unsolicited,0,0,0,C0|00|08|00|00|00|07
1771337246.272,unsolicited,0,0,0,C0|00|08|00|00|00|07
1771337246.405,unsolicited,0,0,0,C0|00|08|00|00|00|07
1771337246.439,unsolicited,0,0,0,C0|00|08|00|00|00|07
1771337246.473,solicited,0,,0,
1771337246.574,unsolicited,0,0,0,C0|00|08|00|00|00|07
1771337246.574,unsolicited,0,0,0,C0|00|08|00|00|00|07
1771337246.607,unsolicited,0,0,0,C0|00|08|00|00|00|07
1771337246.607,unsolicited,0,0,0,C0|00|08|00|00|00|07
1771337246.676,unsolicited,0,0,0,C0|00|08|00|00|00|07
1771337246.677,unsolicited,0,0,0,C0|00|08|00|00|00|07
1771337246.710,unsolicited,0,0,0,C0|00|08|00|00|00|07
1771337246.743,unsolicited,0,0,0,C0|00|08|00|00|00|07
1771337246.777,unsolicited,0,0,0,C0|00|08|00|00|00|07
1771337246.778,unsolicited,0,0,0,C0|00|08|00|00|00|07
1771337246.810,unsolicited,0,0,0,C0|00|08|00|00|00|07
1771337246.844,unsolicited,0,0,0,C0|00|08|00|00|00|07
1771337246.845,unsolicited,0,0,0,C0|00|08|00|00|00|07
1771337246.878,unsolicited,0,0,0,C0|00|08|00|00|00|07
1771337246.880,unsolicited,0,0,0,C0|00|08|00|00|00|07
1771337246.912,unsolicited,0,0,0,C0|00|08|00|00|00|07
1771337246.944,unsolicited,0,0,0,C0|00|08|00|00|00|07
1771337246.945,unsolicited,0,0,0,C0|00|08|00|00|00|07
1771337247.515,unsolicited,0,0,0,C0|00|08|00|00|00|07
1771337247.548,unsolicited,0,0,0,C0|00|08|00|00|00|07
1771337247.784,unsolicited,0,0,0,C0|00|08|00|00|00|07
1771337247.785,unsolicited,0,0,0,C0|00|08|00|00|00|07
1771337247.818,unsolicited,0,0,0,C0|00|08|00|00|00|07
1771337247.818,unsolicited,0,0,0,C0|00|08|00|00|00|07
1771337247.851,unsolicited,0,0,0,C0|00|08|00|00|00|07
1771337247.950,unsolicited,0,0,0,C0|00|08|00|00|00|07
1771337247.951,unsolicited,0,0,0,C0|00|08|00|00|00|07
1771337247.984,unsolicited,0,0,0,C0|00|08|00|00|00|07
1771337247.985,unsolicited,0,0,0,C0|00|08|00|00|00|07
1771337247.986,unsolicited,0,0,0,C0|00|08|00|00|00|07
1771337248.018,unsolicited,0,0,0,C0|00|08|00|00|00|07
1771337248.118,solicited,0,,0,
1771337248.152,unsolicited,0,0,0,C0|00|08|00|00|00|07
1771337248.287,unsolicited,0,0,0,C0|00|08|00|00|00|07
1771337248.288,unsolicited,0,0,0,C0|00|08|00|00|00|07
1771337248.321,unsolicited,0,0,0,C0|00|08|00|00|00|07
1771337248.322,unsolicited,0,0,0,C0|00|08|00|00|00|07
1771337248.389,unsolicited,0,0,0,C0|00|08|00|00|00|07
1771337248.390,unsolicited,0,0,0,C0|00|08|00|00|00|07
1771337248.562,unsolicited,0,0,0,C0|00|08|00|00|00|07
1771337248.595,unsolicited,0,0,0,C0|00|08|00|00|00|07
1771337248.629,solicited,0,,0,
1771337248.832,unsolicited,0,0,0,C0|00|08|00|00|00|07
1771337248.833,unsolicited,0,0,0,C0|00|08|00|00|00|07
1771337248.865,unsolicited,0,0,0,C0|00|08|00|00|00|07
1771337248.868,unsolicited,0,0,0,C0|00|08|00|00|00|07
1771337248.899,unsolicited,0,0,0,C0|00|08|00|00|00|07
1771337248.936,unsolicited,0,0,0,C0|00|08|00|00|00|07
1771337249.069,unsolicited,0,0,0,C0|00|08|00|00|00|07
1771337249.070,unsolicited,0,0,0,C0|00|08|00|00|00|07
1771337249.103,solicited,0,,0,
1771337249.137,unsolicited,0,0,0,C0|00|08|00|00|00|07
1771337249.239,unsolicited,0,0,0,C0|00|08|00|00|00|07
1771337249.542,unsolicited,0,0,0,C0|00|08|00|00|00|07
1771337251.424,solicited,1419,,0,
1771337252.907,unsolicited,512,8,1419,C8|08|08|00|00|00|17
1771337252.940,unsolicited,512,8,1419,C8|08|08|00|00|00|17
1771337252.940,solicited,1318,,512,
1771337253.076,unsolicited,512,8,1318,C8|08|08|00|00|00|17
1771337253.208,unsolicited,512,8,1318,C8|08|08|00|00|00|17
1771337253.244,unsolicited,512,8,1318,C8|08|08|00|00|00|17
1771337253.378,unsolicited,512,8,1318,C8|08|08|00|00|00|17
1771337253.379,unsolicited,512,8,1318,C8|08|08|00|00|00|17
1771337253.409,unsolicited,512,8,1318,C8|08|08|00|00|00|17
1771337253.410,unsolicited,512,8,1318,C8|08|08|00|00|00|17
1771337253.545,solicited,1308,,512,
1771337253.915,unsolicited,512,8,1308,C0|08|08|00|00|00|0F
1771337253.946,unsolicited,512,8,1308,C0|08|08|00|00|00|0F
1771337253.946,unsolicited,512,8,1308,C0|08|08|00|00|00|0F
1771337253.979,unsolicited,512,8,1308,C0|08|08|00|00|00|0F
1771337254.349,unsolicited,512,8,1308,C0|08|08|00|00|00|0F
1771337254.958,unsolicited,512,8,1308,C0|08|08|00|00|00|0F
1771337254.990,solicited,1307,,512,
1771337255.326,unsolicited,512,8,1307,C0|08|08|00|00|00|0F
1771337255.327,unsolicited,512,8,1307,C0|08|08|00|00|00|0F
1771337255.361,unsolicited,512,8,1307,C0|08|08|00|00|00|0F
1771337255.364,unsolicited,512,8,1307,C0|08|08|00|00|00|0F
1771337255.396,unsolicited,512,8,1307,C0|08|08|00|00|00|0F
1771337255.396,unsolicited,512,8,1307,C0|08|08|00|00|00|0F
1771337255.596,solicited,1296,,512,
1771337256.135,unsolicited,512,8,1296,C0|08|08|00|00|00|0F
1771337256.169,solicited,1298,,512,
1771337256.407,unsolicited,448,7,1298,C0|07|08|00|00|00|0E
1771337256.575,unsolicited,448,7,1298,C0|07|08|00|00|00|0E
1771337256.612,unsolicited,448,7,1298,C0|07|08|00|00|00|0E
1771337256.644,unsolicited,448,7,1298,C0|07|08|00|00|00|0E
1771337256.678,unsolicited,448,7,1298,C0|07|08|00|00|00|0E
1771337256.679,unsolicited,448,7,1298,C0|07|08|00|00|00|0E
1771337256.744,unsolicited,448,7,1298,C0|07|08|00|00|00|0E
1771337256.745,solicited,1304,,448,
1771337256.777,unsolicited,448,7,1304,C0|07|08|00|00|00|0E
1771337256.814,unsolicited,448,7,1304,C0|07|08|00|00|00|0E
1771337256.845,unsolicited,448,7,1304,C0|07|08|00|00|00|0E
1771337256.845,unsolicited,448,7,1304,C0|07|08|00|00|00|0E
1771337256.879,unsolicited,448,7,1304,C0|07|08|00|00|00|0E
1771337256.883,unsolicited,448,7,1304,C0|07|08|00|00|00|0E
1771337257.213,unsolicited,448,7,1304,C0|07|08|00|00|00|0E
1771337257.214,unsolicited,448,7,1304,C0|07|08|00|00|00|0E
1771337257.279,unsolicited,448,7,1304,C0|07|08|00|00|00|0E
1771337257.313,solicited,1305,,448,
1771337257.379,unsolicited,448,7,1305,C0|07|08|00|00|00|0E
1771337257.446,unsolicited,448,7,1305,C0|07|08|00|00|00|0E
1771337257.447,unsolicited,448,7,1305,C0|07|08|00|00|00|0E
1771337257.582,unsolicited,448,7,1305,C0|07|08|00|00|00|0E
1771337258.288,unsolicited,448,7,1305,C0|07|08|00|00|00|0E
1771337258.289,unsolicited,448,7,1305,C0|07|08|00|00|00|0E
1771337258.355,unsolicited,448,7,1305,C0|07|08|00|00|00|0E
1771337258.387,unsolicited,448,7,1305,C0|07|08|00|00|00|0E
1771337258.388,unsolicited,448,7,1305,C0|07|08|00|00|00|0E
1771337258.389,unsolicited,448,7,1305,C0|07|08|00|00|00|0E
1771337258.421,unsolicited,448,7,1305,C0|07|08|00|00|00|0E
1771337258.422,unsolicited,448,7,1305,C0|07|08|00|00|00|0E
1771337258.454,unsolicited,448,7,1305,C0|07|08|00|00|00|0E
1771337258.488,unsolicited,448,7,1305,C0|07|08|00|00|00|0E
1771337258.491,solicited,1300,,448,
1771337259.829,unsolicited,448,7,1300,C0|07|08|00|00|00|0E
1771337259.830,solicited,1292,,448,
1771337260.167,unsolicited,448,7,1292,C0|07|08|00|00|00|0E
1771337260.333,unsolicited,448,7,1292,C0|07|08|00|00|00|0E
1771337260.734,unsolicited,448,7,1292,C0|07|08|00|00|00|0E
1771337260.767,unsolicited,448,7,1292,C0|07|08|00|00|00|0E
1771337261.137,unsolicited,448,7,1292,C0|07|08|00|00|00|0E
1771337261.171,unsolicited,448,7,1292,C0|07|08|00|00|00|0E
1771337261.304,unsolicited,448,7,1292,C0|07|08|00|00|00|0E
1771337261.305,unsolicited,448,7,1292,C0|07|08|00|00|00|0E
1771337261.337,unsolicited,448,7,1292,C0|07|08|00|00|00|0E
1771337261.777,unsolicited,448,7,1292,C0|07|08|00|00|00|0E
1771337262.349,unsolicited,448,7,1292,C0|07|08|00|00|00|0E
1771337262.584,solicited,1305,,448,
1771337262.586,unsolicited,448,7,1305,C0|07|08|00|00|00|0E
1771337262.619,unsolicited,448,7,1305,C0|07|08|00|00|00|0E
1771337262.652,unsolicited,448,7,1305,C0|07|08|00|00|00|0E
1771337262.685,unsolicited,448,7,1305,C0|07|08|00|00|00|0E
1771337262.956,unsolicited,448,7,1305,C0|07|08|00|00|00|0E
1771337262.956,unsolicited,448,7,1305,C0|07|08|00|00|00|0E
1771337263.121,unsolicited,448,7,1305,C0|07|08|00|00|00|0E
1771337263.123,unsolicited,448,7,1305,C0|07|08|00|00|00|0E
1771337263.155,solicited,1295,,448,
1771337263.189,unsolicited,448,7,1295,C0|07|08|00|00|00|0E
1771337263.389,unsolicited,448,7,1295,C0|07|08|00|00|00|0E
1771337264.131,unsolicited,448,7,1295,C0|07|08|00|00|00|0E
1771337265.604,unsolicited,448,7,1295,C0|07|08|00|00|00|0E
1771337265.605,unsolicited,448,7,1295,C0|07|08|00|00|00|0E
1771337266.811,unsolicited,448,7,1295,C0|07|08|00|00|00|0E
1771337266.846,unsolicited,448,7,1295,C0|07|08|00|00|00|0E
1771337267.585,solicited,1258,,448,
1771337267.652,unsolicited,448,7,1258,C0|07|08|00|00|00|0E
1771337267.988,unsolicited,448,7,1258,C0|07|08|00|00|00|0E
1771337268.022,unsolicited,448,7,1258,C0|07|08|00|00|00|0E
1771337268.122,solicited,1288,,448,
1771337268.188,unsolicited,448,7,1288,C0|07|08|00|00|00|0E
1771337268.191,unsolicited,448,7,1288,C0|07|08|00|00|00|0E
1771337268.424,unsolicited,448,7,1288,C0|07|08|00|00|00|0E
1771337268.863,unsolicited,448,7,1288,C0|07|08|00|00|00|0E
1771337269.201,solicited,1255,,448,
1771337269.202,unsolicited,448,7,1255,C0|07|08|00|00|00|0E
1771337269.235,unsolicited,448,7,1255,C0|07|08|00|00|00|0E
1771337269.435,unsolicited,448,7,1255,C0|07|08|00|00|00|0E
1771337269.435,unsolicited,448,7,1255,C0|07|08|00|00|00|0E
1771337269.503,unsolicited,448,7,1255,C0|07|08|00|00|00|0E
1771337269.741,solicited,1278,,448,
1771337269.808,unsolicited,448,7,1278,C0|07|08|00|00|00|0E
1771337270.009,unsolicited,448,7,1278,C0|07|08|00|00|00|0E
1771337270.044,unsolicited,448,7,1278,C0|07|08|00|00|00|0E
1771337270.145,unsolicited,448,7,1278,C0|07|08|00|00|00|0E
1771337270.245,solicited,1258,,448,
1771337270.915,solicited,1217,,448,
1771337271.016,unsolicited,448,7,1217,C0|07|08|00|00|00|0E
1771337271.281,unsolicited,448,7,1217,C0|07|08|00|00|00|0E
1771337271.282,unsolicited,448,7,1217,C0|07|08|00|00|00|0E
1771337271.451,unsolicited,448,7,1217,C0|07|08|00|00|00|0E
1771337271.452,unsolicited,448,7,1217,C0|07|08|00|00|00|0E
1771337271.485,solicited,1240,,448,
1771337271.486,unsolicited,448,7,1240,C0|07|08|00|00|00|0E
1771337271.687,unsolicited,448,7,1240,C0|07|08|00|00|00|0E
1771337271.721,unsolicited,448,7,1240,C0|07|08|00|00|00|0E
1771337271.722,unsolicited,448,7,1240,C0|07|08|00|00|00|0E
1771337271.788,unsolicited,448,7,1240,C0|07|08|00|00|00|0E
1771337271.788,unsolicited,448,7,1240,C0|07|08|00|00|00|0E
1771337271.889,unsolicited,448,7,1240,C0|07|08|00|00|00|0E
1771337271.890,unsolicited,448,7,1240,C0|07|08|00|00|00|0E
1771337271.922,unsolicited,448,7,1240,C0|07|08|00|00|00|0E
1771337271.955,unsolicited,448,7,1240,C0|07|08|00|00|00|0E
1771337271.956,unsolicited,448,7,1240,C0|07|08|00|00|00|0E
1771337272.022,solicited,1284,,448,
1771337272.023,unsolicited,448,7,1284,C0|07|08|00|00|00|0E
1771337272.057,unsolicited,448,7,1284,C0|07|08|00|00|00|0E
1771337272.058,unsolicited,448,7,1284,C0|07|08|00|00|00|0E
1771337272.258,unsolicited,448,7,1284,C0|07|08|00|00|00|0E
1771337272.259,unsolicited,448,7,1284,C0|07|08|00|00|00|0E
1771337272.325,unsolicited,448,7,1284,C0|07|08|00|00|00|0E
1771337272.360,unsolicited,448,7,1284,C0|07|08|00|00|00|0E
1771337274.379,unsolicited,448,7,1284,C0|07|08|00|00|00|0E
1771337274.445,solicited,1257,,448,
1771337274.682,unsolicited,448,7,1257,C0|07|08|00|00|00|0E
1771337274.784,unsolicited,448,7,1257,C0|07|08|00|00|00|0E
1771337274.784,unsolicited,448,7,1257,C0|07|08|00|00|00|0E
1771337274.816,unsolicited,448,7,1257,C0|07|08|00|00|00|0E
1771337274.818,unsolicited,448,7,1257,C0|07|08|00|00|00|0E
1771337274.818,unsolicited,448,7,1257,C0|07|08|00|00|00|0E
1771337274.951,solicited,1232,,448,
1771337275.017,unsolicited,384,6,1232,C0|06|08|00|00|00|0D
1771337275.118,unsolicited,384,6,1232,C0|06|08|00|00|00|0D
1771337275.151,unsolicited,384,6,1232,C0|06|08|00|00|00|0D
1771337275.152,unsolicited,384,6,1232,C0|06|08|00|00|00|0D
1771337275.153,unsolicited,384,6,1232,C0|06|08|00|00|00|0D
1771337275.287,unsolicited,384,6,1232,C0|06|08|00|00|00|0D
1771337275.387,unsolicited,384,6,1232,C0|06|08|00|00|00|0D
1771337275.390,unsolicited,384,6,1232,C0|06|08|00|00|00|0D
1771337275.420,unsolicited,384,6,1232,C0|06|08|00|00|00|0D
1771337275.421,unsolicited,384,6,1232,C0|06|08|00|00|00|0D
1771337275.521,solicited,1255,,384,
1771337275.554,unsolicited,384,6,1255,C0|06|08|00|00|00|0D
1771337275.555,unsolicited,384,6,1255,C0|06|08|00|00|00|0D
1771337275.588,unsolicited,384,6,1255,C0|06|08|00|00|00|0D
1771337275.589,unsolicited,384,6,1255,C0|06|08|00|00|00|0D
1771337275.724,unsolicited,384,6,1255,C0|06|08|00|00|00|0D
1771337277.940,unsolicited,384,6,1255,C0|06|08|00|00|00|0D
1771337277.973,solicited,1247,,384,
1771337278.307,unsolicited,384,6,1247,C0|06|08|00|00|00|0D
1771337278.307,unsolicited,384,6,1247,C0|06|08|00|00|00|0D
1771337278.308,unsolicited,384,6,1247,C0|06|08|00|00|00|0D
1771337278.577,solicited,1207,,384,
1771337278.644,unsolicited,384,6,1207,C0|06|08|00|00|00|0D
1771337280.531,solicited,1192,,384,
1771337280.532,unsolicited,384,6,1192,C0|06|08|00|00|00|0D
1771337280.565,unsolicited,384,6,1192,C0|06|08|00|00|00|0D
1771337281.169,solicited,1203,,384,
1771337281.170,unsolicited,384,6,1203,C0|06|08|00|00|00|0D
1771337281.440,unsolicited,384,6,1203,C0|06|08|00|00|00|0D
1771337281.441,unsolicited,384,6,1203,C0|06|08|00|00|00|0D
1771337281.474,unsolicited,384,6,1203,C0|06|08|00|00|00|0D
1771337281.609,unsolicited,384,6,1203,C0|06|08|00|00|00|0D
1771337281.642,unsolicited,384,6,1203,C0|06|08|00|00|00|0D
1771337281.642,unsolicited,384,6,1203,C0|06|08|00|00|00|0D
1771337281.676,solicited,1202,,384,
1771337281.779,unsolicited,384,6,1202,C0|06|08|00|00|00|0D
1771337281.780,unsolicited,384,6,1202,C0|06|08|00|00|00|0D
1771337281.813,unsolicited,384,6,1202,C0|06|08|00|00|00|0D
1771337281.847,unsolicited,384,6,1202,C0|06|08|00|00|00|0D
1771337281.914,unsolicited,0,0,1202,C0|00|08|00|00|00|07
1771337281.948,unsolicited,0,0,1202,C0|00|08|00|00|00|07
1771337281.949,unsolicited,0,0,1202,C0|00|08|00|00|00|07
1771337282.318,solicited,1182,,0,
1771337282.324,unsolicited,0,0,1182,C0|00|08|00|00|00|07
1771337282.987,unsolicited,0,0,1182,C0|00|08|00|00|00|07
1771337283.525,unsolicited,0,0,1182,C0|00|08|00|00|00|07
1771337283.526,solicited,114,,0,
1771337283.560,unsolicited,0,0,114,C0|00|08|00|00|00|07
1771337283.562,unsolicited,0,0,114,C0|00|08|00|00|00|07
1771337285.038,solicited,0,,0,
1771337285.039,unsolicited,0,0,0,C0|00|08|00|00|00|07
1771337285.040,unsolicited,0,0,0,C0|00|08|00|00|00|07
1771337287.155,unsolicited,0,0,0,C0|00|08|00|00|00|07
1771337287.155,solicited,0,,0,
1771337287.526,unsolicited,0,0,0,C0|00|08|00|00|00|07
1771337287.795,solicited,0,,0,
1771337287.796,unsolicited,0,0,0,C0|00|08|00|00|00|07
1771337288.673,solicited,0,,0,
1771337289.446,unsolicited,0,0,0,C0|00|08|00|00|00|07
1771337289.477,unsolicited,0,0,0,C0|00|08|00|00|00|07
1771337289.477,solicited,0,,0,
1771337289.544,unsolicited,0,0,0,C0|00|08|00|00|00|07
1771337289.546,unsolicited,0,0,0,C0|00|08|00|00|00|07
1771337290.082,solicited,0,,0,
1771337290.151,unsolicited,0,0,0,C0|00|08|00|00|00|07
1771337290.151,unsolicited,0,0,0,C0|00|08|00|00|00|07
1771337290.182,unsolicited,0,0,0,C0|00|08|00|00|00|07
1771337290.248,unsolicited,0,0,0,C0|00|08|00|00|00|07
1771337290.282,unsolicited,0,0,0,C0|00|08|00|00|00|07
1771337290.283,unsolicited,0,0,0,C0|00|08|00|00|00|07
1771337290.283,unsolicited,0,0,0,C0|00|08|00|00|00|07
1771337290.315,unsolicited,0,0,0,C0|00|08|00|00|00|07
1771337290.587,solicited,0,,0,
1771337291.125,unsolicited,0,0,0,C0|00|08|00|00|00|07
1771337291.126,unsolicited,0,0,0,C0|00|08|00|00|00|07
1771337291.228,solicited,0,,0,
1771337291.899,solicited,0,,0,
1771337292.169,unsolicited,0,0,0,C0|00|08|00|00|00|07
1771337292.169,unsolicited,0,0,0,C0|00|08|00|00|00|07
1771337292.206,unsolicited,0,0,0,C0|00|08|00|00|00|07
1771337292.303,unsolicited,0,0,0,C0|00|08|00|00|00|07
1771337292.405,solicited,0,,0,
1771337292.742,unsolicited,0,0,0,C0|00|08|00|00|00|07
1771337292.743,unsolicited,0,0,0,C0|00|08|00|00|00|07
1771337292.743,unsolicited,0,0,0,C0|00|08|00|00|00|07
1771337292.912,solicited,0,,0,
1771337293.012,unsolicited,0,0,0,C0|00|08|00|00|00|07
1771337293.012,unsolicited,0,0,0,C0|00|08|00|00|00|07
1771337293.826,unsolicited,0,0,0,C0|00|08|00|00|00|07
1771337293.826,unsolicited,0,0,0,C0|00|08|00|00|00|07
1771337294.157,unsolicited,0,0,0,C0|00|08|00|00|00|07
1771337294.425,solicited,0,,0,
1771337294.492,unsolicited,0,0,0,C0|00|08|00|00|00|07
1771337294.493,unsolicited,0,0,0,C0|00|08|00|00|00|07
1771337294.626,unsolicited,0,0,0,C0|00|08|00|00|00|07
1771337294.660,unsolicited,0,0,0,C0|00|08|00|00|00|07
1771337294.695,unsolicited,0,0,0,C0|00|08|00|00|00|07
1771337294.929,solicited,0,,0,
1771337295.095,unsolicited,0,0,0,C0|00|08|00|00|00|07
1771337295.129,unsolicited,0,0,0,C0|00|08|00|00|00|07
1771337295.130,unsolicited,0,0,0,C0|00|08|00|00|00|07
1771337295.162,unsolicited,0,0,0,C0|00|08|00|00|00|07
1771337295.195,unsolicited,0,0,0,C0|00|08|00|00|00|07
1771337295.196,unsolicited,0,0,0,C0|00|08|00|00|00|07
1771337295.197,unsolicited,0,0,0,C0|00|08|00|00|00|07
1771337295.364,unsolicited,0,0,0,C0|00|08|00|00|00|07
1771337295.432,solicited,0,,0,
1771337296.685,unsolicited,0,0,0,C0|00|08|00|00|00|07
1771337296.685,unsolicited,0,0,0,C0|00|08|00|00|00|07
1771337296.717,solicited,0,,0,
1771337297.293,solicited,0,,0,
1771337297.360,unsolicited,0,0,0,C0|00|08|00|00|00|07
1771337297.529,unsolicited,0,0,0,C0|00|08|00|00|00|07
1771337297.801,unsolicited,0,0,0,C0|00|08|00|00|00|07
1771337297.834,solicited,0,,0,
1771337297.902,unsolicited,0,0,0,C0|00|08|00|00|00|07
1771337297.902,unsolicited,0,0,0,C0|00|08|00|00|00|07
1771337298.705,unsolicited,0,0,0,C0|00|08|00|00|00|07
1771337298.739,solicited,0,,0,
1771337299.175,unsolicited,0,0,0,C0|00|08|00|00|00|07
1771337299.242,unsolicited,0,0,0,C0|00|08|00|00|00|07
1771337299.277,solicited,0,,0,
1771337299.378,unsolicited,0,0,0,C0|00|08|00|00|00|07
1771337299.479,unsolicited,0,0,0,C0|00|08|00|00|00|07
1771337299.783,solicited,0,,0,
1771337300.185,unsolicited,0,0,0,C0|00|08|00|00|00|07
1771337300.252,unsolicited,0,0,0,C0|00|08|00|00|00|07
1771337300.286,solicited,0,,0,
1771337300.287,unsolicited,0,0,0,C0|00|08|00|00|00|07
1771337300.287,unsolicited,0,0,0,C0|00|08|00|00|00|07
1771337300.589,unsolicited,0,0,0,C0|00|08|00|00|00|07
1771337300.621,unsolicited,0,0,0,C0|00|08|00|00|00|07
1771337300.622,unsolicited,0,0,0,C0|00|08|00|00|00|07
1771337300.655,unsolicited,0,0,0,C0|00|08|00|00|00|07
1771337300.656,unsolicited,0,0,0,C0|00|08|00|00|00|07
1771337300.688,unsolicited,0,0,0,C0|00|08|00|00|00|07
1771337300.689,unsolicited,0,0,0,C0|00|08|00|00|00|07
1771337300.689,unsolicited,0,0,0,C0|00|08|00|00|00|07
1771337300.723,unsolicited,0,0,0,C0|00|08|00|00|00|07
1771337300.757,unsolicited,0,0,0,C0|00|08|00|00|00|07
1771337300.791,solicited,0,,0,
1771337301.126,unsolicited,0,0,0,C0|00|08|00|00|00|07
1771337301.126,unsolicited,0,0,0,C0|00|08|00|00|00|07
1771337301.190,unsolicited,0,0,0,C0|00|08|00|00|00|07
1771337301.224,unsolicited,0,0,0,C0|00|08|00|00|00|07
1771337301.730,unsolicited,0,0,0,C0|00|08|00|00|00|07
1771337301.831,solicited,0,,0,
1771337302.068,unsolicited,0,0,0,C0|00|08|00|00|00|07
1771337302.338,unsolicited,0,0,0,C0|00|08|00|00|00|07
1771337302.338,solicited,0,,0,
1771337302.673,unsolicited,0,0,0,C0|00|08|00|00|00|07
1771337302.673,unsolicited,0,0,0,C0|00|08|00|00|00|07
1771337303.282,unsolicited,0,0,0,C0|00|08|00|00|00|07
1771337303.315,unsolicited,0,0,0,C0|00|08|00|00|00|07
1771337304.465,unsolicited,0,0,0,C0|00|08|00|00|00|07
1771337304.466,unsolicited,0,0,0,C0|00|08|00|00|00|07
1771337304.496,unsolicited,0,0,0,C0|00|08|00|00|00|07
1771337304.497,solicited,0,,0,
1771337305.200,unsolicited,0,0,0,C0|00|08|00|00|00|07
1771337305.232,solicited,0,,0,
1771337305.535,unsolicited,0,0,0,C0|00|08|00|00|00|07
1771337305.568,unsolicited,0,0,0,C0|00|08|00|00|00|07
1771337305.569,unsolicited,0,0,0,C0|00|08|00|00|00|07
1771337306.812,solicited,0,,0,
1771337306.910,unsolicited,0,0,0,C0|00|08|00|00|00|07
1771337307.180,unsolicited,0,0,0,C0|00|08|00|00|00|07
1771337307.214,unsolicited,0,0,0,C0|00|08|00|00|00|07
1771337307.246,unsolicited,0,0,0,C0|00|08|00|00|00|07
1771337307.247,unsolicited,0,0,0,C0|00|08|00|00|00|07
1771337307.280,unsolicited,0,0,0,C0|00|08|00|00|00|07
1771337307.483,unsolicited,0,0,0,C0|00|08|00|00|00|07
1771337307.954,unsolicited,0,0,0,C0|00|08|00|00|00|07
1771337307.989,unsolicited,0,0,0,C0|00|08|00|00|00|07
1771337308.055,unsolicited,0,0,0,C0|00|08|00|00|00|07
1771337308.056,unsolicited,0,0,0,C0|00|08|00|00|00|07
1771337308.088,solicited,0,,0,
1771337308.122,unsolicited,0,0,0,C0|00|08|00|00|00|07
1771337308.154,unsolicited,0,0,0,C0|00|08|00|00|00|07
1771337308.155,unsolicited,0,0,0,C0|00|08|00|00|00|07
1771337308.188,unsolicited,0,0,0,C0|00|08|00|00|00|07
1771337308.189,unsolicited,0,0,0,C0|00|08|00|00|00|07
1771337308.189,unsolicited,0,0,0,C0|00|08|00|00|00|07
1771337308.222,unsolicited,0,0,0,C0|00|08|00|00|00|07
1771337308.288,unsolicited,0,0,0,C0|00|08|00|00|00|07
1771337308.288,unsolicited,0,0,0,C0|00|08|00|00|00|07
1771337308.390,unsolicited,0,0,0,C0|00|08|00|00|00|07
1771337308.423,unsolicited,0,0,0,C0|00|08|00|00|00|07
1771337308.523,unsolicited,0,0,0,C0|00|08|00|00|00|07
1771337308.556,unsolicited,0,0,0,C0|00|08|00|00|00|07
1771337308.855,unsolicited,0,0,0,C0|00|08|00|00|00|07
1771337309.661,solicited,0,,0,
1771337310.131,unsolicited,0,0,0,C8|00|08|06|00|00|15
1771337310.168,solicited,0,,0,
1771337310.905,unsolicited,0,0,0,C8|00|08|01|00|00|10
1771337310.939,unsolicited,0,0,0,C8|00|08|01|00|00|10
1771337310.939,unsolicited,0,0,0,C8|00|08|01|00|00|10
1771337310.940,solicited,1160,,0,
1771337311.141,unsolicited,0,0,1160,C8|00|08|00|00|00|0F
1771337311.144,unsolicited,0,0,1160,C8|00|08|00|00|00|0F
1771337311.275,unsolicited,0,0,1160,C8|00|08|00|00|00|0F
1771337311.275,unsolicited,0,0,1160,C8|00|08|00|00|00|0F
1771337311.476,unsolicited,0,0,1160,C8|00|08|00|00|00|0F
1771337311.476,solicited,1357,,0,
1771337311.542,unsolicited,0,0,1357,C8|00|08|00|00|00|0F
1771337311.744,unsolicited,0,0,1357,C8|00|08|00|00|00|0F
1771337312.282,unsolicited,0,0,1357,C8|00|08|00|00|00|0F
1771337312.282,unsolicited,0,0,1357,C8|00|08|00|00|00|0F
1771337312.350,unsolicited,0,0,1357,C8|00|08|00|00|00|0F
1771337312.418,unsolicited,0,0,1357,C8|00|08|00|00|00|0F
1771337312.587,solicited,1175,,0,
1771337312.825,unsolicited,0,0,1175,C8|00|08|00|00|00|0F
1771337312.857,unsolicited,0,0,1175,C8|00|08|00|00|00|0F
1771337312.858,unsolicited,0,0,1175,C8|00|08|00|00|00|0F
1771337313.162,unsolicited,0,0,1175,C8|00|08|00|00|00|0F
1771337314.037,unsolicited,0,0,1175,C0|00|08|00|00|00|07
1771337314.071,solicited,1280,,0,
1771337314.239,unsolicited,0,0,1280,C0|00|08|00|00|00|07
1771337314.573,unsolicited,0,0,1280,C0|00|08|00|00|00|07
1771337314.576,unsolicited,0,0,1280,C0|00|08|00|00|00|07
1771337314.607,solicited,1328,,0,
1771337315.549,solicited,1312,,0,
1771337315.682,unsolicited,0,0,1312,C0|00|08|00|00|00|07
1771337316.217,solicited,1336,,0,
1771337317.259,unsolicited,0,0,1336,C0|00|08|00|00|00|07
1771337317.563,unsolicited,0,0,1336,C0|00|08|00|00|00|07
1771337317.597,solicited,1346,,0,
1771337319.606,solicited,1306,,0,
1771337319.709,unsolicited,0,0,1306,C0|00|08|00|00|00|07
1771337320.010,unsolicited,0,0,1306,C0|00|08|00|00|00|07
1771337320.617,unsolicited,0,0,1306,C0|00|08|00|00|00|07
1771337320.651,solicited,1307,,0,
1771337320.687,unsolicited,0,0,1307,C0|00|08|00|00|00|07
1771337322.129,unsolicited,0,0,1307,C0|00|08|00|00|00|07
1771337322.161,solicited,1311,,0,
1771337323.242,solicited,1298,,0,
1771337323.309,unsolicited,0,0,1298,C0|00|08|00|00|00|07
1771337323.509,unsolicited,0,0,1298,C0|00|08|00|00|00|07
1771337323.511,unsolicited,0,0,1298,C0|00|08|00|00|00|07
1771337323.577,unsolicited,0,0,1298,C0|00|08|00|00|00|07
1771337323.611,unsolicited,0,0,1298,C0|00|08|00|00|00|07
1771337323.611,unsolicited,0,0,1298,C0|00|08|00|00|00|07
1771337323.777,unsolicited,0,0,1298,C0|00|08|00|00|00|07
1771337324.045,unsolicited,0,0,1298,C0|00|08|00|00|00|07
1771337324.079,unsolicited,0,0,1298,C0|00|08|00|00|00|07
1771337324.112,unsolicited,0,0,1298,C0|00|08|00|00|00|07
1771337324.113,unsolicited,0,0,1298,C0|00|08|00|00|00|07
1771337324.147,unsolicited,0,0,1298,C0|00|08|00|00|00|07
1771337324.214,unsolicited,0,0,1298,C0|00|08|00|00|00|07
1771337324.550,unsolicited,0,0,1298,C0|00|08|00|00|00|07
1771337324.884,solicited,1297,,0,
1771337325.661,unsolicited,0,0,1297,C0|00|08|00|00|00|07
1771337325.695,solicited,1297,,0,
1771337325.868,unsolicited,0,0,1297,C0|00|08|00|00|00|07
1771337325.898,unsolicited,0,0,1297,C0|00|08|00|00|00|07
1771337325.998,unsolicited,0,0,1297,C0|00|08|00|00|00|07
1771337327.412,solicited,1302,,0,
1771337328.318,solicited,1284,,0,
1771337328.352,unsolicited,0,0,1284,C0|00|08|00|00|00|07
1771337328.453,unsolicited,0,0,1284,C0|00|08|00|00|00|07
1771337328.454,unsolicited,0,0,1284,C0|00|08|00|00|00|07
1771337328.823,unsolicited,0,0,1284,C0|00|08|00|00|00|07
1771337328.925,solicited,1279,,0,
1771337328.959,unsolicited,0,0,1279,C0|00|08|00|00|00|07
1771337328.961,unsolicited,0,0,1279,C0|00|08|00|00|00|07
1771337329.094,unsolicited,0,0,1279,C0|00|08|00|00|00|07
1771337329.095,unsolicited,0,0,1279,C0|00|08|00|00|00|07
1771337329.096,unsolicited,0,0,1279,C0|00|08|00|00|00|07
1771337329.334,unsolicited,0,0,1279,C0|00|08|00|00|00|07
1771337329.369,unsolicited,0,0,1279,C0|00|08|00|00|00|07
1771337329.402,unsolicited,0,0,1279,C0|00|08|00|00|00|07
1771337329.435,unsolicited,0,0,1279,C0|00|08|00|00|00|07
1771337329.670,unsolicited,0,0,1279,C0|00|08|00|00|00|07
1771337329.670,unsolicited,0,0,1279,C0|00|08|00|00|00|07
1771337330.376,unsolicited,0,0,1279,C0|00|08|00|00|00|07
1771337330.377,unsolicited,0,0,1279,C0|00|08|00|00|00|07
1771337330.407,solicited,1286,,0,
1771337330.507,unsolicited,0,0,1286,C0|00|08|00|00|00|07
1771337330.509,unsolicited,0,0,1286,C0|00|08|00|00|00|07
1771337330.709,unsolicited,0,0,1286,C0|00|08|00|00|00|07
1771337330.809,unsolicited,0,0,1286,C0|00|08|00|00|00|07
1771337330.911,unsolicited,0,0,1286,C0|00|08|00|00|00|07
1771337330.945,solicited,1287,,0,
1771337330.977,unsolicited,0,0,1287,C0|00|08|00|00|00|07
1771337331.113,unsolicited,0,0,1287,C0|00|08|00|00|00|07
1771337331.446,unsolicited,0,0,1287,C0|00|08|00|00|00|07
1771337331.446,unsolicited,0,0,1287,C0|00|08|00|00|00|07
1771337331.479,unsolicited,0,0,1287,C0|00|08|00|00|00|07
1771337332.317,unsolicited,0,0,1287,C0|00|08|00|00|00|07
1771337332.348,solicited,1264,,0,
1771337332.484,unsolicited,0,0,1264,C0|00|08|00|00|00|07
1771337332.955,solicited,1250,,0,
1771337333.227,unsolicited,0,0,1250,C0|00|08|00|00|00|07
1771337333.596,unsolicited,0,0,1250,C0|00|08|00|00|00|07
1771337333.597,unsolicited,0,0,1250,C0|00|08|00|00|00|07
1771337333.597,unsolicited,0,0,1250,C0|00|08|00|00|00|07
1771337333.628,solicited,1246,,0,
1771337333.632,unsolicited,0,0,1246,C0|00|08|00|00|00|07
1771337333.662,unsolicited,0,0,1246,C0|00|08|00|00|00|07
1771337333.733,unsolicited,0,0,1246,C0|00|08|00|00|00|07
1771337333.867,unsolicited,0,0,1246,C0|00|08|00|00|00|07
1771337334.068,unsolicited,0,0,1246,C0|00|08|00|00|00|07
1771337334.102,unsolicited,0,0,1246,C0|00|08|00|00|00|07
1771337334.103,unsolicited,0,0,1246,C0|00|08|00|00|00|07
1771337334.136,unsolicited,0,0,1246,C0|00|08|00|00|00|07
1771337334.138,solicited,1255,,0,
1771337334.171,unsolicited,0,0,1255,C0|00|08|00|00|00|07
1771337334.339,unsolicited,0,0,1255,C0|00|08|00|00|00|07
1771337334.373,unsolicited,0,0,1255,C0|00|08|00|00|00|07
1771337334.373,unsolicited,0,0,1255,C0|00|08|00|00|00|07
1771337334.374,unsolicited,0,0,1255,C0|00|08|00|00|00|07
1771337334.472,unsolicited,0,0,1255,C0|00|08|00|00|00|07
1771337334.507,unsolicited,0,0,1255,C0|00|08|00|00|00|07
1771337334.539,unsolicited,0,0,1255,C0|00|08|00|00|00|07
1771337334.540,unsolicited,0,0,1255,C0|00|08|00|00|00|07
1771337334.574,unsolicited,0,0,1255,C0|00|08|00|00|00|07
1771337334.608,unsolicited,0,0,1255,C0|00|08|00|00|00|07
1771337334.608,unsolicited,0,0,1255,C0|00|08|00|00|00|07
1771337334.641,solicited,1257,,0,
1771337334.842,unsolicited,0,0,1257,C0|00|08|00|00|00|07
1771337334.848,unsolicited,0,0,1257,C0|00|08|00|00|00|07
1771337334.849,unsolicited,0,0,1257,C0|00|08|00|00|00|07
1771337334.875,unsolicited,0,0,1257,C0|00|08|00|00|00|07
1771337336.825,solicited,1269,,0,
1771337336.958,unsolicited,448,7,1269,C0|07|08|00|00|00|0E
1771337336.961,unsolicited,448,7,1269,C0|07|08|00|00|00|0E
1771337339.512,solicited,1228,,448,
1771337339.579,unsolicited,448,7,1228,C0|07|08|00|00|00|0E
1771337339.847,unsolicited,448,7,1228,C0|07|08|00|00|00|0E
1771337340.453,unsolicited,448,7,1228,C0|07|08|00|00|00|0E
1771337340.484,solicited,1238,,448,
1771337340.823,unsolicited,448,7,1238,C0|07|08|00|00|00|0E
1771337341.090,unsolicited,448,7,1238,C0|07|08|00|00|00|0E
1771337341.092,unsolicited,448,7,1238,C0|07|08|00|00|00|0E
1771337341.127,solicited,1212,,448,
1771337341.157,unsolicited,448,7,1212,C0|07|08|00|00|00|0E
1771337341.223,unsolicited,448,7,1212,C0|07|08|00|00|00|0E
1771337341.223,unsolicited,448,7,1212,C0|07|08|00|00|00|0E
1771337341.225,unsolicited,448,7,1212,C0|07|08|00|00|00|0E
1771337341.257,unsolicited,448,7,1212,C0|07|08|00|00|00|0E
1771337341.525,unsolicited,448,7,1212,C0|07|08|00|00|00|0E
1771337341.559,unsolicited,448,7,1212,C0|07|08|00|00|00|0E
1771337341.625,solicited,1211,,448,
1771337342.157,solicited,1232,,448,
1771337342.192,unsolicited,448,7,1232,C0|07|08|00|00|00|0E
1771337342.226,unsolicited,448,7,1232,C0|07|08|00|00|00|0E
1771337342.227,unsolicited,448,7,1232,C0|07|08|00|00|00|0E
1771337342.227,unsolicited,448,7,1232,C0|07|08|00|00|00|0E
1771337342.261,unsolicited,448,7,1232,C0|07|08|00|00|00|0E
1771337342.358,unsolicited,448,7,1232,C0|07|08|00|00|00|0E
1771337342.460,unsolicited,448,7,1232,C0|07|08|00|00|00|0E
1771337342.528,unsolicited,448,7,1232,C0|07|08|00|00|00|0E
1771337342.529,unsolicited,448,7,1232,C0|07|08|00|00|00|0E
1771337342.628,unsolicited,448,7,1232,C0|07|08|00|00|00|0E
1771337342.629,unsolicited,448,7,1232,C0|07|08|00|00|00|0E
1771337342.629,unsolicited,448,7,1232,C0|07|08|00|00|00|0E
1771337342.662,solicited,1217,,448,
1771337342.763,unsolicited,448,7,1217,C0|07|08|00|00|00|0E
1771337342.764,unsolicited,448,7,1217,C0|07|08|00|00|00|0E
1771337342.800,unsolicited,448,7,1217,C0|07|08|00|00|00|0E
1771337342.831,unsolicited,448,7,1217,C0|07|08|00|00|00|0E
1771337342.965,unsolicited,448,7,1217,C0|07|08|00|00|00|0E
1771337342.998,unsolicited,448,7,1217,C0|07|08|00|00|00|0E
1771337344.340,unsolicited,448,7,1217,C0|07|08|00|00|00|0E
1771337344.374,unsolicited,448,7,1217,C0|07|08|00|00|00|0E
1771337344.574,unsolicited,448,7,1217,C0|07|08|00|00|00|0E
1771337344.846,unsolicited,448,7,1217,C0|07|08|00|00|00|0E
1771337344.911,unsolicited,448,7,1217,C0|07|08|00|00|00|0E
1771337344.913,solicited,1181,,448,
1771337344.945,unsolicited,448,7,1181,C0|07|08|00|00|00|0E
1771337344.979,unsolicited,448,7,1181,C0|07|08|00|00|00|0E
1771337344.982,unsolicited,448,7,1181,C0|07|08|00|00|00|0E
1771337344.983,unsolicited,448,7,1181,C0|07|08|00|00|00|0E
1771337345.012,unsolicited,448,7,1181,C0|07|08|00|00|00|0E
1771337345.013,unsolicited,448,7,1181,C0|07|08|00|00|00|0E
1771337345.013,unsolicited,448,7,1181,C0|07|08|00|00|00|0E
1771337345.214,unsolicited,448,7,1181,C0|07|08|00|00|00|0E
1771337345.383,unsolicited,448,7,1181,C0|07|08|00|00|00|0E
1771337345.417,unsolicited,448,7,1181,C0|07|08|00|00|00|0E
1771337345.418,unsolicited,448,7,1181,C0|07|08|00|00|00|0E
1771337345.418,unsolicited,448,7,1181,C0|07|08|00|00|00|0E
1771337345.451,solicited,1194,,448,
1771337345.454,unsolicited,448,7,1194,C0|07|08|00|00|00|0E
1771337345.484,unsolicited,448,7,1194,C0|07|08|00|00|00|0E
1771337345.751,unsolicited,0,0,1194,C0|00|08|00|00|00|07
1771337345.955,solicited,1214,,0,
1771337346.055,unsolicited,0,0,1214,C0|00|08|00|00|00|07
1771337346.432,unsolicited,0,0,1214,C0|00|08|00|00|00|07
1771337346.564,solicited,298,,0,
1771337347.105,solicited,114,,0,
1771337347.106,unsolicited,0,0,114,C0|00|08|00|00|00|07
1771337347.109,unsolicited,0,0,114,C0|00|08|00|00|00|07
1771337347.139,unsolicited,0,0,114,C0|00|08|00|00|00|07
1771337347.238,unsolicited,0,0,114,C0|00|08|00|00|00|07
1771337347.239,unsolicited,0,0,114,C0|00|08|00|00|00|07
1771337347.374,unsolicited,0,0,114,C0|00|08|00|00|00|07
1771337347.440,unsolicited,0,0,114,C0|00|08|00|00|00|07
1771337347.475,unsolicited,0,0,114,C0|00|08|00|00|00|07
1771337347.509,unsolicited,0,0,114,C0|00|08|00|00|00|07
1771337347.510,unsolicited,0,0,114,C0|00|08|00|00|00|07
1771337347.543,unsolicited,0,0,114,C0|00|08|00|00|00|07
1771337347.576,unsolicited,0,0,114,C0|00|08|00|00|00|07
1771337347.578,unsolicited,0,0,114,C0|00|08|00|00|00|07
1771337347.610,unsolicited,0,0,114,C0|00|08|00|00|00|07
1771337347.643,unsolicited,0,0,114,C0|00|08|00|00|00|07
1771337347.709,unsolicited,0,0,114,C0|00|08|00|00|00|07
1771337347.710,unsolicited,0,0,114,C0|00|08|00|00|00|07
1771337347.743,unsolicited,0,0,114,C0|00|08|00|00|00|07
1771337347.776,unsolicited,0,0,114,C0|00|08|00|00|00|07
1771337347.777,solicited,0,,0,
1771337347.778,unsolicited,0,0,0,C0|00|08|00|00|00|07
1771337347.779,unsolicited,0,0,0,C0|00|08|00|00|00|07
1771337347.809,unsolicited,0,0,0,C0|00|08|00|00|00|07
1771337347.843,unsolicited,0,0,0,C0|00|08|00|00|00|07
1771337347.843,unsolicited,0,0,0,C0|00|08|00|00|00|07
1771337347.876,unsolicited,0,0,0,C0|00|08|00|00|00|07
1771337347.877,unsolicited,0,0,0,C0|00|08|00|00|00|07
1771337347.910,unsolicited,0,0,0,C0|00|08|00|00|00|07
1771337348.012,unsolicited,0,0,0,C0|00|08|00|00|00|07
1771337348.043,unsolicited,0,0,0,C0|00|08|00|00|00|07
1771337348.077,unsolicited,0,0,0,C0|00|08|00|00|00|07
1771337348.079,unsolicited,0,0,0,C0|00|08|00|00|00|07
1771337348.144,solicited,0,,0,
1771337348.176,unsolicited,0,0,0,C0|00|08|00|00|00|07
1771337348.177,unsolicited,0,0,0,C0|00|08|00|00|00|07
1771337348.344,unsolicited,0,0,0,C0|00|08|00|00|00|07
1771337348.377,unsolicited,0,0,0,C0|00|08|00|00|00|07
1771337348.410,unsolicited,0,0,0,C0|00|08|00|00|00|07
1771337348.442,unsolicited,0,0,0,C0|00|08|00|00|00|07
1771337348.443,unsolicited,0,0,0,C0|00|08|00|00|00|07
1771337348.477,unsolicited,0,0,0,C0|00|08|00|00|00|07
1771337348.544,unsolicited,0,0,0,C0|00|08|00|00|00|07
1771337348.646,solicited,0,,0,
1771337348.679,unsolicited,0,0,0,C0|00|08|00|00|00|07
1771337348.781,unsolicited,0,0,0,C0|00|08|00|00|00|07
1771337349.048,unsolicited,0,0,0,C0|00|08|00|00|00|07
1771337349.149,unsolicited,0,0,0,C0|00|08|00|00|00|07
1771337349.182,solicited,0,,0,
1771337349.182,unsolicited,0,0,0,C0|00|08|00|00|00|07
1771337349.183,unsolicited,0,0,0,C0|00|08|00|00|00|07
1771337349.217,unsolicited,0,0,0,C0|00|08|00|00|00|07
1771337349.382,unsolicited,0,0,0,C0|00|08|00|00|00|07
1771337349.416,unsolicited,0,0,0,C0|00|08|00|00|00|07
1771337349.416,unsolicited,0,0,0,C0|00|08|00|00|00|07
1771337349.484,unsolicited,0,0,0,C0|00|08|00|00|00|07
1771337349.717,unsolicited,0,0,0,C0|00|08|00|00|00|07
1771337349.982,unsolicited,0,0,0,C0|00|08|00|00|00|07
1771337349.983,unsolicited,0,0,0,C0|00|08|00|00|00|07
1771337350.117,unsolicited,0,0,0,C0|00|08|00|00|00|07
1771337351.327,solicited,0,,0,
1771337351.629,unsolicited,0,0,0,C0|00|08|00|00|00|07
1771337352.271,unsolicited,0,0,0,C0|00|08|00|00|00|07
1771337352.272,unsolicited,0,0,0,C0|00|08|00|00|00|07
1771337352.506,unsolicited,0,0,0,C0|00|08|00|00|00|07
1771337352.539,unsolicited,0,0,0,C0|00|08|00|00|00|07
1771337352.540,unsolicited,0,0,0,C0|00|08|00|00|00|07
1771337352.541,unsolicited,0,0,0,C0|00|08|00|00|00|07
1771337352.573,unsolicited,0,0,0,C0|00|08|00|00|00|07
1771337352.605,unsolicited,0,0,0,C0|00|08|00|00|00|07
1771337352.606,unsolicited,0,0,0,C0|00|08|00|00|00|07
1771337352.639,unsolicited,0,0,0,C0|00|08|00|00|00|07
1771337352.639,unsolicited,0,0,0,C0|00|08|00|00|00|07
1771337352.672,unsolicited,0,0,0,C0|00|08|00|00|00|07
1771337352.673,unsolicited,0,0,0,C0|00|08|00|00|00|07
1771337353.409,unsolicited,0,0,0,C0|00|08|00|00|00|07
1771337353.443,solicited,0,,0,
1771337353.714,unsolicited,0,0,0,C0|00|08|00|00|00|07
1771337353.715,unsolicited,0,0,0,C0|00|08|00|00|00|07
1771337353.746,unsolicited,0,0,0,C0|00|08|00|00|00|07
1771337353.781,unsolicited,0,0,0,C0|00|08|00|00|00|07
1771337353.781,unsolicited,0,0,0,C0|00|08|00|00|00|07
1771337353.847,unsolicited,0,0,0,C0|00|08|00|00|00|07
1771337353.848,unsolicited,0,0,0,C0|00|08|00|00|00|07
1771337354.253,unsolicited,0,0,0,C0|00|08|00|00|00|07
1771337354.287,unsolicited,0,0,0,C0|00|08|00|00|00|07
1771337354.287,unsolicited,0,0,0,C0|00|08|00|00|00|07
1771337354.355,unsolicited,0,0,0,C0|00|08|00|00|00|07
1771337354.387,unsolicited,0,0,0,C0|00|08|00|00|00|07
1771337354.387,unsolicited,0,0,0,C0|00|08|00|00|00|07
1771337354.420,unsolicited,0,0,0,C0|00|08|00|00|00|07
1771337354.521,solicited,0,,0,
1771337354.522,unsolicited,0,0,0,C0|00|08|00|00|00|07
1771337354.522,unsolicited,0,0,0,C0|00|08|00|00|00|07
1771337354.555,unsolicited,0,0,0,C0|00|08|00|00|00|07
1771337354.556,unsolicited,0,0,0,C0|00|08|00|00|00|07
1771337354.589,unsolicited,0,0,0,C0|00|08|00|00|00|07
1771337355.360,unsolicited,0,0,0,C0|00|08|00|00|00|07
1771337355.361,unsolicited,0,0,0,C0|00|08|00|00|00|07
1771337355.394,solicited,0,,0,
1771337355.395,unsolicited,0,0,0,C0|00|08|00|00|00|07
1771337355.561,unsolicited,0,0,0,C0|00|08|00|00|00|07
1771337355.762,unsolicited,0,0,0,C0|00|08|00|00|00|07
1771337355.796,unsolicited,0,0,0,C0|00|08|00|00|00|07
1771337356.434,solicited,0,,0,
1771337356.535,unsolicited,0,0,0,C0|00|08|00|00|00|07
1771337356.604,unsolicited,0,0,0,C0|00|08|00|00|00|07
1771337356.804,unsolicited,0,0,0,C0|00|08|00|00|00|07
1771337358.518,unsolicited,0,0,0,C0|00|08|00|00|00|07
1771337360.027,unsolicited,0,0,0,C0|00|08|00|00|00|07
1771337360.060,unsolicited,0,0,0,C0|00|08|00|00|00|07
1771337360.060,solicited,0,,0,
1771337360.093,unsolicited,0,0,0,C0|00|08|00|00|00|07
1771337360.394,unsolicited,0,0,0,C0|00|08|00|00|00|07
1771337360.395,unsolicited,0,0,0,C0|00|08|00|00|00|07
1771337360.395,unsolicited,0,0,0,C0|00|08|00|00|00|07
1771337360.428,unsolicited,0,0,0,C0|00|08|00|00|00|07
1771337360.596,solicited,0,,0,
1771337360.599,unsolicited,0,0,0,C0|00|08|00|00|00|07
1771337360.630,unsolicited,0,0,0,C0|00|08|00|00|00|07
1771337360.728,unsolicited,0,0,0,C0|00|08|00|00|00|07
1771337360.830,unsolicited,0,0,0,C0|00|08|00|00|00|07
1771337360.830,unsolicited,0,0,0,C0|00|08|00|00|00|07
1771337361.133,unsolicited,0,0,0,C0|00|08|00|00|00|07
1771337361.134,unsolicited,0,0,0,C0|00|08|00|00|00|07
1771337361.167,solicited,0,,0,
1771337361.167,unsolicited,0,0,0,C0|00|08|00|00|00|07
1771337361.201,unsolicited,0,0,0,C0|00|08|00|00|00|07
1771337361.233,unsolicited,0,0,0,C0|00|08|00|00|00|07
1771337363.059,unsolicited,0,0,0,C0|00|08|00|00|00|07
1771337363.092,unsolicited,0,0,0,C0|00|08|00|00|00|07
1771337363.092,solicited,0,,0,
1771337363.363,unsolicited,0,0,0,C0|00|08|00|00|00|07
1771337363.364,unsolicited,0,0,0,C0|00|08|00|00|00|07
1771337364.573,solicited,0,,0,
1771337364.573,unsolicited,0,0,0,C0|00|08|00|00|00|07
1771337364.606,unsolicited,0,0,0,C0|00|08|00|00|00|07
1771337365.881,unsolicited,0,0,0,C0|00|08|00|00|00|07
1771337366.185,unsolicited,0,0,0,C0|00|08|00|00|00|07
1771337366.489,unsolicited,0,0,0,C0|00|08|00|00|00|07
1771337366.490,unsolicited,0,0,0,C0|00|08|00|00|00|07
1771337366.523,solicited,0,,0,
1771337366.658,unsolicited,0,0,0,C0|00|08|00|00|00|07
1771337366.690,unsolicited,0,0,0,C0|00|08|00|00|00|07
1771337366.790,unsolicited,0,0,0,C0|00|08|00|00|00|07
1771337367.057,solicited,0,,0,
1771337367.393,unsolicited,0,0,0,C0|00|08|00|00|00|07
1771337367.395,unsolicited,0,0,0,C0|00|08|00|00|00|07
1771337367.426,unsolicited,0,0,0,C0|00|08|00|00|00|07
1771337367.496,unsolicited,0,0,0,C0|00|08|00|00|00|07
1771337367.562,solicited,0,,0,
1771337367.630,unsolicited,0,0,0,C0|00|08|00|00|00|07
1771337367.630,unsolicited,0,0,0,C0|00|08|00|00|00|07
1771337367.663,unsolicited,0,0,0,C0|00|08|00|00|00|07
1771337367.731,unsolicited,0,0,0,C0|00|08|00|00|00|07
1771337367.799,unsolicited,0,0,0,C0|00|08|00|00|00|07
1771337367.899,unsolicited,0,0,0,C0|00|08|00|00|00|07
1771337367.966,unsolicited,0,0,0,C0|00|08|00|00|00|07
1771337367.967,unsolicited,0,0,0,C0|00|08|00|00|00|07
1771337367.999,unsolicited,0,0,0,C0|00|08|00|00|00|07
1771337368.032,unsolicited,0,0,0,C0|00|08|00|00|00|07
1771337368.032,unsolicited,0,0,0,C0|00|08|00|00|00|07
1771337368.033,unsolicited,0,0,0,C0|00|08|00|00|00|07
1771337368.067,solicited,0,,0,
1771337368.099,unsolicited,0,0,0,C0|00|08|00|00|00|07
1771337368.101,unsolicited,0,0,0,C0|00|08|00|00|00|07
1771337368.102,unsolicited,0,0,0,C0|00|08|00|00|00|07
1771337368.133,unsolicited,0,0,0,C0|00|08|00|00|00|07
1771337368.134,unsolicited,0,0,0,C0|00|08|00|00|00|07
1771337368.603,unsolicited,0,0,0,C0|00|08|00|00|00|07
1771337368.636,solicited,0,,0,
1771337368.670,unsolicited,0,0,0,C0|00|08|00|00|00|07
1771337370.888,unsolicited,0,0,0,C0|00|08|00|00|00|07
1771337370.922,solicited,0,,0,
1771337372.371,unsolicited,0,0,0,C0|00|08|00|00|00|07
1771337373.246,solicited,0,,0,
1771337375.364,solicited,1310,,0,
1771337376.343,unsolicited,448,7,1310,C8|07|08|00|00|00|16
1771337376.373,unsolicited,448,7,1310,C8|07|08|00|00|00|16
1771337376.373,solicited,1292,,448,
1771337376.778,unsolicited,448,7,1292,C8|07|08|00|00|00|16
1771337376.880,solicited,1343,,448,
1771337377.112,unsolicited,448,7,1343,C8|07|08|00|00|00|16
1771337377.113,unsolicited,448,7,1343,C8|07|08|00|00|00|16
1771337377.213,unsolicited,448,7,1343,C8|07|08|00|00|00|16
1771337377.214,unsolicited,448,7,1343,C8|07|08|00|00|00|16
1771337377.214,unsolicited,448,7,1343,C8|07|08|00|00|00|16
1771337377.246,unsolicited,448,7,1343,C8|07|08|00|00|00|16
1771337377.248,unsolicited,448,7,1343,C8|07|08|00|00|00|16
1771337377.249,unsolicited,448,7,1343,C0|07|08|00|00|00|0E
1771337377.380,unsolicited,448,7,1343,C0|07|08|00|00|00|0E
1771337377.381,solicited,1305,,448,
1771337377.414,unsolicited,448,7,1305,C0|07|08|00|00|00|0E
1771337377.449,unsolicited,448,7,1305,C0|07|08|00|00|00|0E
1771337377.449,unsolicited,448,7,1305,C0|07|08|00|00|00|0E
1771337377.481,unsolicited,448,7,1305,C0|07|08|00|00|00|0E
1771337377.881,unsolicited,448,7,1305,C0|07|08|00|00|00|0E
1771337377.883,solicited,1295,,448,
1771337377.914,unsolicited,448,7,1295,C0|07|08|00|00|00|0E
1771337377.915,unsolicited,448,7,1295,C0|07|08|00|00|00|0E
1771337377.915,unsolicited,448,7,1295,C0|07|08|00|00|00|0E
1771337379.796,solicited,1303,,448,
1771337380.301,solicited,1296,,448,
1771337380.505,unsolicited,448,7,1296,C0|07|08|00|00|00|0E
1771337380.671,unsolicited,448,7,1296,C0|07|08|00|00|00|0E
1771337380.704,unsolicited,448,7,1296,C0|07|08|00|00|00|0E
1771337380.739,unsolicited,448,7,1296,C0|07|08|00|00|00|0E
1771337380.839,unsolicited,448,7,1296,C0|07|08|00|00|00|0E
1771337381.041,unsolicited,448,7,1296,C0|07|08|00|00|00|0E
1771337381.075,unsolicited,448,7,1296,C0|07|08|00|00|00|0E
1771337381.112,unsolicited,448,7,1296,C0|07|08|00|00|00|0E
1771337381.210,unsolicited,448,7,1296,C0|07|08|00|00|00|0E
1771337381.243,unsolicited,448,7,1296,C0|07|08|00|00|00|0E
1771337381.277,unsolicited,448,7,1296,C0|07|08|00|00|00|0E
1771337381.279,unsolicited,448,7,1296,C0|07|08|00|00|00|0E
1771337381.477,unsolicited,448,7,1296,C0|07|08|00|00|00|0E
1771337381.478,unsolicited,448,7,1296,C0|07|08|00|00|00|0E
1771337381.510,solicited,1298,,448,
1771337381.576,unsolicited,448,7,1298,C0|07|08|00|00|00|0E
1771337381.578,unsolicited,448,7,1298,C0|07|08|00|00|00|0E
1771337381.610,unsolicited,448,7,1298,C0|07|08|00|00|00|0E
1771337381.644,unsolicited,448,7,1298,C0|07|08|00|00|00|0E
1771337381.645,unsolicited,448,7,1298,C0|07|08|00|00|00|0E
1771337381.676,unsolicited,448,7,1298,C0|07|08|00|00|00|0E
1771337381.710,unsolicited,448,7,1298,C0|07|08|00|00|00|0E
1771337381.780,unsolicited,448,7,1298,C0|07|08|00|00|00|0E
1771337381.812,unsolicited,448,7,1298,C0|07|08|00|00|00|0E
1771337381.846,unsolicited,448,7,1298,C0|07|08|00|00|00|0E
1771337382.114,unsolicited,448,7,1298,C0|07|08|00|00|00|0E
1771337382.148,solicited,1307,,448,
1771337382.218,unsolicited,448,7,1307,C0|07|08|00|00|00|0E
1771337382.248,unsolicited,448,7,1307,C0|07|08|00|00|00|0E
1771337382.316,unsolicited,448,7,1307,C0|07|08|00|00|00|0E
1771337382.518,unsolicited,448,7,1307,C0|07|08|00|00|00|0E
1771337382.550,unsolicited,448,7,1307,C0|07|08|00|00|00|0E
1771337382.752,solicited,1298,,448,
1771337382.855,unsolicited,448,7,1298,C0|07|08|00|00|00|0E
1771337382.856,unsolicited,448,7,1298,C0|07|08|00|00|00|0E
1771337382.921,unsolicited,448,7,1298,C0|07|08|00|00|00|0E
1771337382.955,unsolicited,448,7,1298,C0|07|08|00|00|00|0E
1771337382.956,unsolicited,448,7,1298,C0|07|08|00|00|00|0E
1771337382.990,unsolicited,448,7,1298,C0|07|08|00|00|00|0E
1771337382.990,unsolicited,448,7,1298,C0|07|08|00|00|00|0E
1771337383.022,unsolicited,448,7,1298,C0|07|08|00|00|00|0E
1771337383.022,unsolicited,448,7,1298,C0|07|08|00|00|00|0E
1771337383.023,unsolicited,448,7,1298,C0|07|08|00|00|00|0E
1771337383.090,unsolicited,448,7,1298,C0|07|08|00|00|00|0E
1771337383.092,unsolicited,448,7,1298,C0|07|08|00|00|00|0E
1771337383.935,solicited,1289,,448,
1771337384.644,solicited,1308,,448,
1771337384.711,unsolicited,448,7,1308,C0|07|08|00|00|00|0E
1771337384.745,unsolicited,448,7,1308,C0|07|08|00|00|00|0E
1771337384.779,unsolicited,448,7,1308,C0|07|08|00|00|00|0E
1771337384.780,unsolicited,448,7,1308,C0|07|08|00|00|00|0E
1771337384.780,unsolicited,448,7,1308,C0|07|08|00|00|00|0E
1771337384.813,unsolicited,448,7,1308,C0|07|08|00|00|00|0E
1771337384.813,unsolicited,448,7,1308,C0|07|08|00|00|00|0E
1771337384.814,unsolicited,448,7,1308,C0|07|08|00|00|00|0E
1771337384.847,unsolicited,448,7,1308,C0|07|08|00|00|00|0E
1771337384.847,unsolicited,448,7,1308,C0|07|08|00|00|00|0E
1771337385.117,unsolicited,448,7,1308,C0|07|08|00|00|00|0E
1771337385.120,unsolicited,448,7,1308,C0|07|08|00|00|00|0E
1771337385.151,solicited,1306,,448,
1771337385.251,unsolicited,448,7,1306,C0|07|08|00|00|00|0E
1771337385.319,unsolicited,448,7,1306,C0|07|08|00|00|00|0E
1771337385.352,unsolicited,448,7,1306,C0|07|08|00|00|00|0E
1771337385.454,unsolicited,448,7,1306,C0|07|08|00|00|00|0E
1771337386.191,unsolicited,448,7,1306,C0|07|08|00|00|00|0E
1771337386.225,unsolicited,448,7,1306,C0|07|08|00|00|00|0E
1771337386.225,solicited,1312,,448,
1771337386.258,unsolicited,448,7,1312,C0|07|08|00|00|00|0E
1771337386.527,unsolicited,448,7,1312,C0|07|08|00|00|00|0E
1771337386.560,unsolicited,448,7,1312,C0|07|08|00|00|00|0E
1771337386.762,solicited,1299,,448,
1771337386.964,unsolicited,448,7,1299,C0|07|08|00|00|00|0E
1771337387.269,unsolicited,448,7,1299,C0|07|08|00|00|00|0E
1771337387.302,unsolicited,448,7,1299,C0|07|08|00|00|00|0E
1771337387.302,solicited,1245,,448,
1771337387.537,unsolicited,448,7,1245,C0|07|08|00|00|00|0E
1771337387.537,unsolicited,448,7,1245,C0|07|08|00|00|00|0E
1771337387.605,unsolicited,448,7,1245,C0|07|08|00|00|00|0E
1771337387.706,unsolicited,448,7,1245,C0|07|08|00|00|00|0E
1771337387.739,unsolicited,448,7,1245,C0|07|08|00|00|00|0E
1771337387.772,unsolicited,448,7,1245,C0|07|08|00|00|00|0E
1771337387.877,solicited,1275,,448,
1771337387.910,unsolicited,448,7,1275,C0|07|08|00|00|00|0E
1771337387.910,unsolicited,448,7,1275,C0|07|08|00|00|00|0E
1771337388.146,unsolicited,448,7,1275,C0|07|08|00|00|00|0E
1771337388.180,unsolicited,448,7,1275,C0|07|08|00|00|00|0E
1771337388.180,unsolicited,448,7,1275,C0|07|08|00|00|00|0E
1771337388.246,unsolicited,448,7,1275,C0|07|08|00|00|00|0E
1771337388.247,unsolicited,448,7,1275,C0|07|08|00|00|00|0E
1771337388.583,solicited,1285,,448,
1771337388.586,unsolicited,448,7,1285,C0|07|08|00|00|00|0E
1771337388.586,unsolicited,448,7,1285,C0|07|08|00|00|00|0E
1771337389.325,solicited,1258,,448,
1771337389.427,unsolicited,448,7,1258,C0|07|08|00|00|00|0E
1771337389.461,unsolicited,448,7,1258,C0|07|08|00|00|00|0E
1771337389.461,unsolicited,448,7,1258,C0|07|08|00|00|00|0E
1771337389.595,unsolicited,448,7,1258,C0|07|08|00|00|00|0E
1771337389.596,unsolicited,448,7,1258,C0|07|08|00|00|00|0E
1771337389.597,unsolicited,448,7,1258,C0|07|08|00|00|00|0E
1771337389.629,unsolicited,448,7,1258,C0|07|08|00|00|00|0E
1771337389.629,unsolicited,448,7,1258,C0|07|08|00|00|00|0E
1771337389.899,solicited,1282,,448,
1771337390.269,unsolicited,448,7,1282,C0|07|08|00|00|00|0E
1771337390.537,solicited,1299,,448,
1771337390.638,unsolicited,448,7,1299,C0|07|08|00|00|00|0E
1771337390.671,unsolicited,448,7,1299,C0|07|08|00|00|00|0E
1771337390.738,unsolicited,448,7,1299,C0|07|08|00|00|00|0E
1771337390.739,unsolicited,448,7,1299,C0|07|08|00|00|00|0E
1771337390.840,unsolicited,448,7,1299,C0|07|08|00|00|00|0E
1771337390.841,unsolicited,448,7,1299,C0|07|08|00|00|00|0E
1771337390.877,unsolicited,448,7,1299,C0|07|08|00|00|00|0E
1771337390.907,unsolicited,448,7,1299,C0|07|08|00|00|00|0E
1771337390.975,unsolicited,448,7,1299,C0|07|08|00|00|00|0E
1771337391.043,unsolicited,448,7,1299,C0|07|08|00|00|00|0E
1771337391.076,solicited,1261,,448,
1771337391.210,unsolicited,448,7,1261,C0|07|08|00|00|00|0E
1771337391.211,unsolicited,448,7,1261,C0|07|08|00|00|00|0E
1771337391.211,unsolicited,448,7,1261,C0|07|08|00|00|00|0E
1771337391.243,unsolicited,448,7,1261,C0|07|08|00|00|00|0E
1771337391.478,unsolicited,448,7,1261,C0|07|08|00|00|00|0E
1771337391.512,unsolicited,448,7,1261,C0|07|08|00|00|00|0E
1771337391.547,unsolicited,448,7,1261,C0|07|08|00|00|00|0E
1771337391.615,solicited,1245,,448,
1771337391.616,unsolicited,448,7,1245,C0|07|08|00|00|00|0E
1771337391.715,unsolicited,448,7,1245,C0|07|08|00|00|00|0E
1771337391.748,unsolicited,448,7,1245,C0|07|08|00|00|00|0E
1771337392.617,solicited,1267,,448,
1771337392.719,unsolicited,448,7,1267,C0|07|08|00|00|00|0E
1771337393.056,unsolicited,448,7,1267,C0|07|08|00|00|00|0E
1771337393.153,unsolicited,448,7,1267,C0|07|08|00|00|00|0E
1771337393.186,unsolicited,448,7,1267,C0|07|08|00|00|00|0E
1771337393.187,solicited,1237,,448,
1771337393.389,unsolicited,448,7,1237,C0|07|08|00|00|00|0E
1771337393.390,unsolicited,448,7,1237,C0|07|08|00|00|00|0E
1771337393.422,unsolicited,448,7,1237,C0|07|08|00|00|00|0E
1771337393.422,unsolicited,448,7,1237,C0|07|08|00|00|00|0E
1771337393.523,unsolicited,448,7,1237,C0|07|08|00|00|00|0E
1771337393.557,unsolicited,448,7,1237,C0|07|08|00|00|00|0E
1771337393.557,unsolicited,448,7,1237,C0|07|08|00|00|00|0E
1771337393.591,unsolicited,448,7,1237,C0|07|08|00|00|00|0E
1771337393.593,unsolicited,448,7,1237,C0|07|08|00|00|00|0E
1771337393.626,unsolicited,448,7,1237,C0|07|08|00|00|00|0E
1771337393.660,unsolicited,448,7,1237,C0|07|08|00|00|00|0E
1771337393.660,unsolicited,448,7,1237,C0|07|08|00|00|00|0E
1771337393.664,unsolicited,448,7,1237,C0|07|08|00|00|00|0E
1771337393.693,unsolicited,448,7,1237,C0|07|08|00|00|00|0E
1771337393.693,unsolicited,448,7,1237,C0|07|08|00|00|00|0E
1771337393.726,solicited,1235,,448,
1771337393.892,unsolicited,448,7,1235,C0|07|08|00|00|00|0E
1771337393.927,unsolicited,448,7,1235,C0|07|08|00|00|00|0E
1771337394.030,unsolicited,448,7,1235,C0|07|08|00|00|00|0E
1771337395.881,unsolicited,384,6,1235,C0|06|08|00|00|00|0D
1771337395.883,unsolicited,384,6,1235,C0|06|08|00|00|00|0D
1771337395.914,solicited,1250,,384,
1771337395.984,unsolicited,384,6,1250,C0|06|08|00|00|00|0D
1771337395.985,unsolicited,384,6,1250,C0|06|08|00|00|00|0D
1771337396.217,unsolicited,384,6,1250,C0|06|08|00|00|00|0D
1771337396.283,unsolicited,384,6,1250,C0|06|08|00|00|00|0D
1771337396.351,unsolicited,384,6,1250,C0|06|08|00|00|00|0D
1771337396.485,solicited,1274,,384,
1771337396.555,unsolicited,384,6,1274,C0|06|08|00|00|00|0D
1771337396.585,unsolicited,384,6,1274,C0|06|08|00|00|00|0D
1771337396.586,unsolicited,384,6,1274,C0|06|08|00|00|00|0D
1771337396.653,unsolicited,384,6,1274,C0|06|08|00|00|00|0D
1771337396.721,unsolicited,384,6,1274,C0|06|08|00|00|00|0D
1771337396.756,unsolicited,384,6,1274,C0|06|08|00|00|00|0D
1771337396.788,unsolicited,384,6,1274,C0|06|08|00|00|00|0D
1771337396.792,unsolicited,384,6,1274,C0|06|08|00|00|00|0D
1771337396.822,unsolicited,384,6,1274,C0|06|08|00|00|00|0D
1771337396.823,unsolicited,384,6,1274,C0|06|08|00|00|00|0D
1771337396.924,unsolicited,384,6,1274,C0|06|08|00|00|00|0D
1771337396.958,unsolicited,384,6,1274,C0|06|08|00|00|00|0D
1771337396.991,solicited,1246,,384,
1771337397.058,unsolicited,384,6,1246,C0|06|08|00|00|00|0D
1771337397.767,solicited,1226,,384,
1771337397.800,unsolicited,384,6,1226,C0|06|08|00|00|00|0D
1771337398.034,unsolicited,384,6,1226,C0|06|08|00|00|00|0D
1771337400.350,solicited,1223,,384,
1771337400.383,unsolicited,384,6,1223,C0|06|08|00|00|00|0D
1771337402.504,unsolicited,384,6,1223,C0|06|08|00|00|00|0D
1771337402.539,unsolicited,384,6,1223,C0|06|08|00|00|00|0D
1771337403.111,solicited,1217,,384,
1771337403.180,unsolicited,384,6,1217,C0|06|08|00|00|00|0D
1771337403.212,unsolicited,384,6,1217,C0|06|08|00|00|00|0D
1771337403.213,unsolicited,384,6,1217,C0|06|08|00|00|00|0D
1771337403.279,unsolicited,384,6,1217,C0|06|08|00|00|00|0D
1771337403.447,unsolicited,384,6,1217,C0|06|08|00|00|00|0D
1771337403.479,unsolicited,384,6,1217,C0|06|08|00|00|00|0D
1771337403.480,unsolicited,384,6,1217,C0|06|08|00|00|00|0D
1771337403.512,unsolicited,384,6,1217,C0|06|08|00|00|00|0D
1771337403.547,unsolicited,384,6,1217,C0|06|08|00|00|00|0D
1771337403.884,unsolicited,384,6,1217,C0|06|08|00|00|00|0D
1771337403.884,unsolicited,384,6,1217,C0|06|08|00|00|00|0D
1771337404.118,unsolicited,384,6,1217,C0|06|08|00|00|00|0D
1771337404.153,solicited,1178,,384,
1771337404.289,unsolicited,384,6,1178,C0|06|08|00|00|00|0D
1771337404.387,unsolicited,384,6,1178,C0|06|08|00|00|00|0D
1771337404.657,unsolicited,384,6,1178,C0|06|08|00|00|00|0D
1771337404.657,unsolicited,384,6,1178,C0|06|08|00|00|00|0D
1771337404.692,unsolicited,384,6,1178,C0|06|08|00|00|00|0D
1771337404.693,solicited,1173,,384,
1771337404.824,unsolicited,384,6,1173,C0|06|08|00|00|00|0D
1771337405.059,unsolicited,384,6,1173,C0|06|08|00|00|00|0D
1771337405.091,unsolicited,384,6,1173,C0|06|08|00|00|00|0D
1771337405.092,unsolicited,384,6,1173,C0|06|08|00|00|00|0D
1771337405.229,solicited,1202,,384,
1771337405.428,unsolicited,384,6,1202,C0|06|08|00|00|00|0D
1771337405.530,unsolicited,0,0,1202,C0|00|08|00|00|00|07
1771337405.665,unsolicited,0,0,1202,C0|00|08|00|00|00|07
1771337405.666,unsolicited,0,0,1202,C0|00|08|00|00|00|07
1771337405.667,unsolicited,0,0,1202,C0|00|08|00|00|00|07
1771337405.698,unsolicited,0,0,1202,C0|00|08|00|00|00|07
1771337405.699,unsolicited,0,0,1202,C0|00|08|00|00|00|07
1771337405.737,solicited,1209,,0,
1771337405.934,unsolicited,0,0,1209,C0|00|08|00|00|00|07
1771337405.938,unsolicited,0,0,1209,C0|00|08|00|00|00|07
1771337405.967,unsolicited,0,0,1209,C0|00|08|00|00|00|07
1771337406.101,unsolicited,0,0,1209,C0|00|08|00|00|00|07
1771337406.102,unsolicited,0,0,1209,C0|00|08|00|00|00|07
1771337406.102,unsolicited,0,0,1209,C0|00|08|00|00|00|07
1771337406.202,unsolicited,0,0,1209,C0|00|08|00|00|00|07
1771337406.235,solicited,564,,0,
1771337408.292,unsolicited,0,0,564,C0|00|08|00|00|00|07
1771337408.296,unsolicited,0,0,564,C0|00|08|00|00|00|07
1771337408.325,solicited,0,,0,
1771337408.359,unsolicited,0,0,0,C0|00|08|00|00|00|07
1771337408.393,unsolicited,0,0,0,C0|00|08|00|00|00|07
1771337409.571,solicited,0,,0,
1771337409.705,unsolicited,0,0,0,C0|00|08|00|00|00|07
1771337409.708,unsolicited,0,0,0,C0|00|08|00|00|00|07
1771337410.444,unsolicited,0,0,0,C0|00|08|00|00|00|07
1771337410.983,unsolicited,0,0,0,C0|00|08|00|00|00|07
1771337411.015,solicited,0,,0,
1771337411.117,unsolicited,0,0,0,C0|00|08|00|00|00|07
1771337411.184,unsolicited,0,0,0,C0|00|08|00|00|00|07
1771337411.184,unsolicited,0,0,0,C0|00|08|00|00|00|07
1771337411.185,unsolicited,0,0,0,C0|00|08|00|00|00|07
1771337411.419,unsolicited,0,0,0,C0|00|08|00|00|00|07
1771337411.420,unsolicited,0,0,0,C0|00|08|00|00|00|07
1771337411.453,unsolicited,0,0,0,C0|00|08|00|00|00|07
1771337411.453,unsolicited,0,0,0,C0|00|08|00|00|00|07
1771337411.485,unsolicited,0,0,0,C0|00|08|00|00|00|07
1771337411.924,unsolicited,0,0,0,C0|00|08|00|00|00|07
1771337411.958,unsolicited,0,0,0,C0|00|08|00|00|00|07
1771337411.958,unsolicited,0,0,0,C0|00|08|00|00|00|07
1771337414.184,solicited,0,,0,
1771337414.553,unsolicited,0,0,0,C0|00|08|00|00|00|07
1771337414.789,solicited,0,,0,
1771337414.990,unsolicited,0,0,0,C0|00|08|00|00|00|07
1771337415.191,unsolicited,0,0,0,C0|00|08|00|00|00|07
1771337415.258,unsolicited,0,0,0,C0|00|08|00|00|00|07
1771337415.292,solicited,0,,0,
1771337415.324,unsolicited,0,0,0,C0|00|08|00|00|00|07
1771337415.560,unsolicited,0,0,0,C0|00|08|00|00|00|07
1771337415.560,unsolicited,0,0,0,C0|00|08|00|00|00|07
1771337415.796,solicited,0,,0,
1771337416.166,unsolicited,0,0,0,C0|00|08|00|00|00|07
1771337416.167,unsolicited,0,0,0,C0|00|08|00|00|00|07
1771337416.167,unsolicited,0,0,0,C0|00|08|00|00|00|07
1771337416.337,solicited,0,,0,
1771337416.337,unsolicited,0,0,0,C0|00|08|00|00|00|07
1771337416.437,unsolicited,0,0,0,C0|00|08|00|00|00|07
1771337416.437,unsolicited,0,0,0,C0|00|08|00|00|00|07
1771337416.503,unsolicited,0,0,0,C0|00|08|00|00|00|07
1771337416.504,unsolicited,0,0,0,C0|00|08|00|00|00|07
1771337416.811,unsolicited,0,0,0,C0|00|08|00|00|00|07
1771337416.845,unsolicited,0,0,0,C0|00|08|00|00|00|07
1771337416.878,solicited,0,,0,
1771337416.879,unsolicited,0,0,0,C0|00|08|00|00|00|07
1771337416.948,unsolicited,0,0,0,C0|00|08|00|00|00|07
1771337416.950,unsolicited,0,0,0,C0|00|08|00|00|00|07
1771337416.979,unsolicited,0,0,0,C0|00|08|00|00|00|07
1771337416.981,unsolicited,0,0,0,C0|00|08|00|00|00|07
1771337417.249,unsolicited,0,0,0,C0|00|08|00|00|00|07
1771337417.380,solicited,0,,0,
1771337417.414,unsolicited,0,0,0,C0|00|08|00|00|00|07
1771337417.418,unsolicited,0,0,0,C0|00|08|00|00|00|07
1771337417.549,unsolicited,0,0,0,C0|00|08|00|00|00|07
1771337417.550,unsolicited,0,0,0,C0|00|08|00|00|00|07
1771337417.788,unsolicited,0,0,0,C0|00|08|00|00|00|07
1771337417.885,solicited,0,,0,
1771337417.887,unsolicited,0,0,0,C0|00|08|00|00|00|07
1771337417.919,unsolicited,0,0,0,C0|00|08|00|00|00|07
1771337417.987,unsolicited,0,0,0,C0|00|08|00|00|00|07
1771337418.022,unsolicited,0,0,0,C0|00|08|00|00|00|07
1771337418.056,unsolicited,0,0,0,C0|00|08|00|00|00|07
1771337418.287,unsolicited,0,0,0,C0|00|08|00|00|00|07
1771337418.320,unsolicited,0,0,0,C0|00|08|00|00|00|07
1771337418.354,unsolicited,0,0,0,C0|00|08|00|00|00|07
1771337418.389,solicited,0,,0,
1771337418.421,unsolicited,0,0,0,C0|00|08|00|00|00|07
1771337418.422,unsolicited,0,0,0,C0|00|08|00|00|00|07
1771337418.491,unsolicited,0,0,0,C0|00|08|00|00|00|07
1771337418.522,unsolicited,0,0,0,C0|00|08|00|00|00|07
1771337418.895,solicited,0,,0,
1771337420.749,unsolicited,0,0,0,C0|00|08|00|00|00|07
1771337420.816,solicited,0,,0,
1771337420.817,unsolicited,0,0,0,C0|00|08|00|00|00|07
1771337420.817,unsolicited,0,0,0,C0|00|08|00|00|00|07
1771337421.325,solicited,0,,0,
1771337421.729,unsolicited,0,0,0,C0|00|08|00|00|00|07
1771337421.730,unsolicited,0,0,0,C0|00|08|00|00|00|07
1771337421.897,solicited,0,,0,
1771337421.898,unsolicited,0,0,0,C0|00|08|00|00|00|07
1771337421.932,unsolicited,0,0,0,C0|00|08|00|00|00|07
1771337422.000,unsolicited,0,0,0,C0|00|08|00|00|00|07
1771337422.101,unsolicited,0,0,0,C0|00|08|00|00|00|07
1771337422.137,unsolicited,0,0,0,C0|00|08|00|00|00|07
1771337422.172,unsolicited,0,0,0,C0|00|08|00|00|00|07
1771337422.270,unsolicited,0,0,0,C0|00|08|00|00|00|07
1771337422.302,unsolicited,0,0,0,C0|00|08|00|00|00|07
1771337422.403,solicited,0,,0,
1771337422.471,unsolicited,0,0,0,C0|00|08|00|00|00|07
1771337422.573,unsolicited,0,0,0,C0|00|08|00|00|00|07
1771337422.606,unsolicited,0,0,0,C0|00|08|00|00|00|07
1771337422.774,unsolicited,0,0,0,C0|00|08|00|00|00|07
1771337422.909,unsolicited,0,0,0,C0|00|08|00|00|00|07
1771337422.942,solicited,0,,0,
1771337422.942,unsolicited,0,0,0,C0|00|08|00|00|00|07
1771337422.975,unsolicited,0,0,0,C0|00|08|00|00|00|07
1771337422.975,unsolicited,0,0,0,C0|00|08|00|00|00|07
1771337424.419,solicited,0,,0,
1771337426.165,solicited,0,,0,
1771337427.143,solicited,0,,0,
1771337427.313,unsolicited,0,0,0,C0|00|08|00|00|00|07
1771337427.447,unsolicited,0,0,0,C0|00|08|00|00|00|07
1771337427.514,unsolicited,0,0,0,C0|00|08|00|00|00|07
1771337428.258,unsolicited,0,0,0,C0|00|08|00|00|00|07
1771337428.258,unsolicited,0,0,0,C0|00|08|00|00|00|07
1771337428.290,solicited,0,,0,
1771337428.729,unsolicited,0,0,0,C0|00|08|00|00|00|07
1771337428.731,unsolicited,0,0,0,C0|00|08|00|00|00|07
1771337428.763,unsolicited,0,0,0,C0|00|08|00|00|00|07
1771337428.797,solicited,0,,0,
1771337428.865,unsolicited,0,0,0,C0|00|08|00|00|00|07
1771337428.866,unsolicited,0,0,0,C0|00|08|00|00|00|07
1771337428.998,unsolicited,0,0,0,C0|00|08|00|00|00|07
1771337429.369,solicited,0,,0,
1771337430.208,unsolicited,0,0,0,C0|00|08|00|00|00|07
1771337430.209,unsolicited,0,0,0,C0|00|08|00|00|00|07
1771337430.242,solicited,0,,0,
1771337430.242,unsolicited,0,0,0,C0|00|08|00|00|00|07
1771337430.310,unsolicited,0,0,0,C0|00|08|00|00|00|07
1771337430.377,unsolicited,0,0,0,C0|00|08|00|00|00|07
1771337430.378,unsolicited,0,0,0,C0|00|08|00|00|00|07
1771337430.411,unsolicited,0,0,0,C0|00|08|00|00|00|07
1771337430.647,unsolicited,0,0,0,C0|00|08|00|00|00|07
1771337430.747,solicited,0,,0,
1771337430.748,unsolicited,0,0,0,C0|00|08|00|00|00|07
1771337430.880,unsolicited,0,0,0,C0|00|08|00|00|00|07
1771337430.881,unsolicited,0,0,0,C0|00|08|00|00|00|07
1771337430.913,unsolicited,0,0,0,C0|00|08|00|00|00|07
1771337431.284,solicited,0,,0,
1771337433.397,unsolicited,0,0,0,C0|00|08|00|00|00|07
1771337433.431,unsolicited,0,0,0,C0|00|08|00|00|00|07
1771337433.431,unsolicited,0,0,0,C0|00|08|00|00|00|07
1771337433.465,solicited,0,,0,
1771337434.781,solicited,0,,0,
1771337434.882,unsolicited,0,0,0,C0|00|08|00|00|00|07
1771337434.949,unsolicited,0,0,0,C0|00|08|00|00|00|07
1771337435.050,unsolicited,0,0,0,C0|00|08|00|00|00|07
1771337435.050,unsolicited,0,0,0,C0|00|08|00|00|00|07
1771337435.083,unsolicited,0,0,0,C0|00|08|00|00|00|07
1771337435.084,unsolicited,0,0,0,C0|00|08|00|00|00|07
1771337435.116,unsolicited,0,0,0,C0|00|08|00|00|00|07
1771337435.117,unsolicited,0,0,0,C0|00|08|00|00|00|07
1771337435.118,unsolicited,0,0,0,C0|00|08|00|00|00|07
1771337435.385,unsolicited,0,0,0,C0|00|08|00|00|00|07
1771337435.722,unsolicited,0,0,0,C0|00|08|00|00|00|07
1771337435.754,unsolicited,0,0,0,C0|00|08|00|00|00|07
1771337436.461,unsolicited,0,0,0,C0|00|08|00|00|00|07
1771337436.462,unsolicited,0,0,0,C0|00|08|00|00|00|07
1771337436.665,unsolicited,0,0,0,C0|00|08|00|00|00|07
1771337438.075,solicited,672,,0,
1771337439.054,unsolicited,0,0,672,C8|00|08|00|00|00|0F
1771337441.362,solicited,1241,,0,
1771337441.496,unsolicited,0,0,1241,C0|00|08|00|00|00|07
1771337441.833,unsolicited,0,0,1241,C0|00|08|00|00|00|07
1771337441.868,unsolicited,0,0,1241,C0|00|08|00|00|00|07
1771337441.900,solicited,1304,,0,
1771337442.035,unsolicited,0,0,1304,C0|00|08|00|00|00|07
1771337442.038,unsolicited,0,0,1304,C0|00|08|00|00|00|07
1771337442.206,unsolicited,0,0,1304,C0|00|08|00|00|00|07
1771337442.469,unsolicited,0,0,1304,C0|00|08|00|00|00|07
1771337442.470,solicited,1317,,0,
1771337442.504,unsolicited,0,0,1317,C0|00|08|00|00|00|07
1771337442.639,unsolicited,0,0,1317,C0|00|08|00|00|00|07
1771337442.671,unsolicited,0,0,1317,C0|00|08|00|00|00|07
1771337442.672,unsolicited,0,0,1317,C0|00|08|00|00|00|07
1771337442.705,unsolicited,0,0,1317,C0|00|08|00|00|00|07
1771337442.738,unsolicited,0,0,1317,C0|00|08|00|00|00|07
1771337442.739,unsolicited,0,0,1317,C0|00|08|00|00|00|07
1771337442.772,unsolicited,0,0,1317,C0|00|08|00|00|00|07
1771337442.906,unsolicited,0,0,1317,C0|00|08|00|00|00|07
1771337443.008,unsolicited,0,0,1317,C0|00|08|00|00|00|07
1771337443.009,unsolicited,0,0,1317,C0|00|08|00|00|00|07
1771337443.041,unsolicited,0,0,1317,C0|00|08|00|00|00|07
1771337443.278,unsolicited,0,0,1317,C0|00|08|00|00|00|07
1771337443.278,unsolicited,0,0,1317,C0|00|08|00|00|00|07
1771337443.479,unsolicited,0,0,1317,C0|00|08|00|00|00|07
1771337443.512,unsolicited,0,0,1317,C0|00|08|00|00|00|07
1771337443.513,unsolicited,0,0,1317,C0|00|08|00|00|00|07
1771337444.051,unsolicited,0,0,1317,C0|00|08|00|00|00|07
1771337444.659,unsolicited,0,0,1317,C0|00|08|00|00|00|07
1771337444.959,unsolicited,0,0,1317,C0|00|08|00|00|00|07
1771337446.331,unsolicited,0,0,1317,C0|00|08|00|00|00|07
1771337446.365,unsolicited,0,0,1317,C0|00|08|00|00|00|07
1771337446.398,solicited,1332,,0,
1771337446.936,unsolicited,0,0,1332,C0|00|08|00|00|00|07
1771337446.939,solicited,1312,,0,
1771337447.037,unsolicited,0,0,1312,C0|00|08|00|00|00|07
1771337447.070,unsolicited,0,0,1312,C0|00|08|00|00|00|07
1771337447.172,unsolicited,0,0,1312,C0|00|08|00|00|00|07
1771337447.173,unsolicited,0,0,1312,C0|00|08|00|00|00|07
1771337447.173,unsolicited,0,0,1312,C0|00|08|00|00|00|07
1771337447.206,unsolicited,0,0,1312,C0|00|08|00|00|00|07
1771337447.442,unsolicited,0,0,1312,C0|00|08|00|00|00|07
1771337447.446,unsolicited,0,0,1312,C0|00|08|00|00|00|07
1771337447.446,solicited,1297,,0,
1771337447.477,unsolicited,0,0,1297,C0|00|08|00|00|00|07
1771337447.611,unsolicited,0,0,1297,C0|00|08|00|00|00|07
1771337448.247,unsolicited,0,0,1297,C0|00|08|00|00|00|07
1771337448.284,unsolicited,0,0,1297,C0|00|08|00|00|00|07
1771337448.687,unsolicited,0,0,1297,C0|00|08|00|00|00|07
1771337448.687,unsolicited,0,0,1297,C0|00|08|00|00|00|07
1771337448.956,unsolicited,0,0,1297,C0|00|08|00|00|00|07
1771337449.028,unsolicited,0,0,1297,C0|00|08|00|00|00|07
1771337449.058,unsolicited,0,0,1297,C0|00|08|00|00|00|07
1771337449.060,unsolicited,0,0,1297,C0|00|08|00|00|00|07
1771337449.163,unsolicited,0,0,1297,C0|00|08|00|00|00|07
1771337449.194,unsolicited,0,0,1297,C0|00|08|00|00|00|07
1771337449.228,solicited,1310,,0,
1771337449.737,solicited,1292,,0,
1771337449.770,unsolicited,0,0,1292,C0|00|08|00|00|00|07
1771337449.773,unsolicited,0,0,1292,C0|00|08|00|00|00|07
1771337449.871,unsolicited,0,0,1292,C0|00|08|00|00|00|07
1771337449.903,unsolicited,0,0,1292,C0|00|08|00|00|00|07
1771337449.971,unsolicited,0,0,1292,C0|00|08|00|00|00|07
1771337450.276,solicited,1292,,0,
1771337450.413,unsolicited,0,0,1292,C0|00|08|00|00|00|07
1771337450.846,unsolicited,0,0,1292,C0|00|08|00|00|00|07
1771337450.879,solicited,1291,,0,
1771337450.981,unsolicited,0,0,1291,C0|00|08|00|00|00|07
1771337452.361,solicited,1300,,0,
1771337452.931,solicited,1292,,0,
1771337453.234,unsolicited,0,0,1292,C0|00|08|00|00|00|07
1771337453.335,unsolicited,0,0,1292,C0|00|08|00|00|00|07
1771337453.368,unsolicited,0,0,1292,C0|00|08|00|00|00|07
1771337453.406,unsolicited,0,0,1292,C0|00|08|00|00|00|07
1771337453.436,unsolicited,0,0,1292,C0|00|08|00|00|00|07
1771337453.807,unsolicited,0,0,1292,C0|00|08|00|00|00|07
1771337453.907,unsolicited,0,0,1292,C0|00|08|00|00|00|07
1771337453.942,unsolicited,0,0,1292,C0|00|08|00|00|00|07
1771337453.942,unsolicited,0,0,1292,C0|00|08|00|00|00|07
1771337453.975,solicited,1308,,0,
1771337454.178,unsolicited,0,0,1308,C0|00|08|00|00|00|07
1771337454.313,unsolicited,0,0,1308,C0|00|08|00|00|00|07
1771337454.482,solicited,1296,,0,
1771337454.649,unsolicited,0,0,1296,C0|00|08|00|00|00|07
1771337454.683,unsolicited,0,0,1296,C0|00|08|00|00|00|07
1771337456.469,unsolicited,0,0,1296,C0|00|08|00|00|00|07
1771337456.469,solicited,1284,,0,
1771337456.569,unsolicited,0,0,1284,C0|00|08|00|00|00|07
1771337457.346,unsolicited,0,0,1284,C0|00|08|00|00|00|07
1771337457.347,unsolicited,0,0,1284,C0|00|08|00|00|00|07
1771337457.378,solicited,1278,,0,
1771337457.481,unsolicited,0,0,1278,C0|00|08|00|00|00|07
1771337457.515,unsolicited,0,0,1278,C0|00|08|00|00|00|07
1771337458.387,unsolicited,0,0,1278,C0|00|08|00|00|00|07
1771337458.860,unsolicited,0,0,1278,C0|00|08|00|00|00|07
1771337458.957,unsolicited,0,0,1278,C0|00|08|00|00|00|07
1771337458.960,unsolicited,0,0,1278,C0|00|08|00|00|00|07
1771337458.991,solicited,1265,,0,
1771337459.523,unsolicited,0,0,1265,C0|00|08|00|00|00|07
1771337459.527,solicited,1271,,0,
1771337460.504,unsolicited,0,0,1271,C0|00|08|00|00|00|07
1771337460.537,solicited,1274,,0,
1771337460.909,unsolicited,0,0,1274,C0|00|08|00|00|00|07
1771337461.683,solicited,1267,,0,
1771337464.311,unsolicited,0,0,1267,C0|00|08|00|00|00|07
1771337464.313,solicited,1278,,0,
1771337464.480,unsolicited,0,0,1278,C0|00|08|00|00|00|07
1771337464.783,unsolicited,0,0,1278,C0|00|08|00|00|00|07
1771337464.817,unsolicited,0,0,1278,C0|00|08|00|00|00|07
1771337467.003,solicited,1271,,0,
1771337467.470,unsolicited,448,7,1271,C0|07|08|00|00|00|0E
1771337467.472,unsolicited,448,7,1271,C0|07|08|00|00|00|0E
1771337468.649,solicited,1230,,448,
1771337468.884,unsolicited,448,7,1230,C0|07|08|00|00|00|0E
1771337469.018,unsolicited,448,7,1230,C0|07|08|00|00|00|0E
1771337469.020,unsolicited,448,7,1230,C0|07|08|00|00|00|0E
1771337469.119,unsolicited,448,7,1230,C0|07|08|00|00|00|0E
1771337469.152,unsolicited,448,7,1230,C0|07|08|00|00|00|0E
1771337469.153,solicited,1232,,448,
1771337469.187,unsolicited,448,7,1232,C0|07|08|00|00|00|0E
1771337469.420,unsolicited,448,7,1232,C0|07|08|00|00|00|0E
1771337469.488,unsolicited,448,7,1232,C0|07|08|00|00|00|0E
1771337469.489,unsolicited,448,7,1232,C0|07|08|00|00|00|0E
1771337469.489,unsolicited,448,7,1232,C0|07|08|00|00|00|0E
1771337469.521,unsolicited,448,7,1232,C0|07|08|00|00|00|0E
1771337469.522,unsolicited,448,7,1232,C0|07|08|00|00|00|0E
1771337469.555,unsolicited,448,7,1232,C0|07|08|00|00|00|0E
1771337469.723,unsolicited,448,7,1232,C0|07|08|00|00|00|0E
1771337469.726,solicited,1217,,448,
1771337469.757,unsolicited,448,7,1217,C0|07|08|00|00|00|0E
1771337469.758,unsolicited,448,7,1217,C0|07|08|00|00|00|0E
1771337469.890,unsolicited,448,7,1217,C0|07|08|00|00|00|0E
1771337469.891,unsolicited,448,7,1217,C0|07|08|00|00|00|0E
1771337469.891,unsolicited,448,7,1217,C0|07|08|00|00|00|0E
1771337469.892,unsolicited,448,7,1217,C0|07|08|00|00|00|0E
1771337469.991,unsolicited,448,7,1217,C0|07|08|00|00|00|0E
1771337470.260,unsolicited,448,7,1217,C0|07|08|00|00|00|0E
1771337470.261,solicited,1230,,448,
1771337470.460,unsolicited,448,7,1230,C0|07|08|00|00|00|0E
1771337470.460,unsolicited,448,7,1230,C0|07|08|00|00|00|0E
1771337470.493,unsolicited,448,7,1230,C0|07|08|00|00|00|0E
1771337470.494,unsolicited,448,7,1230,C0|07|08|00|00|00|0E
1771337470.527,unsolicited,448,7,1230,C0|07|08|00|00|00|0E
1771337470.531,unsolicited,448,7,1230,C0|07|08|00|00|00|0E
1771337470.628,unsolicited,448,7,1230,C0|07|08|00|00|00|0E
1771337470.695,unsolicited,448,7,1230,C0|07|08|00|00|00|0E
1771337470.728,unsolicited,448,7,1230,C0|07|08|00|00|00|0E
1771337470.729,unsolicited,448,7,1230,C0|07|08|00|00|00|0E
1771337470.762,solicited,1217,,448,
1771337471.538,unsolicited,448,7,1217,C0|07|08|00|00|00|0E
1771337471.541,unsolicited,448,7,1217,C0|07|08|00|00|00|0E
1771337471.841,unsolicited,448,7,1217,C0|07|08|00|00|00|0E
1771337471.842,unsolicited,448,7,1217,C0|07|08|00|00|00|0E
1771337471.875,unsolicited,448,7,1217,C0|07|08|00|00|00|0E
1771337472.111,solicited,1175,,448,
1771337472.251,unsolicited,448,7,1175,C0|07|08|00|00|00|0E
1771337472.280,unsolicited,448,7,1175,C0|07|08|00|00|00|0E
1771337472.281,unsolicited,448,7,1175,C0|07|08|00|00|00|0E
1771337472.484,unsolicited,448,7,1175,C0|07|08|00|00|00|0E
1771337472.517,unsolicited,448,7,1175,C0|07|08|00|00|00|0E
1771337472.552,unsolicited,448,7,1175,C0|07|08|00|00|00|0E
1771337472.586,unsolicited,448,7,1175,C0|07|08|00|00|00|0E
1771337472.620,unsolicited,448,7,1175,C0|07|08|00|00|00|0E
1771337472.620,unsolicited,448,7,1175,C0|07|08|00|00|00|0E
1771337472.621,solicited,1201,,448,
1771337472.654,unsolicited,448,7,1201,C0|07|08|00|00|00|0E
1771337472.857,unsolicited,448,7,1201,C0|07|08|00|00|00|0E
1771337472.890,unsolicited,448,7,1201,C0|07|08|00|00|00|0E
1771337472.891,unsolicited,448,7,1201,C0|07|08|00|00|00|0E
1771337472.924,unsolicited,448,7,1201,C0|07|08|00|00|00|0E
1771337472.956,unsolicited,448,7,1201,C0|07|08|00|00|00|0E
1771337473.091,unsolicited,448,7,1201,C0|07|08|00|00|00|0E
1771337473.091,unsolicited,448,7,1201,C0|07|08|00|00|00|0E
1771337473.128,unsolicited,448,7,1201,C0|07|08|00|00|00|0E
1771337473.159,solicited,1212,,448,
1771337473.394,unsolicited,0,0,1212,C0|00|08|00|00|00|07
1771337473.396,unsolicited,0,0,1212,C0|00|08|00|00|00|07
1771337473.561,unsolicited,0,0,1212,C0|00|08|00|00|00|07
1771337473.596,unsolicited,0,0,1212,C0|00|08|00|00|00|07
1771337473.630,unsolicited,0,0,1212,C0|00|08|00|00|00|07
1771337473.663,solicited,1192,,0,
1771337474.135,unsolicited,0,0,1192,C0|00|08|00|00|00|07
1771337474.137,unsolicited,0,0,1192,C0|00|08|00|00|00|07
1771337474.269,unsolicited,0,0,1192,C0|00|08|00|00|00|07
1771337474.302,solicited,178,,0,
1771337474.639,unsolicited,0,0,178,C0|00|08|00|00|00|07
1771337474.644,unsolicited,0,0,178,C0|00|08|00|00|00|07
1771337474.644,unsolicited,0,0,178,C0|00|08|00|00|00|07
1771337474.644,unsolicited,0,0,178,C0|00|08|00|00|00|07
1771337474.774,unsolicited,0,0,178,C0|00|08|00|00|00|07
1771337474.775,unsolicited,0,0,178,C0|00|08|00|00|00|07
1771337474.807,unsolicited,0,0,178,C0|00|08|00|00|00|07
1771337474.808,unsolicited,0,0,178,C0|00|08|00|00|00|07
1771337474.840,solicited,114,,0,
1771337474.907,unsolicited,0,0,114,C0|00|08|00|00|00|07
1771337475.106,unsolicited,0,0,114,C0|00|08|00|00|00|07
1771337475.106,unsolicited,0,0,114,C0|00|08|00|00|00|07
1771337475.173,unsolicited,0,0,114,C0|00|08|00|00|00|07
1771337475.242,unsolicited,0,0,114,C0|00|08|00|00|00|07
1771337475.274,unsolicited,0,0,114,C0|00|08|00|00|00|07
1771337475.275,unsolicited,0,0,114,C0|00|08|00|00|00|07
1771337475.308,unsolicited,0,0,114,C0|00|08|00|00|00|07
1771337475.341,solicited,114,,0,
1771337477.160,unsolicited,0,0,114,C0|00|08|00|00|00|07
1771337477.193,unsolicited,0,0,114,C0|00|08|00|00|00|07
1771337477.226,solicited,0,,0,
1771337477.326,unsolicited,0,0,0,C0|00|08|00|00|00|07
1771337477.561,unsolicited,0,0,0,C0|00|08|00|00|00|07
1771337478.741,solicited,0,,0,
1771337479.947,unsolicited,0,0,0,C0|00|08|00|00|00|07
1771337480.183,unsolicited,0,0,0,C0|00|08|00|00|00|07
1771337480.453,solicited,0,,0,
1771337480.588,unsolicited,0,0,0,C0|00|08|00|00|00|07
1771337480.657,unsolicited,0,0,0,C0|00|08|00|00|00|07
1771337480.756,unsolicited,0,0,0,C0|00|08|00|00|00|07
1771337480.757,unsolicited,0,0,0,C0|00|08|00|00|00|07
1771337480.790,unsolicited,0,0,0,C0|00|08|00|00|00|07
1771337480.823,unsolicited,0,0,0,C0|00|08|00|00|00|07
1771337480.856,unsolicited,0,0,0,C0|00|08|00|00|00|07
1771337480.861,unsolicited,0,0,0,C0|00|08|00|00|00|07
1771337480.891,unsolicited,0,0,0,C0|00|08|00|00|00|07
1771337480.958,unsolicited,0,0,0,C0|00|08|00|00|00|07
1771337480.991,solicited,0,,0,
1771337481.024,unsolicited,0,0,0,C0|00|08|00|00|00|07
1771337481.058,unsolicited,0,0,0,C0|00|08|00|00|00|07
1771337481.060,unsolicited,0,0,0,C0|00|08|00|00|00|07
1771337481.061,unsolicited,0,0,0,C0|00|08|00|00|00|07
1771337481.127,unsolicited,0,0,0,C0|00|08|00|00|00|07
1771337481.160,unsolicited,0,0,0,C0|00|08|00|00|00|07
1771337481.161,unsolicited,0,0,0,C0|00|08|00|00|00|07
1771337481.293,unsolicited,0,0,0,C0|00|08|00|00|00|07
1771337481.794,unsolicited,0,0,0,C0|00|08|00|00|00|07
1771337481.794,unsolicited,0,0,0,C0|00|08|00|00|00|07
1771337481.994,unsolicited,0,0,0,C0|00|08|00|00|00|07
1771337482.029,solicited,0,,0,
1771337482.062,unsolicited,0,0,0,C0|00|08|00|00|00|07
1771337482.164,unsolicited,0,0,0,C0|00|08|00|00|00|07
1771337482.165,unsolicited,0,0,0,C0|00|08|00|00|00|07
1771337482.198,unsolicited,0,0,0,C0|00|08|00|00|00|07
1771337482.199,unsolicited,0,0,0,C0|00|08|00|00|00|07
1771337482.232,unsolicited,0,0,0,C0|00|08|00|00|00|07
1771337482.232,unsolicited,0,0,0,C0|00|08|00|00|00|07
1771337482.806,unsolicited,0,0,0,C0|00|08|00|00|00|07
1771337482.942,unsolicited,0,0,0,C0|00|08|00|00|00|07
1771337482.972,unsolicited,0,0,0,C0|00|08|00|00|00|07
1771337483.039,unsolicited,0,0,0,C0|00|08|00|00|00|07
1771337483.040,unsolicited,0,0,0,C0|00|08|00|00|00|07
1771337483.073,unsolicited,0,0,0,C0|00|08|00|00|00|07
1771337483.414,unsolicited,0,0,0,C0|00|08|00|00|00|07
1771337483.446,unsolicited,0,0,0,C0|00|08|00|00|00|07
1771337483.447,unsolicited,0,0,0,C0|00|08|00|00|00|07
1771337483.479,unsolicited,0,0,0,C0|00|08|00|00|00|07
1771337483.580,unsolicited,0,0,0,C0|00|08|00|00|00|07
1771337483.614,solicited,0,,0,
1771337483.649,unsolicited,0,0,0,C0|00|08|00|00|00|07
1771337483.746,unsolicited,0,0,0,C0|00|08|00|00|00|07
1771337483.747,unsolicited,0,0,0,C0|00|08|00|00|00|07
1771337485.934,unsolicited,0,0,0,C0|00|08|00|00|00|07
1771337485.934,unsolicited,0,0,0,C0|00|08|00|00|00|07
1771337485.966,unsolicited,0,0,0,C0|00|08|00|00|00|07
1771337486.000,solicited,0,,0,
1771337486.001,unsolicited,0,0,0,C0|00|08|00|00|00|07
1771337486.001,unsolicited,0,0,0,C0|00|08|00|00|00|07
1771337486.035,unsolicited,0,0,0,C0|00|08|00|00|00|07
1771337486.270,unsolicited,0,0,0,C0|00|08|00|00|00|07
1771337487.441,unsolicited,0,0,0,C0|00|08|00|00|00|07
1771337487.711,unsolicited,0,0,0,C0|00|08|00|00|00|07
1771337487.743,unsolicited,0,0,0,C0|00|08|00|00|00|07
1771337487.810,unsolicited,0,0,0,C0|00|08|00|00|00|07
1771337487.843,unsolicited,0,0,0,C0|00|08|00|00|00|07
1771337487.877,unsolicited,0,0,0,C0|00|08|00|00|00|07
1771337487.944,unsolicited,0,0,0,C0|00|08|00|00|00|07
1771337487.976,solicited,0,,0,
1771337488.280,unsolicited,0,0,0,C0|00|08|00|00|00|07
1771337488.281,unsolicited,0,0,0,C0|00|08|00|00|00|07
1771337488.282,unsolicited,0,0,0,C0|00|08|00|00|00|07
1771337488.314,unsolicited,0,0,0,C0|00|08|00|00|00|07
1771337488.315,unsolicited,0,0,0,C0|00|08|00|00|00|07
1771337488.347,unsolicited,0,0,0,C0|00|08|00|00|00|07
1771337488.349,unsolicited,0,0,0,C0|00|08|00|00|00|07
1771337488.381,unsolicited,0,0,0,C0|00|08|00|00|00|07
1771337488.381,unsolicited,0,0,0,C0|00|08|00|00|00|07
1771337488.414,unsolicited,0,0,0,C0|00|08|00|00|00|07
1771337488.415,unsolicited,0,0,0,C0|00|08|00|00|00|07
1771337488.447,unsolicited,0,0,0,C0|00|08|00|00|00|07
1771337488.448,unsolicited,0,0,0,C0|00|08|00|00|00|07
1771337488.480,unsolicited,0,0,0,C0|00|08|00|00|00|07
1771337488.514,solicited,0,,0,
1771337488.549,unsolicited,0,0,0,C0|00|08|00|00|00|07
1771337488.583,unsolicited,0,0,0,C0|00|08|00|00|00|07
1771337488.616,unsolicited,0,0,0,C0|00|08|00|00|00|07
1771337488.616,unsolicited,0,0,0,C0|00|08|00|00|00|07
1771337488.617,unsolicited,0,0,0,C0|00|08|00|00|00|07
1771337488.651,unsolicited,0,0,0,C0|00|08|00|00|00|07
1771337488.651,unsolicited,0,0,0,C0|00|08|00|00|00|07
1771337488.683,unsolicited,0,0,0,C0|00|08|00|00|00|07
1771337488.717,unsolicited,0,0,0,C0|00|08|00|00|00|07
1771337489.493,solicited,0,,0,
1771337489.494,unsolicited,0,0,0,C0|00|08|00|00|00|07
1771337489.526,unsolicited,0,0,0,C0|00|08|00|00|00|07
1771337489.527,unsolicited,0,0,0,C0|00|08|00|00|00|07
1771337489.559,unsolicited,0,0,0,C0|00|08|00|00|00|07
1771337489.595,unsolicited,0,0,0,C0|00|08|00|00|00|07
1771337489.827,unsolicited,0,0,0,C0|00|08|00|00|00|07
1771337489.829,unsolicited,0,0,0,C0|00|08|00|00|00|07
1771337489.861,unsolicited,0,0,0,C0|00|08|00|00|00|07
1771337489.893,unsolicited,0,0,0,C0|00|08|00|00|00|07
1771337489.894,unsolicited,0,0,0,C0|00|08|00|00|00|07
1771337489.927,unsolicited,0,0,0,C0|00|08|00|00|00|07
1771337489.928,unsolicited,0,0,0,C0|00|08|00|00|00|07
1771337490.028,solicited,0,,0,
1771337490.062,unsolicited,0,0,0,C0|00|08|00|00|00|07
1771337490.298,unsolicited,0,0,0,C0|00|08|00|00|00|07
1771337490.332,unsolicited,0,0,0,C0|00|08|00|00|00|07
1771337490.364,unsolicited,0,0,0,C0|00|08|00|00|00|07
1771337490.396,unsolicited,0,0,0,C0|00|08|00|00|00|07
1771337490.397,unsolicited,0,0,0,C0|00|08|00|00|00|07
1771337490.398,unsolicited,0,0,0,C0|00|08|00|00|00|07
1771337490.398,unsolicited,0,0,0,C0|00|08|00|00|00|07
1771337490.432,unsolicited,0,0,0,C0|00|08|00|00|00|07
1771337490.465,unsolicited,0,0,0,C0|00|08|00|00|00|07
1771337490.534,solicited,0,,0,
1771337490.633,unsolicited,0,0,0,C0|00|08|00|00|00|07
1771337490.735,unsolicited,0,0,0,C0|00|08|00|00|00|07
1771337490.736,unsolicited,0,0,0,C0|00|08|00|00|00|07
1771337490.768,unsolicited,0,0,0,C0|00|08|00|00|00|07
1771337492.517,solicited,0,,0,
1771337492.753,unsolicited,0,0,0,C0|00|08|00|00|00|07
1771337493.391,unsolicited,0,0,0,C0|00|08|00|00|00|07
1771337493.392,unsolicited,0,0,0,C0|00|08|00|00|00|07
1771337493.424,solicited,0,,0,
1771337493.424,unsolicited,0,0,0,C0|00|08|00|00|00|07
1771337493.425,unsolicited,0,0,0,C0|00|08|00|00|00|07
1771337493.425,unsolicited,0,0,0,C0|00|08|00|00|00|07
1771337493.457,unsolicited,0,0,0,C0|00|08|00|00|00|07
1771337493.458,unsolicited,0,0,0,C0|00|08|00|00|00|07
1771337493.459,unsolicited,0,0,0,C0|00|08|00|00|00|07
1771337493.493,unsolicited,0,0,0,C0|00|08|00|00|00|07
1771337493.494,unsolicited,0,0,0,C0|00|08|00|00|00|07
1771337493.657,unsolicited,0,0,0,C0|00|08|00|00|00|07
1771337493.659,unsolicited,0,0,0,C0|00|08|00|00|00|07
1771337493.690,unsolicited,0,0,0,C0|00|08|00|00|00|07
1771337493.757,unsolicited,0,0,0,C0|00|08|00|00|00|07
1771337493.757,unsolicited,0,0,0,C0|00|08|00|00|00|07
1771337493.791,unsolicited,0,0,0,C0|00|08|00|00|00|07
1771337493.792,unsolicited,0,0,0,C0|00|08|00|00|00|07
1771337494.428,solicited,0,,0,
1771337494.462,unsolicited,0,0,0,C0|00|08|00|00|00|07
1771337494.463,unsolicited,0,0,0,C0|00|08|00|00|00|07
1771337494.529,unsolicited,0,0,0,C0|00|08|00|00|00|07
1771337494.969,unsolicited,0,0,0,C0|00|08|00|00|00|07
1771337495.000,solicited,0,,0,
1771337495.066,unsolicited,0,0,0,C0|00|08|00|00|00|07
1771337495.099,unsolicited,0,0,0,C0|00|08|00|00|00|07
1771337495.101,unsolicited,0,0,0,C0|00|08|00|00|00|07
1771337495.168,unsolicited,0,0,0,C0|00|08|00|00|00|07
1771337495.201,unsolicited,0,0,0,C0|00|08|00|00|00|07
1771337495.234,unsolicited,0,0,0,C0|00|08|00|00|00|07
1771337495.235,unsolicited,0,0,0,C0|00|08|00|00|00|07
1771337495.267,unsolicited,0,0,0,C0|00|08|00|00|00|07
1771337495.401,unsolicited,0,0,0,C0|00|08|00|00|00|07
1771337495.402,unsolicited,0,0,0,C0|00|08|00|00|00|07
1771337495.403,unsolicited,0,0,0,C0|00|08|00|00|00|07
1771337495.435,unsolicited,0,0,0,C0|00|08|00|00|00|07
1771337495.436,unsolicited,0,0,0,C0|00|08|00|00|00|07
1771337495.469,unsolicited,0,0,0,C0|00|08|00|00|00|07
1771337495.502,unsolicited,0,0,0,C0|00|08|00|00|00|07
1771337495.503,unsolicited,0,0,0,C0|00|08|00|00|00|07
1771337495.503,unsolicited,0,0,0,C0|00|08|00|00|00|07
1771337495.537,solicited,0,,0,
1771337495.570,unsolicited,0,0,0,C0|00|08|00|00|00|07
1771337495.638,unsolicited,0,0,0,C0|00|08|00|00|00|07
1771337495.705,unsolicited,0,0,0,C0|00|08|00|00|00|07
1771337495.740,unsolicited,0,0,0,C0|00|08|00|00|00|07
1771337495.741,unsolicited,0,0,0,C0|00|08|00|00|00|07
1771337495.773,unsolicited,0,0,0,C0|00|08|00|00|00|07
1771337495.806,unsolicited,0,0,0,C0|00|08|00|00|00|07
1771337496.483,unsolicited,0,0,0,C0|00|08|00|00|00|07
1771337496.514,solicited,0,,0,
1771337496.581,unsolicited,0,0,0,C0|00|08|00|00|00|07
1771337496.614,unsolicited,0,0,0,C0|00|08|00|00|00|07
1771337496.647,unsolicited,0,0,0,C0|00|08|00|00|00|07
1771337496.647,unsolicited,0,0,0,C0|00|08|00|00|00|07
1771337499.747,unsolicited,0,0,0,C0|00|08|00|00|00|07
1771337499.748,unsolicited,0,0,0,C0|00|08|00|00|00|07
1771337499.780,solicited,0,,0,
1771337499.781,unsolicited,0,0,0,C0|00|08|00|00|00|07
1771337499.813,unsolicited,0,0,0,C0|00|08|00|00|00|07
1771337499.814,unsolicited,0,0,0,C0|00|08|00|00|00|07
1771337499.814,unsolicited,0,0,0,C0|00|08|00|00|00|07
1771337499.846,unsolicited,0,0,0,C0|00|08|00|00|00|07
1771337499.847,unsolicited,0,0,0,C0|00|08|00|00|00|07
1771337499.880,unsolicited,0,0,0,C0|00|08|00|00|00|07
1771337499.882,unsolicited,0,0,0,C0|00|08|00|00|00|07
1771337499.914,unsolicited,0,0,0,C0|00|08|00|00|00|07
1771337499.914,unsolicited,0,0,0,C0|00|08|00|00|00|07
1771337499.946,unsolicited,0,0,0,C0|00|08|00|00|00|07
1771337499.947,unsolicited,0,0,0,C0|00|08|00|00|00|07
1771337499.949,unsolicited,0,0,0,C0|00|08|00|00|00|07
1771337499.980,unsolicited,0,0,0,C0|00|08|00|00|00|07
1771337500.079,unsolicited,0,0,0,C0|00|08|00|00|00|07
1771337500.080,unsolicited,0,0,0,C0|00|08|00|00|00|07
1771337500.081,unsolicited,0,0,0,C0|00|08|00|00|00|07
1771337500.146,unsolicited,0,0,0,C0|00|08|00|00|00|07
1771337500.215,unsolicited,0,0,0,C0|00|08|00|00|00|07
1771337500.248,unsolicited,0,0,0,C0|00|08|00|00|00|07
1771337500.249,unsolicited,0,0,0,C0|00|08|00|00|00|07
1771337500.250,unsolicited,0,0,0,C0|00|08|00|00|00|07
1771337500.281,solicited,0,,0,
1771337500.315,unsolicited,0,0,0,C0|00|08|00|00|00|07
1771337500.316,unsolicited,0,0,0,C0|00|08|00|00|00|07
1771337500.319,unsolicited,0,0,0,C0|00|08|00|00|00|07
1771337500.416,unsolicited,0,0,0,C0|00|08|00|00|00|07
1771337500.449,unsolicited,0,0,0,C0|00|08|00|00|00|07
1771337500.552,unsolicited,0,0,0,C0|00|08|00|00|00|07
1771337500.552,unsolicited,0,0,0,C0|00|08|00|00|00|07
1771337500.585,unsolicited,0,0,0,C0|00|08|00|00|00|07
1771337500.585,unsolicited,0,0,0,C0|00|08|00|00|00|07
1771337500.618,unsolicited,0,0,0,C0|00|08|00|00|00|07
1771337500.619,unsolicited,0,0,0,C0|00|08|00|00|00|07
1771337500.652,unsolicited,0,0,0,C0|00|08|00|00|00|07
1771337500.821,solicited,0,,0,
1771337500.822,unsolicited,0,0,0,C0|00|08|00|00|00|07
1771337500.823,unsolicited,0,0,0,C0|00|08|00|00|00|07
1771337500.855,unsolicited,0,0,0,C0|00|08|00|00|00|07
1771337500.855,unsolicited,0,0,0,C0|00|08|00|00|00|07
1771337500.889,unsolicited,0,0,0,C0|00|08|00|00|00|07
1771337500.924,unsolicited,0,0,0,C0|00|08|00|00|00|07
1771337500.925,unsolicited,0,0,0,C0|00|08|00|00|00|07
1771337500.956,unsolicited,0,0,0,C0|00|08|00|00|00|07
1771337500.957,unsolicited,0,0,0,C0|00|08|00|00|00|07
1771337500.990,unsolicited,0,0,0,C0|00|08|00|00|00|07
1771337501.023,unsolicited,0,0,0,C0|00|08|00|00|00|07
1771337501.024,unsolicited,0,0,0,C0|00|08|00|00|00|07
1771337501.126,unsolicited,0,0,0,C0|00|08|00|00|00|07
1771337501.263,unsolicited,0,0,0,C8|00|08|01|00|00|10
1771337501.329,unsolicited,0,0,0,C8|00|08|01|00|00|10
1771337501.329,solicited,0,,0,
1771337501.363,unsolicited,0,0,0,C8|00|08|02|00|00|11
1771337501.363,unsolicited,0,0,0,C8|00|08|02|00|00|11
1771337501.364,unsolicited,0,0,0,C8|00|08|02|00|00|11
1771337501.364,unsolicited,0,0,0,C8|00|08|02|00|00|11
1771337501.398,unsolicited,0,0,0,C8|00|08|03|00|00|12
1771337501.432,unsolicited,0,0,0,C8|00|08|03|00|00|12
1771337501.731,unsolicited,0,0,0,C8|00|08|07|00|00|16
1771337502.938,solicited,1310,,0,
1771337503.814,unsolicited,512,8,1310,C8|08|08|00|00|00|17
1771337503.847,unsolicited,512,8,1310,C8|08|08|00|00|00|17
1771337503.847,solicited,1267,,512,
1771337503.880,unsolicited,512,8,1267,C8|08|08|00|00|00|17
1771337504.118,unsolicited,512,8,1267,C8|08|08|00|00|00|17
1771337504.856,unsolicited,512,8,1267,C8|08|08|00|00|00|17
1771337504.890,solicited,1310,,512,
1771337504.891,unsolicited,512,8,1310,C8|08|08|00|00|00|17
1771337504.924,unsolicited,512,8,1310,C0|08|08|00|00|00|0F
1771337504.959,unsolicited,512,8,1310,C0|08|08|00|00|00|0F
1771337504.959,unsolicited,512,8,1310,C0|08|08|00|00|00|0F
1771337504.992,unsolicited,512,8,1310,C0|08|08|00|00|00|0F
1771337504.993,unsolicited,512,8,1310,C0|08|08|00|00|00|0F
1771337504.993,unsolicited,512,8,1310,C0|08|08|00|00|00|0F
1771337505.027,unsolicited,512,8,1310,C0|08|08|00|00|00|0F
1771337505.264,unsolicited,512,8,1310,C0|08|08|00|00|00|0F
1771337505.265,unsolicited,448,7,1310,C0|07|08|00|00|00|0E
1771337505.364,unsolicited,448,7,1310,C0|07|08|00|00|00|0E
1771337505.364,unsolicited,448,7,1310,C0|07|08|00|00|00|0E
1771337505.365,unsolicited,448,7,1310,C0|07|08|00|00|00|0E
1771337505.398,solicited,1296,,448,
1771337505.399,unsolicited,448,7,1296,C0|07|08|00|00|00|0E
1771337505.399,unsolicited,448,7,1296,C0|07|08|00|00|00|0E
1771337505.432,unsolicited,448,7,1296,C0|07|08|00|00|00|0E
1771337505.433,unsolicited,448,7,1296,C0|07|08|00|00|00|0E
1771337505.434,unsolicited,448,7,1296,C0|07|08|00|00|00|0E
1771337505.468,unsolicited,448,7,1296,C0|07|08|00|00|00|0E
1771337505.567,unsolicited,448,7,1296,C0|07|08|00|00|00|0E
1771337505.600,unsolicited,448,7,1296,C0|07|08|00|00|00|0E
1771337505.702,unsolicited,448,7,1296,C0|07|08|00|00|00|0E
1771337505.703,unsolicited,448,7,1296,C0|07|08|00|00|00|0E
1771337505.737,unsolicited,448,7,1296,C0|07|08|00|00|00|0E
1771337505.771,unsolicited,448,7,1296,C0|07|08|00|00|00|0E
1771337505.837,unsolicited,448,7,1296,C0|07|08|00|00|00|0E
1771337505.871,unsolicited,448,7,1296,C0|07|08|00|00|00|0E
1771337505.939,solicited,1301,,448,
1771337505.940,unsolicited,448,7,1301,C0|07|08|00|00|00|0E
1771337506.242,unsolicited,448,7,1301,C0|07|08|00|00|00|0E
1771337506.279,unsolicited,448,7,1301,C0|07|08|00|00|00|0E
1771337506.309,unsolicited,448,7,1301,C0|07|08|00|00|00|0E
1771337506.375,unsolicited,448,7,1301,C0|07|08|00|00|00|0E
1771337506.409,unsolicited,448,7,1301,C0|07|08|00|00|00|0E
1771337506.441,unsolicited,448,7,1301,C0|07|08|00|00|00|0E
1771337506.442,solicited,1302,,448,
1771337506.511,unsolicited,448,7,1302,C0|07|08|00|00|00|0E
1771337506.511,unsolicited,448,7,1302,C0|07|08|00|00|00|0E
1771337506.546,unsolicited,448,7,1302,C0|07|08|00|00|00|0E
1771337506.711,unsolicited,448,7,1302,C0|07|08|00|00|00|0E
1771337506.778,unsolicited,448,7,1302,C0|07|08|00|00|00|0E
1771337506.812,unsolicited,448,7,1302,C0|07|08|00|00|00|0E
1771337506.845,unsolicited,448,7,1302,C0|07|08|00|00|00|0E
1771337506.846,unsolicited,448,7,1302,C0|07|08|00|00|00|0E
1771337507.012,solicited,1305,,448,
1771337507.047,unsolicited,448,7,1305,C0|07|08|00|00|00|0E
1771337507.047,unsolicited,448,7,1305,C0|07|08|00|00|00|0E
1771337507.114,unsolicited,448,7,1305,C0|07|08|00|00|00|0E
1771337507.284,unsolicited,448,7,1305,C0|07|08|00|00|00|0E
1771337507.449,unsolicited,448,7,1305,C0|07|08|00|00|00|0E
1771337507.482,unsolicited,448,7,1305,C0|07|08|00|00|00|0E
1771337507.483,unsolicited,448,7,1305,C0|07|08|00|00|00|0E
1771337507.516,unsolicited,448,7,1305,C0|07|08|00|00|00|0E
1771337507.517,solicited,1294,,448,
1771337507.518,unsolicited,448,7,1294,C0|07|08|00|00|00|0E
1771337507.551,unsolicited,448,7,1294,C0|07|08|00|00|00|0E
1771337507.619,unsolicited,448,7,1294,C0|07|08|00|00|00|0E
1771337507.620,unsolicited,448,7,1294,C0|07|08|00|00|00|0E
1771337507.621,unsolicited,448,7,1294,C0|07|08|00|00|00|0E
1771337507.887,unsolicited,448,7,1294,C0|07|08|00|00|00|0E
1771337508.186,unsolicited,448,7,1294,C0|07|08|00|00|00|0E
1771337508.187,unsolicited,448,7,1294,C0|07|08|00|00|00|0E
1771337508.220,solicited,1300,,448,
1771337508.222,unsolicited,448,7,1300,C0|07|08|00|00|00|0E
1771337508.254,unsolicited,448,7,1300,C0|07|08|00|00|00|0E
1771337508.321,unsolicited,448,7,1300,C0|07|08|00|00|00|0E
1771337509.632,solicited,1302,,448,
1771337510.371,unsolicited,448,7,1302,C0|07|08|00|00|00|0E
1771337510.403,solicited,1298,,448,
1771337510.539,unsolicited,448,7,1298,C0|07|08|00|00|00|0E
1771337511.384,unsolicited,448,7,1298,C0|07|08|00|00|00|0E
1771337511.384,unsolicited,448,7,1298,C0|07|08|00|00|00|0E
1771337511.415,solicited,1297,,448,
1771337511.516,unsolicited,448,7,1297,C0|07|08|00|00|00|0E
1771337511.547,unsolicited,448,7,1297,C0|07|08|00|00|00|0E
1771337511.751,unsolicited,448,7,1297,C0|07|08|00|00|00|0E
1771337511.850,unsolicited,448,7,1297,C0|07|08|00|00|00|0E
1771337512.020,unsolicited,448,7,1297,C0|07|08|00|00|00|0E
1771337512.056,solicited,1296,,448,
1771337512.056,unsolicited,448,7,1296,C0|07|08|00|00|00|0E
1771337512.087,unsolicited,448,7,1296,C0|07|08|00|00|00|0E
1771337512.088,unsolicited,448,7,1296,C0|07|08|00|00|00|0E
1771337512.189,unsolicited,448,7,1296,C0|07|08|00|00|00|0E
1771337512.190,unsolicited,448,7,1296,C0|07|08|00|00|00|0E
1771337512.190,unsolicited,448,7,1296,C0|07|08|00|00|00|0E
1771337512.222,unsolicited,448,7,1296,C0|07|08|00|00|00|0E
1771337512.324,unsolicited,448,7,1296,C0|07|08|00|00|00|0E
1771337512.327,unsolicited,448,7,1296,C0|07|08|00|00|00|0E
1771337512.425,unsolicited,448,7,1296,C0|07|08|00|00|00|0E
1771337512.460,unsolicited,448,7,1296,C0|07|08|00|00|00|0E
1771337512.492,unsolicited,448,7,1296,C0|07|08|00|00|00|0E
1771337512.560,unsolicited,448,7,1296,C0|07|08|00|00|00|0E
1771337512.627,solicited,1298,,448,
1771337512.866,unsolicited,448,7,1298,C0|07|08|00|00|00|0E
1771337513.100,unsolicited,448,7,1298,C0|07|08|00|00|00|0E
1771337513.100,unsolicited,448,7,1298,C0|07|08|00|00|00|0E
1771337513.133,solicited,1301,,448,
1771337513.134,unsolicited,448,7,1301,C0|07|08|00|00|00|0E
1771337513.135,unsolicited,448,7,1301,C0|07|08|00|00|00|0E
1771337513.200,unsolicited,448,7,1301,C0|07|08|00|00|00|0E
1771337513.368,unsolicited,448,7,1301,C0|07|08|00|00|00|0E
1771337513.402,unsolicited,448,7,1301,C0|07|08|00|00|00|0E
1771337513.403,unsolicited,448,7,1301,C0|07|08|00|00|00|0E
1771337513.437,unsolicited,448,7,1301,C0|07|08|00|00|00|0E
1771337513.540,unsolicited,448,7,1301,C0|07|08|00|00|00|0E
1771337513.572,unsolicited,448,7,1301,C0|07|08|00|00|00|0E
1771337513.572,unsolicited,448,7,1301,C0|07|08|00|00|00|0E
1771337513.673,unsolicited,448,7,1301,C0|07|08|00|00|00|0E
1771337513.707,solicited,1300,,448,
1771337513.708,unsolicited,448,7,1300,C0|07|08|00|00|00|0E
1771337513.708,unsolicited,448,7,1300,C0|07|08|00|00|00|0E
1771337513.876,unsolicited,448,7,1300,C0|07|08|00|00|00|0E
1771337515.656,solicited,1289,,448,
1771337515.724,unsolicited,448,7,1289,C0|07|08|00|00|00|0E
1771337515.725,unsolicited,448,7,1289,C0|07|08|00|00|00|0E
1771337516.062,unsolicited,448,7,1289,C0|07|08|00|00|00|0E
1771337516.062,unsolicited,448,7,1289,C0|07|08|00|00|00|0E
1771337516.095,unsolicited,448,7,1289,C0|07|08|00|00|00|0E
1771337516.096,unsolicited,448,7,1289,C0|07|08|00|00|00|0E
1771337516.128,unsolicited,448,7,1289,C0|07|08|00|00|00|0E
1771337516.164,solicited,1299,,448,
1771337516.196,unsolicited,448,7,1299,C0|07|08|00|00|00|0E
1771337516.297,unsolicited,448,7,1299,C0|07|08|00|00|00|0E
1771337516.297,unsolicited,448,7,1299,C0|07|08|00|00|00|0E
1771337516.430,unsolicited,448,7,1299,C0|07|08|00|00|00|0E
1771337516.467,unsolicited,448,7,1299,C0|07|08|00|00|00|0E
1771337516.566,unsolicited,448,7,1299,C0|07|08|00|00|00|0E
1771337516.601,unsolicited,448,7,1299,C0|07|08|00|00|00|0E
1771337516.601,unsolicited,448,7,1299,C0|07|08|00|00|00|0E
1771337516.634,unsolicited,448,7,1299,C0|07|08|00|00|00|0E
1771337516.635,unsolicited,448,7,1299,C0|07|08|00|00|00|0E
1771337516.635,unsolicited,448,7,1299,C0|07|08|00|00|00|0E
1771337516.667,unsolicited,448,7,1299,C0|07|08|00|00|00|0E
1771337516.669,unsolicited,448,7,1299,C0|07|08|00|00|00|0E
1771337516.700,solicited,1254,,448,
1771337516.733,unsolicited,448,7,1254,C0|07|08|00|00|00|0E
1771337516.734,unsolicited,448,7,1254,C0|07|08|00|00|00|0E
1771337516.903,unsolicited,448,7,1254,C0|07|08|00|00|00|0E
1771337517.036,unsolicited,448,7,1254,C0|07|08|00|00|00|0E
1771337517.238,solicited,1267,,448,
1771337517.340,unsolicited,448,7,1267,C0|07|08|00|00|00|0E
1771337517.340,unsolicited,448,7,1267,C0|07|08|00|00|00|0E
1771337517.439,unsolicited,448,7,1267,C0|07|08|00|00|00|0E
1771337517.440,unsolicited,448,7,1267,C0|07|08|00|00|00|0E
1771337517.473,unsolicited,448,7,1267,C0|07|08|00|00|00|0E
1771337517.473,unsolicited,448,7,1267,C0|07|08|00|00|00|0E
1771337517.506,unsolicited,448,7,1267,C0|07|08|00|00|00|0E
1771337517.506,unsolicited,448,7,1267,C0|07|08|00|00|00|0E
1771337517.507,unsolicited,448,7,1267,C0|07|08|00|00|00|0E
1771337517.574,unsolicited,448,7,1267,C0|07|08|00|00|00|0E
1771337518.383,unsolicited,448,7,1267,C0|07|08|00|00|00|0E
1771337518.384,unsolicited,448,7,1267,C0|07|08|00|00|00|0E
1771337518.413,solicited,1260,,448,
1771337518.449,unsolicited,448,7,1260,C0|07|08|00|00|00|0E
1771337519.251,unsolicited,448,7,1260,C0|07|08|00|00|00|0E
1771337519.724,unsolicited,448,7,1260,C0|07|08|00|00|00|0E
1771337519.758,unsolicited,448,7,1260,C0|07|08|00|00|00|0E
1771337520.058,unsolicited,448,7,1260,C0|07|08|00|00|00|0E
1771337520.330,solicited,1240,,448,
1771337520.397,unsolicited,448,7,1240,C0|07|08|00|00|00|0E
1771337520.431,unsolicited,448,7,1240,C0|07|08|00|00|00|0E
1771337520.431,unsolicited,448,7,1240,C0|07|08|00|00|00|0E
1771337520.432,unsolicited,448,7,1240,C0|07|08|00|00|00|0E
1771337520.465,unsolicited,448,7,1240,C0|07|08|00|00|00|0E
1771337520.465,unsolicited,448,7,1240,C0|07|08|00|00|00|0E
1771337520.466,unsolicited,448,7,1240,C0|07|08|00|00|00|0E
1771337520.498,unsolicited,448,7,1240,C0|07|08|00|00|00|0E
1771337522.853,solicited,390,,448,
1771337523.155,unsolicited,0,0,390,C0|00|08|00|00|00|07
1771337523.161,unsolicited,0,0,390,C0|00|08|00|00|00|07
1771337525.006,unsolicited,0,0,390,C0|00|08|00|00|00|07
1771337525.006,unsolicited,0,0,390,C0|00|08|00|00|00|07
1771337525.274,unsolicited,0,0,390,C0|00|08|00|00|00|07
1771337525.508,unsolicited,0,0,390,C0|00|08|00|00|00|07
1771337525.509,unsolicited,0,0,390,C0|00|08|00|00|00|07
1771337526.685,solicited,0,,0,
1771337527.563,unsolicited,0,0,0,C0|00|08|00|00|00|07
1771337527.597,unsolicited,0,0,0,C0|00|08|00|00|00|07
1771337527.598,unsolicited,0,0,0,C0|00|08|00|00|00|07
1771337527.797,unsolicited,0,0,0,C0|00|08|00|00|00|07
1771337527.830,unsolicited,0,0,0,C0|00|08|00|00|00|07
1771337529.006,unsolicited,0,0,0,C0|00|08|00|00|00|07
1771337529.039,solicited,0,,0,
1771337531.265,solicited,0,,0,
1771337531.298,unsolicited,0,0,0,C0|00|08|00|00|00|07
1771337531.532,unsolicited,0,0,0,C0|00|08|00|00|00|07
1771337531.802,solicited,0,,0,
1771337531.802,unsolicited,0,0,0,C0|00|08|00|00|00|07
1771337532.002,unsolicited,0,0,0,C0|00|08|00|00|00|07
1771337532.036,unsolicited,0,0,0,C0|00|08|00|00|00|07
1771337532.037,unsolicited,0,0,0,C0|00|08|00|00|00|07
1771337532.070,unsolicited,0,0,0,C0|00|08|00|00|00|07
1771337532.071,unsolicited,0,0,0,C0|00|08|00|00|00|07
1771337532.103,unsolicited,0,0,0,C0|00|08|00|00|00|07
1771337532.104,unsolicited,0,0,0,C0|00|08|00|00|00|07
1771337532.105,unsolicited,0,0,0,C0|00|08|00|00|00|07
1771337532.137,unsolicited,0,0,0,C0|00|08|00|00|00|07
1771337532.541,unsolicited,0,0,0,C0|00|08|00|00|00|07
1771337533.179,unsolicited,0,0,0,C0|00|08|00|00|00|07
1771337533.414,unsolicited,0,0,0,C0|00|08|00|00|00|07
1771337533.415,unsolicited,0,0,0,C0|00|08|00|00|00|07
1771337560.183,unsolicited,0,0,0,80|00|08|00|00|00|C7
1771337560.184,unsolicited,0,0,0,80|00|08|00|00|00|C7
1771337560.185,unsolicited,0,0,0,80|00|08|00|00|00|C7
1771337560.420,unsolicited,0,0,0,80|00|08|00|00|00|C7
1771337560.454,unsolicited,0,0,0,80|00|08|00|00|00|C7
1771337560.454,unsolicited,0,0,0,80|00|08|00|00|00|C7
1771337560.489,unsolicited,0,0,0,80|00|08|00|00|00|C7
1771337560.489,unsolicited,0,0,0,80|00|08|00|00|00|C7
1771337560.623,unsolicited,0,0,0,80|00|08|00|00|00|C7
1771337561.295,solicited,0,,0,
1771337561.701,unsolicited,0,0,0,C0|00|08|00|00|00|07
1771337561.804,solicited,0,,0,
1771337562.073,unsolicited,0,0,0,C0|00|08|00|00|00|07
1771337562.140,unsolicited,0,0,0,C0|00|08|00|00|00|07
1771337562.141,unsolicited,0,0,0,C0|00|08|00|00|00|07
1771337562.174,unsolicited,0,0,0,C0|00|08|00|00|00|07
1771337562.512,unsolicited,0,0,0,C0|00|08|00|00|00|07
1771337562.515,unsolicited,0,0,0,C0|00|08|00|00|00|07
1771337562.546,unsolicited,0,0,0,C0|00|08|00|00|00|07
1771337562.614,unsolicited,0,0,0,C0|00|08|00|00|00|07
1771337562.647,unsolicited,0,0,0,C0|00|08|00|00|00|07
1771337562.681,unsolicited,0,0,0,C0|00|08|00|00|00|07
1771337562.682,unsolicited,0,0,0,C0|00|08|00|00|00|07
1771337562.714,unsolicited,0,0,0,C0|00|08|00|00|00|07
1771337562.747,unsolicited,0,0,0,C0|00|08|00|00|00|07
1771337563.054,unsolicited,0,0,0,C0|00|08|00|00|00|07
1771337563.088,unsolicited,0,0,0,C0|00|08|00|00|00|07
1771337563.089,unsolicited,0,0,0,C0|00|08|00|00|00|07
1771337563.090,unsolicited,0,0,0,C0|00|08|00|00|00|07
1771337563.122,unsolicited,0,0,0,C0|00|08|00|00|00|07
1771337563.123,unsolicited,0,0,0,C0|00|08|00|00|00|07
1771337563.156,unsolicited,0,0,0,C0|00|08|00|00|00|07
1771337563.157,unsolicited,0,0,0,C0|00|08|00|00|00|07
1771337563.190,unsolicited,0,0,0,C0|00|08|00|00|00|07
1771337563.191,unsolicited,0,0,0,C0|00|08|00|00|00|07
1771337563.326,unsolicited,0,0,0,C0|00|08|00|00|00|07
1771337563.327,unsolicited,0,0,0,C0|00|08|00|00|00|07
1771337563.358,solicited,0,,0,
1771337563.392,unsolicited,0,0,0,C0|00|08|00|00|00|07
1771337563.425,unsolicited,0,0,0,C0|00|08|00|00|00|07
1771337563.658,unsolicited,0,0,0,C0|00|08|00|00|00|07
1771337563.659,unsolicited,0,0,0,C0|00|08|00|00|00|07
1771337563.692,unsolicited,0,0,0,C0|00|08|00|00|00|07
1771337564.333,unsolicited,0,0,0,C0|00|08|00|00|00|07
1771337564.364,solicited,0,,0,
1771337564.465,unsolicited,0,0,0,C0|00|08|00|00|00|07
1771337564.631,unsolicited,0,0,0,C0|00|08|00|00|00|07
1771337564.632,unsolicited,0,0,0,C0|00|08|00|00|00|07
1771337564.663,unsolicited,0,0,0,C0|00|08|00|00|00|07
1771337564.663,unsolicited,0,0,0,C0|00|08|00|00|00|07
1771337564.765,unsolicited,0,0,0,C0|00|08|00|00|00|07
1771337564.802,unsolicited,0,0,0,C0|00|08|00|00|00|07
1771337565.167,unsolicited,0,0,0,C0|00|08|00|00|00|07
1771337565.434,unsolicited,0,0,0,C0|00|08|00|00|00|07
1771337565.468,solicited,0,,0,
1771337565.468,unsolicited,0,0,0,C0|00|08|00|00|00|07
1771337565.470,unsolicited,0,0,0,C0|00|08|00|00|00|07
1771337565.703,unsolicited,0,0,0,C0|00|08|00|00|00|07
1771337565.703,unsolicited,0,0,0,C0|00|08|00|00|00|07
1771337565.938,unsolicited,0,0,0,C0|00|08|00|00|00|07
1771337565.971,solicited,0,,0,
1771337565.972,unsolicited,0,0,0,C0|00|08|00|00|00|07
1771337565.973,unsolicited,0,0,0,C0|00|08|00|00|00|07
1771337566.006,unsolicited,0,0,0,C0|00|08|00|00|00|07
1771337566.006,unsolicited,0,0,0,C0|00|08|00|00|00|07
1771337566.007,unsolicited,0,0,0,C0|00|08|00|00|00|07
1771337566.073,unsolicited,0,0,0,C0|00|08|00|00|00|07
1771337566.073,unsolicited,0,0,0,C0|00|08|00|00|00|07
1771337566.107,unsolicited,0,0,0,C0|00|08|00|00|00|07
1771337566.242,unsolicited,0,0,0,C0|00|08|00|00|00|07
1771337566.276,unsolicited,0,0,0,C0|00|08|00|00|00|07
1771337566.309,unsolicited,0,0,0,C0|00|08|00|00|00|07
1771337566.375,unsolicited,0,0,0,C0|00|08|00|00|00|07
1771337566.409,unsolicited,0,0,0,C0|00|08|00|00|00|07
1771337566.443,unsolicited,0,0,0,C0|00|08|00|00|00|07
1771337566.476,unsolicited,0,0,0,C0|00|08|00|00|00|07
1771337566.479,unsolicited,0,0,0,C0|00|08|00|00|00|07
1771337566.543,unsolicited,0,0,0,C0|00|08|00|00|00|07
1771337566.577,unsolicited,0,0,0,C0|00|08|00|00|00|07
1771337566.678,unsolicited,0,0,0,C0|00|08|00|00|00|07
1771337566.711,unsolicited,0,0,0,C0|00|08|00|00|00|07
1771337566.745,unsolicited,0,0,0,C0|00|08|00|00|00|07
1771337566.746,unsolicited,0,0,0,C0|00|08|00|00|00|07
1771337566.779,unsolicited,0,0,0,C0|00|08|00|00|00|07
1771337568.057,solicited,0,,0,
1771337568.358,unsolicited,0,0,0,C0|00|08|00|00|00|07
1771337568.392,unsolicited,0,0,0,C0|00|08|00|00|00|07
1771337568.425,unsolicited,0,0,0,C0|00|08|00|00|00|07
1771337568.425,unsolicited,0,0,0,C0|00|08|00|00|00|07
1771337568.458,unsolicited,0,0,0,C0|00|08|00|00|00|07
1771337568.526,unsolicited,0,0,0,C0|00|08|00|00|00|07
1771337568.559,solicited,0,,0,
1771337568.560,unsolicited,0,0,0,C0|00|08|00|00|00|07
1771337568.560,unsolicited,0,0,0,C0|00|08|00|00|00|07
1771337568.594,unsolicited,0,0,0,C0|00|08|00|00|00|07
1771337568.627,unsolicited,0,0,0,C0|00|08|00|00|00|07
1771337568.727,unsolicited,0,0,0,C0|00|08|00|00|00|07
1771337568.996,unsolicited,0,0,0,C0|00|08|00|00|00|07
1771337568.997,unsolicited,0,0,0,C0|00|08|00|00|00|07
1771337569.030,unsolicited,0,0,0,C0|00|08|00|00|00|07
1771337569.030,unsolicited,0,0,0,C0|00|08|00|00|00|07
1771337569.031,unsolicited,0,0,0,C0|00|08|00|00|00|07
1771337569.065,unsolicited,0,0,0,C0|00|08|00|00|00|07
1771337569.065,solicited,0,,0,
1771337569.097,unsolicited,0,0,0,C0|00|08|00|00|00|07
1771337569.098,unsolicited,0,0,0,C0|00|08|00|00|00|07
1771337569.131,unsolicited,0,0,0,C0|00|08|00|00|00|07
1771337569.264,unsolicited,0,0,0,C0|00|08|00|00|00|07
1771337569.435,unsolicited,0,0,0,C0|00|08|00|00|00|07
1771337569.468,unsolicited,0,0,0,C0|00|08|00|00|00|07
1771337569.501,unsolicited,0,0,0,C0|00|08|00|00|00|07
1771337569.534,unsolicited,0,0,0,C0|00|08|00|00|00|07
1771337569.535,unsolicited,0,0,0,C0|00|08|00|00|00|07
1771337569.601,solicited,0,,0,
1771337569.602,unsolicited,0,0,0,C0|00|08|00|00|00|07
1771337569.602,unsolicited,0,0,0,C0|00|08|00|00|00|07
1771337569.634,unsolicited,0,0,0,C0|00|08|00|00|00|07
1771337569.972,unsolicited,0,0,0,C0|00|08|00|00|00|07
1771337570.005,unsolicited,0,0,0,C0|00|08|00|00|00|07
1771337570.006,unsolicited,0,0,0,C0|00|08|00|00|00|07
1771337570.039,unsolicited,0,0,0,C0|00|08|00|00|00|07
1771337570.040,unsolicited,0,0,0,C0|00|08|00|00|00|07
1771337570.812,unsolicited,0,0,0,C0|00|08|00|00|00|07
1771337570.845,solicited,0,,0,
1771337570.846,unsolicited,0,0,0,C0|00|08|00|00|00|07
1771337570.878,unsolicited,0,0,0,C0|00|08|00|00|00|07
1771337570.879,unsolicited,0,0,0,C0|00|08|00|00|00|07
1771337572.056,unsolicited,0,0,0,C0|00|08|00|00|00|07
1771337572.092,solicited,0,,0,
1771337572.526,unsolicited,0,0,0,C0|00|08|00|00|00|07
1771337572.560,unsolicited,0,0,0,C0|00|08|00|00|00|07
1771337573.139,unsolicited,0,0,0,C0|00|08|00|00|00|07
1771337573.170,unsolicited,0,0,0,C0|00|08|00|00|00|07
1771337573.170,solicited,0,,0,
1771337573.402,unsolicited,0,0,0,C0|00|08|00|00|00|07
1771337573.470,unsolicited,0,0,0,C0|00|08|00|00|00|07
1771337573.471,unsolicited,0,0,0,C0|00|08|00|00|00|07
1771337573.471,unsolicited,0,0,0,C0|00|08|00|00|00|07
1771337573.505,unsolicited,0,0,0,C0|00|08|00|00|00|07
1771337573.506,unsolicited,0,0,0,C0|00|08|00|00|00|07
1771337573.538,unsolicited,0,0,0,C0|00|08|00|00|00|07
1771337573.539,unsolicited,0,0,0,C0|00|08|00|00|00|07
1771337573.571,unsolicited,0,0,0,C0|00|08|00|00|00|07
1771337573.572,unsolicited,0,0,0,C0|00|08|00|00|00|07
1771337573.704,unsolicited,0,0,0,C0|00|08|00|00|00|07
1771337573.705,unsolicited,0,0,0,C0|00|08|00|00|00|07
1771337573.736,solicited,0,,0,
1771337573.737,unsolicited,0,0,0,C0|00|08|00|00|00|07
1771337573.770,unsolicited,0,0,0,C0|00|08|00|00|00|07
1771337573.804,unsolicited,0,0,0,C0|00|08|00|00|00|07
1771337573.805,unsolicited,0,0,0,C0|00|08|00|00|00|07
1771337573.837,unsolicited,0,0,0,C0|00|08|00|00|00|07
1771337573.838,unsolicited,0,0,0,C0|00|08|00|00|00|07
1771337573.839,unsolicited,0,0,0,C0|00|08|00|00|00|07
1771337573.871,unsolicited,0,0,0,C0|00|08|00|00|00|07
1771337573.872,unsolicited,0,0,0,C0|00|08|00|00|00|07
1771337574.076,unsolicited,0,0,0,C0|00|08|00|00|00|07
1771337574.076,unsolicited,0,0,0,C0|00|08|00|00|00|07
1771337574.077,unsolicited,0,0,0,C0|00|08|00|00|00|07
1771337574.109,unsolicited,0,0,0,C0|00|08|00|00|00|07
1771337574.110,unsolicited,0,0,0,C0|00|08|00|00|00|07
1771337574.178,unsolicited,0,0,0,C0|00|08|00|00|00|07
1771337574.210,unsolicited,0,0,0,C0|00|08|00|00|00|07
1771337574.211,unsolicited,0,0,0,C0|00|08|00|00|00|07
1771337574.212,unsolicited,0,0,0,C0|00|08|00|00|00|07
1771337574.244,unsolicited,0,0,0,C0|00|08|00|00|00|07
1771337574.479,unsolicited,0,0,0,C0|00|08|00|00|00|07
1771337574.713,unsolicited,0,0,0,C0|00|08|00|00|00|07
1771337574.715,unsolicited,0,0,0,C0|00|08|00|00|00|07
1771337574.716,unsolicited,0,0,0,C0|00|08|00|00|00|07
1771337574.814,solicited,0,,0,
1771337574.880,unsolicited,0,0,0,C0|00|08|00|00|00|07
1771337574.882,unsolicited,0,0,0,C0|00|08|00|00|00|07
1771337575.016,unsolicited,0,0,0,C0|00|08|00|00|00|07
1771337575.051,unsolicited,0,0,0,C0|00|08|00|00|00|07
1771337575.117,unsolicited,0,0,0,C0|00|08|00|00|00|07
1771337575.118,unsolicited,0,0,0,C0|00|08|00|00|00|07
1771337575.152,unsolicited,0,0,0,C0|00|08|00|00|00|07
1771337575.352,solicited,0,,0,
1771337575.384,unsolicited,0,0,0,C0|00|08|00|00|00|07
1771337575.385,unsolicited,0,0,0,C0|00|08|00|00|00|07
1771337575.418,unsolicited,0,0,0,C0|00|08|00|00|00|07
1771337575.688,unsolicited,0,0,0,C0|00|08|00|00|00|07
1771337576.333,unsolicited,0,0,0,C0|00|08|00|00|00|07
1771337576.334,unsolicited,0,0,0,C0|00|08|00|00|00|07
1771337576.366,solicited,0,,0,
1771337576.467,unsolicited,0,0,0,C0|00|08|00|00|00|07
1771337576.766,unsolicited,0,0,0,C0|00|08|00|00|00|07
1771337576.767,unsolicited,0,0,0,C0|00|08|00|00|00|07
1771337579.724,unsolicited,0,0,0,C0|00|08|00|00|00|07
1771337579.725,solicited,0,,0,
1771337579.994,unsolicited,0,0,0,C0|00|08|00|00|00|07
1771337580.064,unsolicited,0,0,0,C0|00|08|00|00|00|07
1771337580.093,unsolicited,0,0,0,C0|00|08|00|00|00|07
1771337580.127,unsolicited,0,0,0,C0|00|08|00|00|00|07
1771337580.194,unsolicited,0,0,0,C0|00|08|00|00|00|07
1771337580.195,unsolicited,0,0,0,C0|00|08|00|00|00|07
1771337580.227,unsolicited,0,0,0,C0|00|08|00|00|00|07
1771337580.261,solicited,0,,0,
1771337580.428,unsolicited,0,0,0,C0|00|08|00|00|00|07
1771337580.429,unsolicited,0,0,0,C0|00|08|00|00|00|07
1771337580.461,unsolicited,0,0,0,C0|00|08|00|00|00|07
1771337580.462,unsolicited,0,0,0,C0|00|08|00|00|00|07
1771337580.463,unsolicited,0,0,0,C0|00|08|00|00|00|07
1771337580.496,unsolicited,0,0,0,C0|00|08|00|00|00|07
1771337580.564,unsolicited,0,0,0,C0|00|08|00|00|00|07
1771337580.565,unsolicited,0,0,0,C0|00|08|00|00|00|07
1771337580.631,unsolicited,0,0,0,C0|00|08|00|00|00|07
1771337580.632,unsolicited,0,0,0,C0|00|08|00|00|00|07
1771337580.666,unsolicited,0,0,0,C0|00|08|00|00|00|07
1771337580.667,unsolicited,0,0,0,C0|00|08|00|00|00|07
1771337580.667,unsolicited,0,0,0,C0|00|08|00|00|00|07
1771337580.700,unsolicited,0,0,0,C0|00|08|00|00|00|07
1771337580.767,solicited,0,,0,
1771337580.768,unsolicited,0,0,0,C0|00|08|00|00|00|07
1771337582.450,solicited,1418,,0,
1771337582.551,unsolicited,0,0,1418,C8|00|08|00|00|00|0F
1771337582.990,unsolicited,0,0,1418,C8|00|08|00|00|00|0F
1771337583.023,unsolicited,0,0,1418,C8|00|08|00|00|00|0F
1771337584.471,unsolicited,0,0,1418,C8|00|08|00|00|00|0F
1771337584.502,unsolicited,0,0,1418,C8|00|08|00|00|00|0F
1771337585.076,unsolicited,0,0,1418,C0|00|08|00|00|00|07
1771337585.076,unsolicited,0,0,1418,C0|00|08|00|00|00|07
1771337585.077,unsolicited,0,0,1418,C0|00|08|00|00|00|07
1771337585.110,solicited,1258,,0,
1771337585.114,unsolicited,0,0,1258,C0|00|08|00|00|00|07
1771337585.117,unsolicited,0,0,1258,C0|00|08|00|00|00|07
1771337585.142,unsolicited,0,0,1258,C0|00|08|00|00|00|07
1771337587.466,solicited,1296,,0,
1771337589.215,solicited,1355,,0,
1771337589.316,unsolicited,0,0,1355,C0|00|08|00|00|00|07
1771337589.320,unsolicited,0,0,1355,C0|00|08|00|00|00|07
1771337589.350,unsolicited,0,0,1355,C0|00|08|00|00|00|07
1771337589.383,unsolicited,0,0,1355,C0|00|08|00|00|00|07
1771337589.449,unsolicited,0,0,1355,C0|00|08|00|00|00|07
1771337589.583,unsolicited,0,0,1355,C0|00|08|00|00|00|07
1771337589.584,unsolicited,0,0,1355,C0|00|08|00|00|00|07
1771337589.617,unsolicited,0,0,1355,C0|00|08|00|00|00|07
1771337589.955,solicited,1342,,0,
1771337590.089,unsolicited,0,0,1342,C0|00|08|00|00|00|07
1771337590.123,unsolicited,0,0,1342,C0|00|08|00|00|00|07
1771337590.358,unsolicited,0,0,1342,C0|00|08|00|00|00|07
1771337590.361,unsolicited,0,0,1342,C0|00|08|00|00|00|07
1771337590.392,unsolicited,0,0,1342,C0|00|08|00|00|00|07
1771337590.492,solicited,1329,,0,
1771337590.660,unsolicited,0,0,1329,C0|00|08|00|00|00|07
1771337590.828,unsolicited,0,0,1329,C0|00|08|00|00|00|07
1771337590.830,unsolicited,0,0,1329,C0|00|08|00|00|00|07
1771337590.861,unsolicited,0,0,1329,C0|00|08|00|00|00|07
1771337590.893,unsolicited,0,0,1329,C0|00|08|00|00|00|07
1771337590.995,solicited,1320,,0,
1771337591.331,unsolicited,0,0,1320,C0|00|08|00|00|00|07
1771337592.071,unsolicited,0,0,1320,C0|00|08|00|00|00|07
1771337592.106,solicited,1299,,0,
1771337592.111,unsolicited,0,0,1299,C0|00|08|00|00|00|07
1771337592.141,unsolicited,0,0,1299,C0|00|08|00|00|00|07
1771337592.546,unsolicited,0,0,1299,C0|00|08|00|00|00|07
1771337592.579,unsolicited,0,0,1299,C0|00|08|00|00|00|07
1771337592.614,solicited,1290,,0,
1771337592.647,unsolicited,0,0,1290,C0|00|08|00|00|00|07
1771337592.849,unsolicited,0,0,1290,C0|00|08|00|00|00|07
1771337592.853,unsolicited,0,0,1290,C0|00|08|00|00|00|07
1771337592.884,unsolicited,0,0,1290,C0|00|08|00|00|00|07
1771337593.185,solicited,1289,,0,
1771337593.217,unsolicited,0,0,1289,C0|00|08|00|00|00|07
1771337593.220,unsolicited,0,0,1289,C0|00|08|00|00|00|07
1771337593.357,unsolicited,0,0,1289,C0|00|08|00|00|00|07
1771337595.368,unsolicited,448,7,1289,C0|07|08|00|00|00|0E
1771337595.400,solicited,1332,,448,
1771337595.500,unsolicited,448,7,1332,C0|07|08|00|00|00|0E
1771337595.840,unsolicited,448,7,1332,C0|07|08|00|00|00|0E
1771337595.840,unsolicited,448,7,1332,C0|07|08|00|00|00|0E
1771337595.871,unsolicited,448,7,1332,C0|07|08|00|00|00|0E
1771337595.872,unsolicited,448,7,1332,C0|07|08|00|00|00|0E
1771337595.872,unsolicited,448,7,1332,C0|07|08|00|00|00|0E
1771337595.905,solicited,1298,,448,
1771337596.007,unsolicited,448,7,1298,C0|07|08|00|00|00|0E
1771337596.376,unsolicited,448,7,1298,C0|07|08|00|00|00|0E
1771337596.376,unsolicited,448,7,1298,C0|07|08|00|00|00|0E
1771337596.377,unsolicited,448,7,1298,C0|07|08|00|00|00|0E
1771337596.381,unsolicited,448,7,1298,C0|07|08|00|00|00|0E
1771337596.411,unsolicited,448,7,1298,C0|07|08|00|00|00|0E
1771337596.443,solicited,1258,,448,
1771337596.643,unsolicited,448,7,1258,C0|07|08|00|00|00|0E
1771337596.645,unsolicited,448,7,1258,C0|07|08|00|00|00|0E
1771337596.745,unsolicited,448,7,1258,C0|07|08|00|00|00|0E
1771337596.778,unsolicited,448,7,1258,C0|07|08|00|00|00|0E
1771337596.779,unsolicited,448,7,1258,C0|07|08|00|00|00|0E
1771337596.812,unsolicited,448,7,1258,C0|07|08|00|00|00|0E
1771337596.878,unsolicited,448,7,1258,C0|07|08|00|00|00|0E
1771337596.945,unsolicited,448,7,1258,C0|07|08|00|00|00|0E
1771337596.946,unsolicited,448,7,1258,C0|07|08|00|00|00|0E
1771337597.278,unsolicited,448,7,1258,C0|07|08|00|00|00|0E
1771337597.279,unsolicited,448,7,1258,C0|07|08|00|00|00|0E
1771337597.379,unsolicited,448,7,1258,C0|07|08|00|00|00|0E
1771337597.447,unsolicited,448,7,1258,C0|07|08|00|00|00|0E
1771337597.513,solicited,1314,,448,
1771337597.815,unsolicited,448,7,1314,C0|07|08|00|00|00|0E
1771337598.018,solicited,1283,,448,
1771337598.053,unsolicited,448,7,1283,C0|07|08|00|00|00|0E
1771337598.255,unsolicited,448,7,1283,C0|07|08|00|00|00|0E
1771337598.287,unsolicited,448,7,1283,C0|07|08|00|00|00|0E
1771337598.287,unsolicited,448,7,1283,C0|07|08|00|00|00|0E
1771337598.354,unsolicited,448,7,1283,C0|07|08|00|00|00|0E
1771337598.387,unsolicited,448,7,1283,C0|07|08|00|00|00|0E
1771337598.388,unsolicited,448,7,1283,C0|07|08|00|00|00|0E
1771337598.389,unsolicited,448,7,1283,C0|07|08|00|00|00|0E
1771337598.420,unsolicited,448,7,1283,C0|07|08|00|00|00|0E
1771337598.454,unsolicited,448,7,1283,C0|07|08|00|00|00|0E
1771337598.488,unsolicited,448,7,1283,C0|07|08|00|00|00|0E
1771337598.489,unsolicited,448,7,1283,C0|07|08|00|00|00|0E
1771337598.823,unsolicited,448,7,1283,C0|07|08|00|00|00|0E
1771337599.594,solicited,1321,,448,
1771337599.627,unsolicited,448,7,1321,C0|07|08|00|00|00|0E
1771337599.896,unsolicited,448,7,1321,C0|07|08|00|00|00|0E
1771337600.096,solicited,1286,,448,
1771337600.197,unsolicited,448,7,1286,C0|07|08|00|00|00|0E
1771337600.197,unsolicited,448,7,1286,C0|07|08|00|00|00|0E
1771337600.228,unsolicited,448,7,1286,C0|07|08|00|00|00|0E
1771337600.229,unsolicited,448,7,1286,C0|07|08|00|00|00|0E
1771337600.330,unsolicited,448,7,1286,C0|07|08|00|00|00|0E
1771337600.360,unsolicited,448,7,1286,C0|07|08|00|00|00|0E
1771337600.427,unsolicited,448,7,1286,C0|07|08|00|00|00|0E
1771337600.495,unsolicited,448,7,1286,C0|07|08|00|00|00|0E
1771337600.527,unsolicited,448,7,1286,C0|07|08|00|00|00|0E
1771337600.530,unsolicited,448,7,1286,C0|07|08|00|00|00|0E
1771337600.560,unsolicited,448,7,1286,C0|07|08|00|00|00|0E
1771337600.627,unsolicited,448,7,1286,C0|07|08|00|00|00|0E
1771337600.660,unsolicited,448,7,1286,C0|07|08|00|00|00|0E
1771337600.929,unsolicited,448,7,1286,C0|07|08|00|00|00|0E
1771337601.165,solicited,1310,,448,
1771337601.366,unsolicited,448,7,1310,C0|07|08|00|00|00|0E
1771337601.366,unsolicited,448,7,1310,C0|07|08|00|00|00|0E
1771337601.433,unsolicited,448,7,1310,C0|07|08|00|00|00|0E
1771337601.467,unsolicited,448,7,1310,C0|07|08|00|00|00|0E
1771337601.668,unsolicited,448,7,1310,C0|07|08|00|00|00|0E
1771337601.937,solicited,1290,,448,
1771337601.938,unsolicited,448,7,1290,C0|07|08|00|00|00|0E
1771337602.171,unsolicited,448,7,1290,C0|07|08|00|00|00|0E
1771337602.204,unsolicited,448,7,1290,C0|07|08|00|00|00|0E
1771337602.338,unsolicited,448,7,1290,C0|07|08|00|00|00|0E
1771337602.439,unsolicited,448,7,1290,C0|07|08|00|00|00|0E
1771337602.472,solicited,1291,,448,
1771337602.506,unsolicited,448,7,1291,C0|07|08|00|00|00|0E
1771337602.572,unsolicited,448,7,1291,C0|07|08|00|00|00|0E
1771337602.573,unsolicited,448,7,1291,C0|07|08|00|00|00|0E
1771337602.673,unsolicited,448,7,1291,C0|07|08|00|00|00|0E
1771337602.676,unsolicited,448,7,1291,C0|07|08|00|00|00|0E
1771337602.708,unsolicited,448,7,1291,C0|07|08|00|00|00|0E
1771337602.708,unsolicited,448,7,1291,C0|07|08|00|00|00|0E
1771337602.775,unsolicited,448,7,1291,C0|07|08|00|00|00|0E
1771337602.808,unsolicited,448,7,1291,C0|07|08|00|00|00|0E
1771337602.977,solicited,1317,,448,
1771337603.043,unsolicited,448,7,1317,C0|07|08|00|00|00|0E
1771337604.221,unsolicited,448,7,1317,C0|07|08|00|00|00|0E
1771337605.236,unsolicited,448,7,1317,C0|07|08|00|00|00|0E
1771337605.237,unsolicited,448,7,1317,C0|07|08|00|00|00|0E
1771337605.270,solicited,1297,,448,
1771337605.304,unsolicited,448,7,1297,C0|07|08|00|00|00|0E
1771337605.305,unsolicited,448,7,1297,C0|07|08|00|00|00|0E
1771337605.338,unsolicited,448,7,1297,C0|07|08|00|00|00|0E
1771337605.339,unsolicited,448,7,1297,C0|07|08|00|00|00|0E
1771337605.372,unsolicited,448,7,1297,C0|07|08|00|00|00|0E
1771337605.372,unsolicited,448,7,1297,C0|07|08|00|00|00|0E
1771337605.373,unsolicited,448,7,1297,C0|07|08|00|00|00|0E
1771337605.404,unsolicited,448,7,1297,C0|07|08|00|00|00|0E
1771337605.470,unsolicited,448,7,1297,C0|07|08|00|00|00|0E
1771337605.637,unsolicited,448,7,1297,C0|07|08|00|00|00|0E
1771337605.671,unsolicited,448,7,1297,C0|07|08|00|00|00|0E
1771337605.672,unsolicited,448,7,1297,C0|07|08|00|00|00|0E
1771337605.673,unsolicited,448,7,1297,C0|07|08|00|00|00|0E
1771337605.705,unsolicited,448,7,1297,C0|07|08|00|00|00|0E
1771337605.705,unsolicited,448,7,1297,C0|07|08|00|00|00|0E
1771337605.737,unsolicited,448,7,1297,C0|07|08|00|00|00|0E
1771337605.738,unsolicited,448,7,1297,C0|07|08|00|00|00|0E
1771337605.771,solicited,1285,,448,
1771337605.873,unsolicited,448,7,1285,C0|07|08|00|00|00|0E
1771337605.873,unsolicited,448,7,1285,C0|07|08|00|00|00|0E
1771337605.906,unsolicited,448,7,1285,C0|07|08|00|00|00|0E
1771337605.906,unsolicited,448,7,1285,C0|07|08|00|00|00|0E
1771337605.939,unsolicited,448,7,1285,C0|07|08|00|00|00|0E
1771337605.939,unsolicited,448,7,1285,C0|07|08|00|00|00|0E
1771337606.241,unsolicited,448,7,1285,C0|07|08|00|00|00|0E
1771337606.477,unsolicited,448,7,1285,C0|07|08|00|00|00|0E
1771337606.480,unsolicited,448,7,1285,C0|07|08|00|00|00|0E
1771337607.216,unsolicited,448,7,1285,C0|07|08|00|00|00|0E
1771337607.248,solicited,1291,,448,
1771337607.417,unsolicited,448,7,1291,C0|07|08|00|00|00|0E
1771337607.454,unsolicited,448,7,1291,C0|07|08|00|00|00|0E
1771337607.484,unsolicited,448,7,1291,C0|07|08|00|00|00|0E
1771337607.753,solicited,1273,,448,
1771337607.856,unsolicited,448,7,1273,C0|07|08|00|00|00|0E
1771337607.922,unsolicited,448,7,1273,C0|07|08|00|00|00|0E
1771337608.324,solicited,1265,,448,
1771337608.426,unsolicited,448,7,1265,C0|07|08|00|00|00|0E
1771337608.492,unsolicited,448,7,1265,C0|07|08|00|00|00|0E
1771337608.560,unsolicited,448,7,1265,C0|07|08|00|00|00|0E
1771337608.663,unsolicited,448,7,1265,C0|07|08|00|00|00|0E
1771337608.831,unsolicited,448,7,1265,C0|07|08|00|00|00|0E
1771337608.832,unsolicited,448,7,1265,C0|07|08|00|00|00|0E
1771337608.864,solicited,1283,,448,
1771337608.966,unsolicited,448,7,1283,C0|07|08|00|00|00|0E
1771337608.967,unsolicited,448,7,1283,C0|07|08|00|00|00|0E
1771337609.303,unsolicited,448,7,1283,C0|07|08|00|00|00|0E
1771337609.303,unsolicited,448,7,1283,C0|07|08|00|00|00|0E
1771337609.405,solicited,1270,,448,
1771337609.472,unsolicited,448,7,1270,C0|07|08|00|00|00|0E
1771337609.472,unsolicited,448,7,1270,C0|07|08|00|00|00|0E
1771337609.506,unsolicited,448,7,1270,C0|07|08|00|00|00|0E
1771337610.148,solicited,1281,,448,
1771337611.194,solicited,1273,,448,
1771337611.294,unsolicited,448,7,1273,C0|07|08|00|00|00|0E
1771337611.428,unsolicited,448,7,1273,C0|07|08|00|00|00|0E
1771337611.461,unsolicited,448,7,1273,C0|07|08|00|00|00|0E
1771337611.494,unsolicited,448,7,1273,C0|07|08|00|00|00|0E
1771337611.495,unsolicited,448,7,1273,C0|07|08|00|00|00|0E
1771337611.495,unsolicited,448,7,1273,C0|07|08|00|00|00|0E
1771337611.528,unsolicited,448,7,1273,C0|07|08|00|00|00|0E
1771337611.528,unsolicited,448,7,1273,C0|07|08|00|00|00|0E
1771337611.697,solicited,1232,,448,
1771337611.796,unsolicited,448,7,1232,C0|07|08|00|00|00|0E
1771337612.199,unsolicited,448,7,1232,C0|07|08|00|00|00|0E
1771337612.233,solicited,1207,,448,
1771337612.469,unsolicited,448,7,1207,C0|07|08|00|00|00|0E
1771337612.502,unsolicited,448,7,1207,C0|07|08|00|00|00|0E
1771337612.638,unsolicited,448,7,1207,C0|07|08|00|00|00|0E
1771337612.639,unsolicited,448,7,1207,C0|07|08|00|00|00|0E
1771337612.941,solicited,1267,,448,
1771337613.043,unsolicited,448,7,1267,C0|07|08|00|00|00|0E
1771337613.046,unsolicited,448,7,1267,C0|07|08|00|00|00|0E
1771337613.077,unsolicited,448,7,1267,C0|07|08|00|00|00|0E
1771337613.078,unsolicited,448,7,1267,C0|07|08|00|00|00|0E
1771337613.178,unsolicited,448,7,1267,C0|07|08|00|00|00|0E
1771337613.212,unsolicited,448,7,1267,C0|07|08|00|00|00|0E
1771337613.246,unsolicited,448,7,1267,C0|07|08|00|00|00|0E
1771337613.246,unsolicited,448,7,1267,C0|07|08|00|00|00|0E
1771337613.279,unsolicited,448,7,1267,C0|07|08|00|00|00|0E
1771337613.479,unsolicited,448,7,1267,C0|07|08|00|00|00|0E
1771337613.513,solicited,1253,,448,
1771337613.583,unsolicited,448,7,1253,C0|07|08|00|00|00|0E
1771337613.750,unsolicited,384,6,1253,C0|06|08|00|00|00|0D
1771337613.782,unsolicited,384,6,1253,C0|06|08|00|00|00|0D
1771337613.850,unsolicited,384,6,1253,C0|06|08|00|00|00|0D
1771337613.851,unsolicited,384,6,1253,C0|06|08|00|00|00|0D
1771337613.884,unsolicited,384,6,1253,C0|06|08|00|00|00|0D
1771337614.051,unsolicited,384,6,1253,C0|06|08|00|00|00|0D
1771337614.084,solicited,1226,,384,
1771337614.216,unsolicited,384,6,1226,C0|06|08|00|00|00|0D
1771337614.217,unsolicited,384,6,1226,C0|06|08|00|00|00|0D
1771337614.249,unsolicited,384,6,1226,C0|06|08|00|00|00|0D
1771337614.485,unsolicited,384,6,1226,C0|06|08|00|00|00|0D
1771337614.586,unsolicited,384,6,1226,C0|06|08|00|00|00|0D
1771337614.619,unsolicited,384,6,1226,C0|06|08|00|00|00|0D
1771337614.620,solicited,1246,,384,
1771337614.922,unsolicited,384,6,1246,C0|06|08|00|00|00|0D
1771337614.955,unsolicited,384,6,1246,C0|06|08|00|00|00|0D
1771337615.022,unsolicited,384,6,1246,C0|06|08|00|00|00|0D
1771337615.057,unsolicited,384,6,1246,C0|06|08|00|00|00|0D
1771337615.090,unsolicited,384,6,1246,C0|06|08|00|00|00|0D
1771337615.427,unsolicited,384,6,1246,C0|06|08|00|00|00|0D
1771337615.460,unsolicited,384,6,1246,C0|06|08|00|00|00|0D
1771337615.494,unsolicited,384,6,1246,C0|06|08|00|00|00|0D
1771337615.494,unsolicited,384,6,1246,C0|06|08|00|00|00|0D
1771337615.495,unsolicited,384,6,1246,C0|06|08|00|00|00|0D
1771337615.528,unsolicited,384,6,1246,C0|06|08|00|00|00|0D
1771337615.531,unsolicited,384,6,1246,C0|06|08|00|00|00|0D
1771337615.629,unsolicited,384,6,1246,C0|06|08|00|00|00|0D
1771337615.696,solicited,1241,,384,
1771337616.001,unsolicited,384,6,1241,C0|06|08|00|00|00|0D
1771337616.002,unsolicited,384,6,1241,C0|06|08|00|00|00|0D
1771337616.004,unsolicited,384,6,1241,C0|06|08|00|00|00|0D
1771337616.034,unsolicited,384,6,1241,C0|06|08|00|00|00|0D
1771337616.034,unsolicited,384,6,1241,C0|06|08|00|00|00|0D
1771337616.068,unsolicited,384,6,1241,C0|06|08|00|00|00|0D
1771337616.102,unsolicited,384,6,1241,C0|06|08|00|00|00|0D
1771337616.103,unsolicited,384,6,1241,C0|06|08|00|00|00|0D
1771337616.206,unsolicited,384,6,1241,C0|06|08|00|00|00|0D
1771337616.237,unsolicited,384,6,1241,C0|06|08|00|00|00|0D
1771337616.237,solicited,1253,,384,
1771337616.574,unsolicited,384,6,1253,C0|06|08|00|00|00|0D
1771337616.674,unsolicited,384,6,1253,C0|06|08|00|00|00|0D
1771337616.674,unsolicited,384,6,1253,C0|06|08|00|00|00|0D
1771337616.707,solicited,1243,,384,
1771337616.774,unsolicited,384,6,1243,C0|06|08|00|00|00|0D
1771337616.808,unsolicited,384,6,1243,C0|06|08|00|00|00|0D
1771337616.876,unsolicited,384,6,1243,C0|06|08|00|00|00|0D
1771337616.912,unsolicited,384,6,1243,C0|06|08|00|00|00|0D
1771337617.248,unsolicited,384,6,1243,C0|06|08|00|00|00|0D
1771337617.512,unsolicited,384,6,1243,C0|06|08|00|00|00|0D
1771337617.681,unsolicited,384,6,1243,C0|06|08|00|00|00|0D
1771337617.682,unsolicited,384,6,1243,C0|06|08|00|00|00|0D
1771337617.781,unsolicited,384,6,1243,C0|06|08|00|00|00|0D
1771337617.814,solicited,1234,,384,
1771337619.052,solicited,1234,,384,
1771337619.425,unsolicited,384,6,1234,C0|06|08|00|00|00|0D
1771337619.457,unsolicited,384,6,1234,C0|06|08|00|00|00|0D
1771337619.623,solicited,1246,,384,
1771337619.726,unsolicited,384,6,1246,C0|06|08|00|00|00|0D
1771337619.860,unsolicited,384,6,1246,C0|06|08|00|00|00|0D
1771337619.861,unsolicited,384,6,1246,C0|06|08|00|00|00|0D
1771337619.894,unsolicited,384,6,1246,C0|06|08|00|00|00|0D
1771337619.928,unsolicited,384,6,1246,C0|06|08|00|00|00|0D
1771337620.096,unsolicited,384,6,1246,C0|06|08|00|00|00|0D
1771337620.130,unsolicited,384,6,1246,C0|06|08|00|00|00|0D
1771337620.162,solicited,1217,,384,
1771337620.331,unsolicited,384,6,1217,C0|06|08|00|00|00|0D
1771337621.173,unsolicited,384,6,1217,C0|06|08|00|00|00|0D
1771337621.208,unsolicited,384,6,1217,C0|06|08|00|00|00|0D
1771337621.208,solicited,1225,,384,
1771337621.915,solicited,1228,,384,
1771337621.983,unsolicited,384,6,1228,C0|06|08|00|00|00|0D
1771337621.984,unsolicited,384,6,1228,C0|06|08|00|00|00|0D
1771337622.117,unsolicited,384,6,1228,C0|06|08|00|00|00|0D
1771337622.284,unsolicited,384,6,1228,C0|06|08|00|00|00|0D
1771337622.284,unsolicited,384,6,1228,C0|06|08|00|00|00|0D
1771337622.285,unsolicited,384,6,1228,C0|06|08|00|00|00|0D
1771337622.351,unsolicited,384,6,1228,C0|06|08|00|00|00|0D
1771337622.352,unsolicited,384,6,1228,C0|06|08|00|00|00|0D
1771337622.353,unsolicited,384,6,1228,C0|06|08|00|00|00|0D
1771337622.353,unsolicited,384,6,1228,C0|06|08|00|00|00|0D
1771337622.386,unsolicited,384,6,1228,C0|06|08|00|00|00|0D
1771337622.419,solicited,1182,,384,
1771337623.262,unsolicited,384,6,1182,C0|06|08|00|00|00|0D
1771337623.292,solicited,1207,,384,
1771337623.596,unsolicited,384,6,1207,C0|06|08|00|00|00|0D
1771337623.629,unsolicited,384,6,1207,C0|06|08|00|00|00|0D
1771337624.775,unsolicited,0,0,1207,C0|00|08|00|00|00|07
1771337624.806,unsolicited,0,0,1207,C0|00|08|00|00|00|07
1771337624.806,solicited,1182,,0,
1771337626.287,solicited,114,,0,
1771337626.626,unsolicited,0,0,114,C0|00|08|00|00|00|07
1771337628.137,unsolicited,0,0,114,C0|00|08|00|00|00|07
1771337628.169,unsolicited,0,0,114,C0|00|08|00|00|00|07
1771337630.986,solicited,0,,0,
1771337633.777,unsolicited,0,0,0,C0|00|08|00|00|00|07
1771337634.013,unsolicited,0,0,0,C0|00|08|00|00|00|07
1771337634.313,solicited,0,,0,
1771337634.380,unsolicited,0,0,0,C0|00|08|00|00|00|07
1771337634.381,unsolicited,0,0,0,C0|00|08|00|00|00|07
1771337634.381,unsolicited,0,0,0,C0|00|08|00|00|00|07
1771337634.414,unsolicited,0,0,0,C0|00|08|00|00|00|07
1771337634.415,unsolicited,0,0,0,C0|00|08|00|00|00|07
1771337634.448,unsolicited,0,0,0,C0|00|08|00|00|00|07
1771337634.448,unsolicited,0,0,0,C0|00|08|00|00|00|07
1771337634.449,unsolicited,0,0,0,C0|00|08|00|00|00|07
1771337634.582,unsolicited,0,0,0,C0|00|08|00|00|00|07
1771337634.649,unsolicited,0,0,0,C0|00|08|00|00|00|07
1771337634.849,unsolicited,0,0,0,C0|00|08|00|00|00|07
1771337635.053,unsolicited,0,0,0,C0|00|08|00|00|00|07
1771337635.085,unsolicited,0,0,0,C0|00|08|00|00|00|07
1771337635.796,unsolicited,0,0,0,C0|00|08|00|00|00|07
1771337635.863,solicited,0,,0,
1771337635.864,unsolicited,0,0,0,C0|00|08|00|00|00|07
1771337635.864,unsolicited,0,0,0,C0|00|08|00|00|00|07
1771337635.896,unsolicited,0,0,0,C0|00|08|00|00|00|07
1771337636.165,unsolicited,0,0,0,C0|00|08|00|00|00|07
1771337636.331,unsolicited,0,0,0,C0|00|08|00|00|00|07
1771337636.363,unsolicited,0,0,0,C0|00|08|00|00|00|07
1771337636.397,solicited,0,,0,
1771337636.598,unsolicited,0,0,0,C0|00|08|00|00|00|07
1771337636.598,unsolicited,0,0,0,C0|00|08|00|00|00|07
1771337636.631,unsolicited,0,0,0,C0|00|08|00|00|00|07
1771337636.766,unsolicited,0,0,0,C0|00|08|00|00|00|07
1771337636.798,unsolicited,0,0,0,C0|00|08|00|00|00|07
1771337636.866,unsolicited,0,0,0,C0|00|08|00|00|00|07
1771337637.167,unsolicited,0,0,0,C0|00|08|00|00|00|07
1771337637.237,unsolicited,0,0,0,C0|00|08|00|00|00|07
1771337637.269,unsolicited,0,0,0,C0|00|08|00|00|00|07
1771337637.502,solicited,0,,0,
1771337637.536,unsolicited,0,0,0,C0|00|08|00|00|00|07
1771337637.537,unsolicited,0,0,0,C0|00|08|00|00|00|07
1771337637.641,unsolicited,0,0,0,C0|00|08|00|00|00|07
1771337637.738,unsolicited,0,0,0,C0|00|08|00|00|00|07
1771337637.806,unsolicited,0,0,0,C0|00|08|00|00|00|07
1771337637.807,unsolicited,0,0,0,C0|00|08|00|00|00|07
1771337637.942,unsolicited,0,0,0,C0|00|08|00|00|00|07
1771337638.209,solicited,0,,0,
1771337638.277,unsolicited,0,0,0,C0|00|08|00|00|00|07
1771337638.346,unsolicited,0,0,0,C0|00|08|00|00|00|07
1771337638.411,unsolicited,0,0,0,C0|00|08|00|00|00|07
1771337638.581,unsolicited,0,0,0,C0|00|08|00|00|00|07
1771337638.614,unsolicited,0,0,0,C0|00|08|00|00|00|07
1771337638.682,unsolicited,0,0,0,C0|00|08|00|00|00|07
1771337638.716,unsolicited,0,0,0,C0|00|08|00|00|00|07
1771337638.750,solicited,0,,0,
1771337638.886,unsolicited,0,0,0,C0|00|08|00|00|00|07
1771337639.087,unsolicited,0,0,0,C0|00|08|00|00|00|07
1771337639.187,unsolicited,0,0,0,C0|00|08|00|00|00|07
1771337639.254,solicited,0,,0,
1771337639.321,unsolicited,0,0,0,C0|00|08|00|00|00|07
1771337641.569,solicited,0,,0,
1771337641.636,unsolicited,0,0,0,C0|00|08|00|00|00|07
1771337641.637,unsolicited,0,0,0,C0|00|08|00|00|00|07
1771337641.872,unsolicited,0,0,0,C0|00|08|00|00|00|07
1771337644.525,unsolicited,0,0,0,C0|00|08|00|00|00|07
1771337644.558,solicited,0,,0,
1771337645.027,unsolicited,0,0,0,C0|00|08|00|00|00|07
1771337645.094,solicited,0,,0,
1771337645.264,unsolicited,0,0,0,C0|00|08|00|00|00|07
1771337645.298,unsolicited,0,0,0,C0|00|08|00|00|00|07
1771337645.298,unsolicited,0,0,0,C0|00|08|00|00|00|07
1771337645.333,unsolicited,0,0,0,C0|00|08|00|00|00|07
1771337645.335,unsolicited,0,0,0,C0|00|08|00|00|00|07
1771337645.335,unsolicited,0,0,0,C0|00|08|00|00|00|07
1771337645.366,unsolicited,0,0,0,C0|00|08|00|00|00|07
1771337645.399,unsolicited,0,0,0,C0|00|08|00|00|00|07
1771337645.599,solicited,0,,0,
1771337645.835,unsolicited,0,0,0,C0|00|08|00|00|00|07
1771337645.836,unsolicited,0,0,0,C0|00|08|00|00|00|07
1771337645.868,unsolicited,0,0,0,C0|00|08|00|00|00|07
1771337646.038,unsolicited,0,0,0,C0|00|08|00|00|00|07
1771337646.138,solicited,0,,0,
1771337646.172,unsolicited,0,0,0,C0|00|08|00|00|00|07
1771337646.206,unsolicited,0,0,0,C0|00|08|00|00|00|07
1771337646.342,unsolicited,0,0,0,C0|00|08|00|00|00|07
1771337646.342,unsolicited,0,0,0,C0|00|08|00|00|00|07
1771337646.375,unsolicited,0,0,0,C0|00|08|00|00|00|07
1771337646.408,unsolicited,0,0,0,C0|00|08|00|00|00|07
1771337646.880,unsolicited,0,0,0,C0|00|08|00|00|00|07
1771337646.914,solicited,0,,0,
1771337647.385,unsolicited,0,0,0,C0|00|08|00|00|00|07
1771337647.484,unsolicited,0,0,0,C0|00|08|00|00|00|07
1771337647.485,unsolicited,0,0,0,C0|00|08|00|00|00|07
1771337647.489,unsolicited,0,0,0,C0|00|08|00|00|00|07
1771337647.517,solicited,0,,0,
1771337647.787,unsolicited,0,0,0,C0|00|08|00|00|00|07
1771337647.820,unsolicited,0,0,0,C0|00|08|00|00|00|07
1771337647.854,unsolicited,0,0,0,C0|00|08|00|00|00|07
1771337647.887,unsolicited,0,0,0,C0|00|08|00|00|00|07
1771337647.888,unsolicited,0,0,0,C0|00|08|00|00|00|07
1771337648.193,solicited,0,,0,
1771337648.226,unsolicited,0,0,0,C0|00|08|00|00|00|07
1771337648.260,unsolicited,0,0,0,C0|00|08|00|00|00|07
1771337648.260,unsolicited,0,0,0,C0|00|08|00|00|00|07
1771337648.261,unsolicited,0,0,0,C0|00|08|00|00|00|07
1771337648.363,unsolicited,0,0,0,C0|00|08|00|00|00|07
1771337648.396,unsolicited,0,0,0,C0|00|08|00|00|00|07
1771337648.901,solicited,0,,0,
1771337649.270,unsolicited,0,0,0,C0|00|08|00|00|00|07
1771337649.471,unsolicited,0,0,0,C0|00|08|00|00|00|07
1771337649.503,solicited,0,,0,
1771337649.570,unsolicited,0,0,0,C0|00|08|00|00|00|07
1771337649.637,unsolicited,0,0,0,C0|00|08|00|00|00|07
1771337649.670,unsolicited,0,0,0,C0|00|08|00|00|00|07
1771337649.673,unsolicited,0,0,0,C0|00|08|00|00|00|07
1771337649.737,unsolicited,0,0,0,C0|00|08|00|00|00|07
1771337649.771,unsolicited,0,0,0,C0|00|08|00|00|00|07
1771337649.805,unsolicited,0,0,0,C0|00|08|00|00|00|07
1771337649.940,unsolicited,0,0,0,C0|00|08|00|00|00|07
1771337650.074,solicited,0,,0,
1771337651.284,solicited,0,,0,
1771337651.351,unsolicited,0,0,0,C0|00|08|00|00|00|07
1771337652.054,unsolicited,0,0,0,C0|00|08|00|00|00|07
1771337652.055,unsolicited,0,0,0,C0|00|08|00|00|00|07
1771337652.121,unsolicited,0,0,0,C0|00|08|00|00|00|07
1771337652.221,unsolicited,0,0,0,C0|00|08|00|00|00|07
1771337652.221,unsolicited,0,0,0,C0|00|08|00|00|00|07
1771337652.321,unsolicited,0,0,0,C0|00|08|00|00|00|07
1771337652.355,unsolicited,0,0,0,C0|00|08|00|00|00|07
1771337652.355,unsolicited,0,0,0,C0|00|08|00|00|00|07
1771337652.622,unsolicited,0,0,0,C8|00|08|00|00|00|0F
1771337652.688,unsolicited,0,0,0,C8|00|08|00|00|00|0F
1771337652.722,unsolicited,0,0,0,C8|00|08|01|00|00|10
1771337652.723,unsolicited,0,0,0,C8|00|08|01|00|00|10
1771337652.892,solicited,0,,0,
1771337652.893,unsolicited,0,0,0,C8|00|08|04|00|00|13
1771337652.926,unsolicited,0,0,0,C8|00|08|05|00|00|14
1771337652.927,unsolicited,0,0,0,C8|00|08|05|00|00|14
1771337653.131,unsolicited,0,0,0,C8|00|08|07|00|00|16
1771337653.463,solicited,1014,,0,
1771337653.469,unsolicited,0,0,1014,C8|00|08|06|00|00|15
1771337653.471,unsolicited,0,0,1014,C8|00|08|06|00|00|15
1771337653.868,unsolicited,0,0,1014,C8|00|08|02|00|00|11
1771337654.509,solicited,1445,,0,
1771337654.678,unsolicited,0,0,1445,C8|00|08|00|00|00|0F
1771337654.945,unsolicited,0,0,1445,C8|00|08|00|00|00|0F
1771337655.112,unsolicited,0,0,1445,C8|00|08|00|00|00|0F
1771337655.145,solicited,1253,,0,
1771337655.149,unsolicited,0,0,1253,C8|00|08|00|00|00|0F
1771337655.314,unsolicited,0,0,1253,C8|00|08|00|00|00|0F
1771337655.347,unsolicited,0,0,1253,C8|00|08|00|00|00|0F
1771337655.415,unsolicited,0,0,1253,C8|00|08|00|00|00|0F
1771337655.549,unsolicited,0,0,1253,C8|00|08|00|00|00|0F
1771337655.816,solicited,1176,,0,
1771337655.986,unsolicited,0,0,1176,C8|00|08|00|00|00|0F
1771337656.018,unsolicited,0,0,1176,C8|00|08|00|00|00|0F
1771337656.824,unsolicited,0,0,1176,C0|00|08|00|00|00|07
1771337656.856,solicited,1277,,0,
1771337656.859,unsolicited,0,0,1277,C0|00|08|00|00|00|07
1771337659.339,unsolicited,0,0,1277,C0|00|08|00|00|00|07
1771337659.339,unsolicited,0,0,1277,C0|00|08|00|00|00|07
1771337659.374,solicited,1349,,0,
1771337659.505,unsolicited,0,0,1349,C0|00|08|00|00|00|07
1771337659.873,unsolicited,0,0,1349,C0|00|08|00|00|00|07
1771337659.907,solicited,1355,,0,
1771337660.142,unsolicited,0,0,1355,C0|00|08|00|00|00|07
1771337660.145,unsolicited,0,0,1355,C0|00|08|00|00|00|07
1771337660.179,unsolicited,0,0,1355,C0|00|08|00|00|00|07
1771337660.347,unsolicited,0,0,1355,C0|00|08|00|00|00|07
1771337660.348,unsolicited,0,0,1355,C0|00|08|00|00|00|07
1771337660.378,unsolicited,0,0,1355,C0|00|08|00|00|00|07
1771337660.951,unsolicited,0,0,1355,C0|00|08|00|00|00|07
1771337660.985,solicited,1338,,0,
1771337660.990,unsolicited,0,0,1338,C0|00|08|00|00|00|07
1771337661.453,unsolicited,0,0,1338,C0|00|08|00|00|00|07
1771337661.453,unsolicited,0,0,1338,C0|00|08|00|00|00|07
1771337661.454,unsolicited,0,0,1338,C0|00|08|00|00|00|07
1771337661.486,unsolicited,0,0,1338,C0|00|08|00|00|00|07
1771337661.520,solicited,1325,,0,
1771337662.024,solicited,1289,,0,
1771337662.156,unsolicited,0,0,1289,C0|00|08|00|00|00|07
1771337662.392,unsolicited,0,0,1289,C0|00|08|00|00|00|07
1771337662.459,unsolicited,0,0,1289,C0|00|08|00|00|00|07
1771337662.492,unsolicited,0,0,1289,C0|00|08|00|00|00|07
1771337662.493,unsolicited,0,0,1289,C0|00|08|00|00|00|07
1771337662.494,unsolicited,0,0,1289,C0|00|08|00|00|00|07
1771337662.526,solicited,1295,,0,
1771337662.559,unsolicited,0,0,1295,C0|00|08|00|00|00|07
1771337662.995,unsolicited,0,0,1295,C0|00|08|00|00|00|07
1771337663.029,solicited,1289,,0,
1771337663.807,unsolicited,0,0,1289,C0|00|08|00|00|00|07
1771337663.837,unsolicited,0,0,1289,C0|00|08|00|00|00|07
1771337663.837,solicited,1295,,0,
1771337664.006,unsolicited,0,0,1295,C0|00|08|00|00|00|07
1771337664.039,unsolicited,0,0,1295,C0|00|08|00|00|00|07
1771337664.608,solicited,1289,,0,
1771337665.380,solicited,1289,,0,
1771337665.415,unsolicited,0,0,1289,C0|00|08|00|00|00|07
1771337665.515,unsolicited,0,0,1289,C0|00|08|00|00|00|07
1771337665.648,unsolicited,0,0,1289,C0|00|08|00|00|00|07
1771337666.456,solicited,1279,,0,
1771337666.892,unsolicited,0,0,1279,C0|00|08|00|00|00|07
1771337666.962,solicited,1275,,0,
1771337667.197,unsolicited,0,0,1275,C0|00|08|00|00|00|07
1771337667.200,unsolicited,0,0,1275,C0|00|08|00|00|00|07
1771337667.231,unsolicited,0,0,1275,C0|00|08|00|00|00|07
1771337667.465,solicited,1296,,0,
1771337667.599,unsolicited,0,0,1296,C0|00|08|00|00|00|07
1771337667.604,unsolicited,0,0,1296,C0|00|08|00|00|00|07
1771337669.043,solicited,1287,,0,
1771337669.176,unsolicited,0,0,1287,C0|00|08|00|00|00|07
1771337669.180,unsolicited,0,0,1287,C0|00|08|00|00|00|07
1771337669.481,unsolicited,0,0,1287,C0|00|08|00|00|00|07
1771337669.513,unsolicited,0,0,1287,C0|00|08|00|00|00|07
1771337669.614,unsolicited,0,0,1287,C0|00|08|00|00|00|07
1771337669.647,unsolicited,0,0,1287,C0|00|08|00|00|00|07
1771337669.647,solicited,1288,,0,
1771337669.680,unsolicited,0,0,1288,C0|00|08|00|00|00|07
1771337669.683,unsolicited,0,0,1288,C0|00|08|00|00|00|07
1771337669.683,unsolicited,0,0,1288,C0|00|08|00|00|00|07
1771337669.817,unsolicited,0,0,1288,C0|00|08|00|00|00|07
1771337669.850,unsolicited,0,0,1288,C0|00|08|00|00|00|07
1771337669.883,unsolicited,0,0,1288,C0|00|08|00|00|00|07
1771337669.983,unsolicited,0,0,1288,C0|00|08|00|00|00|07
1771337670.017,unsolicited,0,0,1288,C0|00|08|00|00|00|07
1771337670.187,solicited,1296,,0,
1771337670.319,unsolicited,0,0,1296,C0|00|08|00|00|00|07
1771337670.353,unsolicited,0,0,1296,C0|00|08|00|00|00|07
1771337670.354,unsolicited,0,0,1296,C0|00|08|00|00|00|07
1771337670.720,unsolicited,0,0,1296,C0|00|08|00|00|00|07
1771337670.787,solicited,1274,,0,
1771337670.854,unsolicited,0,0,1274,C0|00|08|00|00|00|07
1771337670.861,unsolicited,0,0,1274,C0|00|08|00|00|00|07
1771337671.463,unsolicited,0,0,1274,C0|00|08|00|00|00|07
1771337671.463,unsolicited,0,0,1274,C0|00|08|00|00|00|07
1771337672.466,unsolicited,0,0,1274,C0|00|08|00|00|00|07
1771337672.467,unsolicited,0,0,1274,C0|00|08|00|00|00|07
1771337672.498,solicited,1285,,0,
1771337672.767,unsolicited,0,0,1285,C0|00|08|00|00|00|07
1771337674.279,unsolicited,0,0,1285,C0|00|08|00|00|00|07
1771337674.584,unsolicited,0,0,1285,C0|00|08|00|00|00|07
1771337674.617,unsolicited,0,0,1285,C0|00|08|00|00|00|07
1771337674.618,solicited,1261,,0,
1771337674.988,unsolicited,0,0,1261,C0|00|08|00|00|00|07
1771337675.055,unsolicited,0,0,1261,C0|00|08|00|00|00|07
1771337675.223,solicited,1263,,0,
1771337675.291,unsolicited,0,0,1263,C0|00|08|00|00|00|07
1771337677.764,unsolicited,0,0,1263,C0|00|08|00|00|00|07
1771337677.765,solicited,1239,,0,
1771337680.253,unsolicited,0,0,1239,C0|00|08|00|00|00|07
1771337680.256,unsolicited,0,0,1239,C0|00|08|00|00|00|07
1771337680.287,solicited,1262,,0,
1771337681.328,unsolicited,0,0,1262,C0|00|08|00|00|00|07
1771337681.332,unsolicited,0,0,1262,C0|00|08|00|00|00|07
1771337681.359,solicited,1246,,0,
1771337681.393,unsolicited,0,0,1246,C0|00|08|00|00|00|07
1771337683.746,unsolicited,0,0,1246,C0|00|08|00|00|00|07
1771337683.780,solicited,1241,,0,
1771337683.882,unsolicited,0,0,1241,C0|00|08|00|00|00|07
1771337683.914,unsolicited,0,0,1241,C0|00|08|00|00|00|07
1771337686.460,solicited,0,,0,
1771337686.562,unsolicited,0,0,0,C0|00|08|00|00|00|07
1771337686.565,unsolicited,0,0,0,C0|00|08|00|00|00|07
1771337687.000,unsolicited,0,0,0,C0|00|08|00|00|00|07
1771337687.032,unsolicited,0,0,0,C0|00|08|00|00|00|07
1771337687.033,solicited,0,,0,
1771337687.066,unsolicited,0,0,0,C0|00|08|00|00|00|07
1771337687.099,unsolicited,0,0,0,C0|00|08|00|00|00|07
1771337687.099,unsolicited,0,0,0,C0|00|08|00|00|00|07
1771337687.100,unsolicited,0,0,0,C0|00|08|00|00|00|07
1771337687.132,unsolicited,0,0,0,C0|00|08|00|00|00|07
1771337687.165,unsolicited,0,0,0,C0|00|08|00|00|00|07
1771337687.232,unsolicited,0,0,0,C0|00|08|00|00|00|07
1771337687.232,unsolicited,0,0,0,C0|00|08|00|00|00|07
1771337687.266,unsolicited,0,0,0,C0|00|08|00|00|00|07
1771337687.267,unsolicited,0,0,0,C0|00|08|00|00|00|07
1771337687.404,unsolicited,0,0,0,C0|00|08|00|00|00|07
1771337687.501,unsolicited,0,0,0,C0|00|08|00|00|00|07
1771337687.569,solicited,0,,0,
1771337687.837,unsolicited,0,0,0,C0|00|08|00|00|00|07
1771337687.870,unsolicited,0,0,0,C0|00|08|00|00|00|07
1771337687.871,unsolicited,0,0,0,C0|00|08|00|00|00|07
1771337688.542,solicited,0,,0,
1771337688.609,unsolicited,0,0,0,C0|00|08|00|00|00|07
1771337688.844,unsolicited,0,0,0,C0|00|08|00|00|00|07
1771337688.877,unsolicited,0,0,0,C0|00|08|00|00|00|07
1771337688.878,unsolicited,0,0,0,C0|00|08|00|00|00|07
1771337688.879,unsolicited,0,0,0,C0|00|08|00|00|00|07
1771337688.911,unsolicited,0,0,0,C0|00|08|00|00|00|07
1771337688.911,unsolicited,0,0,0,C0|00|08|00|00|00|07
1771337689.045,unsolicited,0,0,0,C0|00|08|00|00|00|07
1771337689.046,solicited,0,,0,
1771337689.083,unsolicited,0,0,0,C0|00|08|00|00|00|07
1771337689.114,unsolicited,0,0,0,C0|00|08|00|00|00|07
1771337689.690,solicited,0,,0,
1771337689.724,unsolicited,0,0,0,C0|00|08|00|00|00|07
1771337689.757,unsolicited,0,0,0,C0|00|08|00|00|00|07
1771337689.790,unsolicited,0,0,0,C0|00|08|00|00|00|07
1771337689.824,unsolicited,0,0,0,C0|00|08|00|00|00|07
1771337689.960,unsolicited,0,0,0,C0|00|08|00|00|00|07
1771337689.991,unsolicited,0,0,0,C0|00|08|00|00|00|07
1771337689.992,unsolicited,0,0,0,C0|00|08|00|00|00|07
1771337689.993,unsolicited,0,0,0,C0|00|08|00|00|00|07
1771337690.025,unsolicited,0,0,0,C0|00|08|00|00|00|07
1771337690.128,solicited,0,,0,
1771337690.230,unsolicited,0,0,0,C0|00|08|00|00|00|07
1771337690.264,unsolicited,0,0,0,C0|00|08|00|00|00|07
1771337690.399,unsolicited,0,0,0,C0|00|08|00|00|00|07
1771337690.400,unsolicited,0,0,0,C0|00|08|00|00|00|07
1771337690.433,unsolicited,0,0,0,C0|00|08|00|00|00|07
1771337690.437,unsolicited,0,0,0,C0|00|08|00|00|00|07
1771337690.467,unsolicited,0,0,0,C0|00|08|00|00|00|07
1771337690.468,unsolicited,0,0,0,C0|00|08|00|00|00|07
1771337690.534,unsolicited,0,0,0,C0|00|08|00|00|00|07
1771337690.601,unsolicited,0,0,0,C0|00|08|00|00|00|07
1771337690.635,unsolicited,0,0,0,C0|00|08|00|00|00|07
1771337690.635,unsolicited,0,0,0,C0|00|08|00|00|00|07
1771337690.669,solicited,0,,0,
1771337691.440,solicited,0,,0,
1771337691.642,unsolicited,0,0,0,C0|00|08|00|00|00|07
1771337691.845,unsolicited,0,0,0,C0|00|08|00|00|00|07
1771337691.846,unsolicited,0,0,0,C0|00|08|00|00|00|07
1771337691.847,unsolicited,0,0,0,C0|00|08|00|00|00|07
1771337691.879,unsolicited,0,0,0,C0|00|08|00|00|00|07
1771337691.880,unsolicited,0,0,0,C0|00|08|00|00|00|07
1771337691.912,unsolicited,0,0,0,C0|00|08|00|00|00|07
1771337692.684,unsolicited,0,0,0,C0|00|08|00|00|00|07
1771337694.433,solicited,0,,0,
1771337695.166,solicited,0,,0,
1771337696.113,solicited,0,,0,
1771337696.318,unsolicited,0,0,0,C0|00|08|00|00|00|07
1771337696.351,unsolicited,0,0,0,C0|00|08|00|00|00|07
1771337696.352,unsolicited,0,0,0,C0|00|08|00|00|00|07
1771337696.384,unsolicited,0,0,0,C0|00|08|00|00|00|07
1771337696.417,unsolicited,0,0,0,C0|00|08|00|00|00|07
1771337696.418,unsolicited,0,0,0,C0|00|08|00|00|00|07
1771337696.920,unsolicited,0,0,0,C0|00|08|00|00|00|07
1771337696.920,unsolicited,0,0,0,C0|00|08|00|00|00|07
1771337696.921,unsolicited,0,0,0,C0|00|08|00|00|00|07
1771337696.953,unsolicited,0,0,0,C0|00|08|00|00|00|07
1771337696.953,unsolicited,0,0,0,C0|00|08|00|00|00|07
1771337696.954,unsolicited,0,0,0,C0|00|08|00|00|00|07
1771337697.020,unsolicited,0,0,0,C0|00|08|00|00|00|07
1771337697.223,solicited,0,,0,
1771337697.695,unsolicited,0,0,0,C0|00|08|00|00|00|07
1771337697.761,unsolicited,0,0,0,C0|00|08|00|00|00|07
1771337697.795,unsolicited,0,0,0,C0|00|08|00|00|00|07
1771337697.796,solicited,0,,0,
1771337697.929,unsolicited,0,0,0,C0|00|08|00|00|00|07
1771337697.962,unsolicited,0,0,0,C0|00|08|00|00|00|07
1771337697.963,unsolicited,0,0,0,C0|00|08|00|00|00|07
1771337698.129,unsolicited,0,0,0,C0|00|08|00|00|00|07
1771337698.162,unsolicited,0,0,0,C0|00|08|00|00|00|07
1771337698.329,solicited,0,,0,
1771337698.396,unsolicited,0,0,0,C0|00|08|00|00|00|07
1771337698.396,unsolicited,0,0,0,C0|00|08|00|00|00|07
1771337698.429,unsolicited,0,0,0,C0|00|08|00|00|00|07
1771337698.430,unsolicited,0,0,0,C0|00|08|00|00|00|07
1771337698.630,unsolicited,0,0,0,C0|00|08|00|00|00|07
1771337698.665,unsolicited,0,0,0,C0|00|08|00|00|00|07
1771337699.268,unsolicited,0,0,0,C0|00|08|00|00|00|07
1771337699.269,unsolicited,0,0,0,C0|00|08|00|00|00|07
1771337699.570,unsolicited,0,0,0,C0|00|08|00|00|00|07
1771337699.806,solicited,0,,0,
1771337701.079,solicited,0,,0,
1771337701.313,unsolicited,0,0,0,C0|00|08|00|00|00|07
1771337701.346,unsolicited,0,0,0,C0|00|08|00|00|00|07
1771337701.347,unsolicited,0,0,0,C0|00|08|00|00|00|07
1771337701.378,unsolicited,0,0,0,C0|00|08|00|00|00|07
1771337701.380,unsolicited,0,0,0,C0|00|08|00|00|00|07
1771337701.380,unsolicited,0,0,0,C0|00|08|00|00|00|07
1771337701.581,unsolicited,0,0,0,C0|00|08|00|00|00|07
1771337701.582,unsolicited,0,0,0,C0|00|08|00|00|00|07
1771337701.615,solicited,0,,0,
1771337702.022,unsolicited,0,0,0,C0|00|08|00|00|00|07
1771337702.022,unsolicited,0,0,0,C0|00|08|00|00|00|07
1771337702.024,unsolicited,0,0,0,C0|00|08|00|00|00|07
1771337702.056,unsolicited,0,0,0,C0|00|08|00|00|00|07
1771337702.088,unsolicited,0,0,0,C0|00|08|00|00|00|07
1771337702.221,unsolicited,0,0,0,C0|00|08|00|00|00|07
1771337702.256,solicited,0,,0,
1771337702.525,unsolicited,0,0,0,C0|00|08|00|00|00|07
1771337702.526,unsolicited,0,0,0,C0|00|08|00|00|00|07
1771337702.527,unsolicited,0,0,0,C0|00|08|00|00|00|07
1771337702.558,unsolicited,0,0,0,C0|00|08|00|00|00|07
1771337702.559,unsolicited,0,0,0,C0|00|08|00|00|00|07
1771337702.592,unsolicited,0,0,0,C0|00|08|00|00|00|07
1771337702.593,unsolicited,0,0,0,C0|00|08|00|00|00|07
1771337703.402,solicited,0,,0,
1771337703.503,unsolicited,0,0,0,C0|00|08|00|00|00|07
1771337703.602,unsolicited,0,0,0,C0|00|08|00|00|00|07
1771337703.604,unsolicited,0,0,0,C0|00|08|00|00|00|07
1771337703.673,unsolicited,0,0,0,C0|00|08|00|00|00|07
1771337703.705,unsolicited,0,0,0,C0|00|08|00|00|00|07
1771337705.583,solicited,0,,0,
1771337705.754,unsolicited,0,0,0,C0|00|08|00|00|00|07
1771337705.788,unsolicited,0,0,0,C0|00|08|00|00|00|07
1771337706.026,unsolicited,0,0,0,C0|00|08|00|00|00|07
1771337706.091,solicited,0,,0,
1771337706.191,unsolicited,0,0,0,C0|00|08|00|00|00|07
1771337706.225,unsolicited,0,0,0,C0|00|08|00|00|00|07
1771337706.226,unsolicited,0,0,0,C0|00|08|00|00|00|07
1771337706.227,unsolicited,0,0,0,C0|00|08|00|00|00|07
1771337706.228,unsolicited,0,0,0,C0|00|08|00|00|00|07
1771337706.258,unsolicited,0,0,0,C0|00|08|00|00|00|07
1771337706.259,unsolicited,0,0,0,C0|00|08|00|00|00|07
1771337706.259,unsolicited,0,0,0,C0|00|08|00|00|00|07
1771337706.260,unsolicited,0,0,0,C0|00|08|00|00|00|07
1771337706.291,unsolicited,0,0,0,C0|00|08|00|00|00|07
1771337706.292,unsolicited,0,0,0,C0|00|08|00|00|00|07
1771337706.325,unsolicited,0,0,0,C0|00|08|00|00|00|07
1771337706.326,unsolicited,0,0,0,C0|00|08|00|00|00|07
1771337706.358,unsolicited,0,0,0,C0|00|08|00|00|00|07
1771337706.359,unsolicited,0,0,0,C0|00|08|00|00|00|07
1771337706.359,unsolicited,0,0,0,C0|00|08|00|00|00|07
1771337706.393,unsolicited,0,0,0,C0|00|08|00|00|00|07
1771337706.394,unsolicited,0,0,0,C0|00|08|00|00|00|07
1771337706.425,unsolicited,0,0,0,C0|00|08|00|00|00|07
1771337706.427,unsolicited,0,0,0,C0|00|08|00|00|00|07
1771337706.460,unsolicited,0,0,0,C0|00|08|00|00|00|07
1771337706.460,unsolicited,0,0,0,C0|00|08|00|00|00|07
1771337706.461,unsolicited,0,0,0,C0|00|08|00|00|00|07
1771337706.493,unsolicited,0,0,0,C0|00|08|00|00|00|07
1771337706.494,unsolicited,0,0,0,C0|00|08|00|00|00|07
1771337706.528,unsolicited,0,0,0,C0|00|08|00|00|00|07
1771337706.528,unsolicited,0,0,0,C0|00|08|00|00|00|07
1771337706.563,unsolicited,0,0,0,C0|00|08|00|00|00|07
1771337706.563,unsolicited,0,0,0,C0|00|08|00|00|00|07
1771337706.597,solicited,0,,0,
1771337707.237,unsolicited,0,0,0,C0|00|08|00|00|00|07
1771337707.270,solicited,0,,0,
1771337707.404,unsolicited,0,0,0,C0|00|08|00|00|00|07
1771337707.405,unsolicited,0,0,0,C0|00|08|00|00|00|07
1771337707.405,unsolicited,0,0,0,C0|00|08|00|00|00|07
1771337707.438,unsolicited,0,0,0,C0|00|08|00|00|00|07
1771337707.473,unsolicited,0,0,0,C0|00|08|00|00|00|07
1771337707.539,unsolicited,0,0,0,C0|00|08|00|00|00|07
1771337707.638,unsolicited,0,0,0,C0|00|08|00|00|00|07
1771337709.084,unsolicited,0,0,0,C8|00|08|07|00|00|16
1771337709.119,unsolicited,0,0,0,C8|00|08|07|00|00|16
1771337709.353,unsolicited,512,8,0,C8|08|08|05|00|00|1C
1771337709.386,unsolicited,512,8,0,C8|08|08|05|00|00|1C
1771337711.869,unsolicited,512,8,0,C8|08|08|00|00|00|17
1771337711.903,solicited,1327,,512,
1771337711.936,unsolicited,512,8,1327,C8|08|08|00|00|00|17
1771337711.936,unsolicited,512,8,1327,C8|08|08|00|00|00|17
1771337711.937,unsolicited,512,8,1327,C8|08|08|00|00|00|17
1771337714.356,solicited,1313,,512,
1771337714.390,unsolicited,512,8,1313,C0|08|08|00|00|00|0F
1771337714.391,unsolicited,512,8,1313,C0|08|08|00|00|00|0F
1771337714.626,unsolicited,512,8,1313,C0|08|08|00|00|00|0F
1771337715.063,solicited,1286,,512,
1771337715.164,unsolicited,512,8,1286,C0|08|08|00|00|00|0F
1771337715.300,unsolicited,512,8,1286,C0|08|08|00|00|00|0F
1771337715.334,unsolicited,512,8,1286,C0|08|08|00|00|00|0F
1771337715.334,unsolicited,512,8,1286,C0|08|08|00|00|00|0F
1771337715.335,unsolicited,512,8,1286,C0|08|08|00|00|00|0F
1771337715.366,unsolicited,512,8,1286,C0|08|08|00|00|00|0F
1771337715.367,unsolicited,512,8,1286,C0|08|08|00|00|00|0F
1771337715.368,unsolicited,512,8,1286,C0|08|08|00|00|00|0F
1771337715.500,unsolicited,512,8,1286,C0|08|08|00|00|00|0F
1771337715.534,unsolicited,512,8,1286,C0|08|08|00|00|00|0F
1771337715.905,unsolicited,512,8,1286,C0|08|08|00|00|00|0F
1771337715.906,unsolicited,512,8,1286,C0|08|08|00|00|00|0F
1771337715.907,solicited,1319,,512,
1771337716.747,solicited,1305,,512,
1771337717.349,solicited,1254,,512,
1771337717.417,unsolicited,512,8,1254,C0|08|08|00|00|00|0F
1771337717.550,unsolicited,512,8,1254,C0|08|08|00|00|00|0F
1771337717.550,unsolicited,512,8,1254,C0|08|08|00|00|00|0F
1771337717.583,unsolicited,512,8,1254,C0|08|08|00|00|00|0F
1771337717.584,unsolicited,512,8,1254,C0|08|08|00|00|00|0F
1771337717.650,unsolicited,512,8,1254,C0|08|08|00|00|00|0F
1771337717.684,unsolicited,512,8,1254,C0|08|08|00|00|00|0F
1771337717.685,unsolicited,512,8,1254,C0|08|08|00|00|00|0F
1771337717.785,unsolicited,512,8,1254,C0|08|08|00|00|00|0F
1771337717.853,solicited,1315,,512,
1771337717.953,unsolicited,512,8,1315,C0|08|08|00|00|00|0F
1771337717.954,unsolicited,512,8,1315,C0|08|08|00|00|00|0F
1771337717.987,unsolicited,512,8,1315,C0|08|08|00|00|00|0F
1771337717.988,unsolicited,512,8,1315,C0|08|08|00|00|00|0F
1771337718.056,unsolicited,512,8,1315,C0|08|08|00|00|00|0F
1771337718.091,unsolicited,512,8,1315,C0|08|08|00|00|00|0F
1771337718.092,unsolicited,512,8,1315,C0|08|08|00|00|00|0F
1771337718.227,unsolicited,512,8,1315,C0|08|08|00|00|00|0F
1771337718.257,unsolicited,512,8,1315,C0|08|08|00|00|00|0F
1771337718.258,unsolicited,512,8,1315,C0|08|08|00|00|00|0F
1771337718.290,unsolicited,512,8,1315,C0|08|08|00|00|00|0F
1771337718.391,solicited,1325,,512,
1771337718.392,unsolicited,512,8,1325,C0|08|08|00|00|00|0F
1771337718.392,unsolicited,512,8,1325,C0|08|08|00|00|00|0F
1771337718.425,unsolicited,512,8,1325,C0|08|08|00|00|00|0F
1771337719.068,solicited,1271,,512,
1771337719.168,unsolicited,512,8,1271,C0|08|08|00|00|00|0F
1771337719.371,unsolicited,448,7,1271,C0|07|08|00|00|00|0E
1771337721.733,solicited,1274,,448,
1771337723.086,solicited,1277,,448,
1771337723.119,unsolicited,448,7,1277,C0|07|08|00|00|00|0E
1771337723.254,unsolicited,448,7,1277,C0|07|08|00|00|00|0E
1771337723.288,unsolicited,448,7,1277,C0|07|08|00|00|00|0E
1771337723.288,unsolicited,448,7,1277,C0|07|08|00|00|00|0E
1771337723.291,unsolicited,448,7,1277,C0|07|08|00|00|00|0E
1771337723.322,unsolicited,448,7,1277,C0|07|08|00|00|00|0E
1771337723.388,unsolicited,448,7,1277,C0|07|08|00|00|00|0E
1771337723.490,unsolicited,448,7,1277,C0|07|08|00|00|00|0E
1771337723.491,unsolicited,448,7,1277,C0|07|08|00|00|00|0E
1771337723.491,unsolicited,448,7,1277,C0|07|08|00|00|00|0E
1771337723.827,unsolicited,448,7,1277,C0|07|08|00|00|00|0E
1771337723.828,solicited,1272,,448,
1771337723.996,unsolicited,448,7,1272,C0|07|08|00|00|00|0E
1771337723.997,unsolicited,448,7,1272,C0|07|08|00|00|00|0E
1771337723.998,unsolicited,448,7,1272,C0|07|08|00|00|00|0E
1771337724.096,unsolicited,448,7,1272,C0|07|08|00|00|00|0E
1771337724.199,unsolicited,448,7,1272,C0|07|08|00|00|00|0E
1771337724.200,unsolicited,448,7,1272,C0|07|08|00|00|00|0E
1771337724.231,unsolicited,448,7,1272,C0|07|08|00|00|00|0E
1771337724.232,unsolicited,448,7,1272,C0|07|08|00|00|00|0E
1771337724.233,unsolicited,448,7,1272,C0|07|08|00|00|00|0E
1771337724.265,unsolicited,448,7,1272,C0|07|08|00|00|00|0E
1771337724.333,unsolicited,448,7,1272,C0|07|08|00|00|00|0E
1771337724.333,unsolicited,448,7,1272,C0|07|08|00|00|00|0E
1771337724.367,solicited,1274,,448,
1771337724.538,unsolicited,448,7,1274,C0|07|08|00|00|00|0E
1771337724.571,unsolicited,448,7,1274,C0|07|08|00|00|00|0E
1771337724.571,unsolicited,448,7,1274,C0|07|08|00|00|00|0E
1771337724.904,unsolicited,448,7,1274,C0|07|08|00|00|00|0E
1771337724.938,solicited,1275,,448,
1771337724.939,unsolicited,448,7,1275,C0|07|08|00|00|00|0E
1771337724.971,unsolicited,448,7,1275,C0|07|08|00|00|00|0E
1771337724.972,unsolicited,448,7,1275,C0|07|08|00|00|00|0E
1771337725.006,unsolicited,448,7,1275,C0|07|08|00|00|00|0E
1771337725.039,unsolicited,448,7,1275,C0|07|08|00|00|00|0E
1771337725.105,unsolicited,448,7,1275,C0|07|08|00|00|00|0E
1771337725.139,unsolicited,448,7,1275,C0|07|08|00|00|00|0E
1771337725.172,unsolicited,448,7,1275,C0|07|08|00|00|00|0E
1771337725.173,unsolicited,448,7,1275,C0|07|08|00|00|00|0E
1771337725.205,unsolicited,448,7,1275,C0|07|08|00|00|00|0E
1771337725.207,unsolicited,448,7,1275,C0|07|08|00|00|00|0E
1771337725.238,unsolicited,448,7,1275,C0|07|08|00|00|00|0E
1771337725.271,unsolicited,448,7,1275,C0|07|08|00|00|00|0E
1771337725.272,unsolicited,448,7,1275,C0|07|08|00|00|00|0E
1771337725.309,unsolicited,448,7,1275,C0|07|08|00|00|00|0E
1771337725.340,unsolicited,448,7,1275,C0|07|08|00|00|00|0E
1771337725.373,unsolicited,448,7,1275,C0|07|08|00|00|00|0E
1771337725.374,unsolicited,448,7,1275,C0|07|08|00|00|00|0E
1771337725.375,unsolicited,448,7,1275,C0|07|08|00|00|00|0E
1771337725.407,unsolicited,448,7,1275,C0|07|08|00|00|00|0E
1771337725.408,unsolicited,448,7,1275,C0|07|08|00|00|00|0E
1771337725.409,unsolicited,448,7,1275,C0|07|08|00|00|00|0E
1771337725.472,solicited,1277,,448,
1771337725.906,unsolicited,448,7,1277,C0|07|08|00|00|00|0E
1771337726.277,unsolicited,448,7,1277,C0|07|08|00|00|00|0E
1771337726.278,unsolicited,448,7,1277,C0|07|08|00|00|00|0E
1771337726.347,unsolicited,448,7,1277,C0|07|08|00|00|00|0E
1771337726.347,unsolicited,448,7,1277,C0|07|08|00|00|00|0E
1771337726.378,unsolicited,448,7,1277,C0|07|08|00|00|00|0E
1771337726.547,solicited,1289,,448,
1771337726.549,unsolicited,448,7,1289,C0|07|08|00|00|00|0E
1771337726.580,unsolicited,448,7,1289,C0|07|08|00|00|00|0E
1771337726.648,unsolicited,448,7,1289,C0|07|08|00|00|00|0E
1771337726.715,unsolicited,448,7,1289,C0|07|08|00|00|00|0E
1771337726.783,unsolicited,448,7,1289,C0|07|08|00|00|00|0E
1771337726.816,unsolicited,448,7,1289,C0|07|08|00|00|00|0E
1771337726.817,unsolicited,448,7,1289,C0|07|08|00|00|00|0E
1771337726.853,unsolicited,448,7,1289,C0|07|08|00|00|00|0E
1771337726.854,unsolicited,448,7,1289,C0|07|08|00|00|00|0E
1771337726.854,unsolicited,448,7,1289,C0|07|08|00|00|00|0E
1771337726.917,unsolicited,448,7,1289,C0|07|08|00|00|00|0E
1771337727.020,unsolicited,448,7,1289,C0|07|08|00|00|00|0E
1771337727.054,unsolicited,448,7,1289,C0|07|08|00|00|00|0E
1771337727.086,unsolicited,448,7,1289,C0|07|08|00|00|00|0E
1771337727.256,unsolicited,448,7,1289,C0|07|08|00|00|00|0E
1771337727.323,unsolicited,448,7,1289,C0|07|08|00|00|00|0E
1771337727.323,unsolicited,448,7,1289,C0|07|08|00|00|00|0E
1771337727.491,unsolicited,448,7,1289,C0|07|08|00|00|00|0E
1771337727.491,unsolicited,448,7,1289,C0|07|08|00|00|00|0E
1771337727.525,unsolicited,448,7,1289,C0|07|08|00|00|00|0E
1771337727.526,unsolicited,448,7,1289,C0|07|08|00|00|00|0E
1771337727.560,unsolicited,448,7,1289,C0|07|08|00|00|00|0E
1771337727.561,unsolicited,448,7,1289,C0|07|08|00|00|00|0E
1771337727.561,unsolicited,448,7,1289,C0|07|08|00|00|00|0E
1771337727.592,solicited,1232,,448,
1771337727.593,unsolicited,448,7,1232,C0|07|08|00|00|00|0E
1771337727.626,unsolicited,448,7,1232,C0|07|08|00|00|00|0E
1771337727.626,unsolicited,448,7,1232,C0|07|08|00|00|00|0E
1771337727.832,unsolicited,448,7,1232,C0|07|08|00|00|00|0E
1771337727.863,unsolicited,448,7,1232,C0|07|08|00|00|00|0E
1771337727.930,unsolicited,448,7,1232,C0|07|08|00|00|00|0E
1771337728.132,unsolicited,448,7,1232,C0|07|08|00|00|00|0E
1771337728.132,solicited,1239,,448,
1771337728.133,unsolicited,448,7,1239,C0|07|08|00|00|00|0E
1771337728.199,unsolicited,448,7,1239,C0|07|08|00|00|00|0E
1771337728.202,unsolicited,448,7,1239,C0|07|08|00|00|00|0E
1771337728.233,unsolicited,448,7,1239,C0|07|08|00|00|00|0E
1771337728.265,unsolicited,448,7,1239,C0|07|08|00|00|00|0E
1771337728.432,unsolicited,448,7,1239,C0|07|08|00|00|00|0E
1771337728.498,unsolicited,448,7,1239,C0|07|08|00|00|00|0E
1771337728.565,unsolicited,448,7,1239,C0|07|08|00|00|00|0E
1771337728.631,solicited,1264,,448,
1771337728.732,unsolicited,448,7,1264,C0|07|08|00|00|00|0E
1771337728.734,unsolicited,448,7,1264,C0|07|08|00|00|00|0E
1771337728.766,unsolicited,448,7,1264,C0|07|08|00|00|00|0E
1771337728.799,unsolicited,448,7,1264,C0|07|08|00|00|00|0E
1771337728.799,unsolicited,448,7,1264,C0|07|08|00|00|00|0E
1771337728.832,unsolicited,448,7,1264,C0|07|08|00|00|00|0E
1771337728.832,unsolicited,448,7,1264,C0|07|08|00|00|00|0E
1771337728.833,unsolicited,448,7,1264,C0|07|08|00|00|00|0E
1771337728.866,unsolicited,448,7,1264,C0|07|08|00|00|00|0E
1771337728.867,unsolicited,448,7,1264,C0|07|08|00|00|00|0E
1771337728.868,unsolicited,448,7,1264,C0|07|08|00|00|00|0E
1771337728.899,unsolicited,448,7,1264,C0|07|08|00|00|00|0E
1771337728.902,unsolicited,448,7,1264,C0|07|08|00|00|00|0E
1771337729.032,unsolicited,448,7,1264,C0|07|08|00|00|00|0E
1771337729.033,unsolicited,448,7,1264,C0|07|08|00|00|00|0E
1771337729.131,unsolicited,448,7,1264,C0|07|08|00|00|00|0E
1771337729.169,solicited,1246,,448,
1771337729.199,unsolicited,448,7,1246,C0|07|08|00|00|00|0E
1771337729.200,unsolicited,448,7,1246,C0|07|08|00|00|00|0E
1771337729.438,unsolicited,448,7,1246,C0|07|08|00|00|00|0E
1771337729.469,unsolicited,448,7,1246,C0|07|08|00|00|00|0E
1771337729.669,unsolicited,448,7,1246,C0|07|08|00|00|00|0E
1771337729.670,unsolicited,448,7,1246,C0|07|08|00|00|00|0E
1771337729.703,solicited,1228,,448,
1771337729.705,unsolicited,448,7,1228,C0|07|08|00|00|00|0E
1771337729.706,unsolicited,448,7,1228,C0|07|08|00|00|00|0E
1771337730.040,unsolicited,448,7,1228,C0|07|08|00|00|00|0E
1771337730.172,unsolicited,448,7,1228,C0|07|08|00|00|00|0E
1771337730.205,unsolicited,448,7,1228,C0|07|08|00|00|00|0E
1771337730.206,solicited,1252,,448,
1771337730.372,unsolicited,448,7,1252,C0|07|08|00|00|00|0E
1771337730.409,unsolicited,448,7,1252,C0|07|08|00|00|00|0E
1771337730.643,unsolicited,448,7,1252,C0|07|08|00|00|00|0E
1771337730.677,unsolicited,448,7,1252,C0|07|08|00|00|00|0E
1771337730.711,unsolicited,448,7,1252,C0|07|08|00|00|00|0E
1771337730.747,unsolicited,448,7,1252,C0|07|08|00|00|00|0E
1771337730.777,solicited,1279,,448,
1771337730.913,unsolicited,448,7,1279,C0|07|08|00|00|00|0E
1771337731.014,unsolicited,448,7,1279,C0|07|08|00|00|00|0E
1771337731.015,unsolicited,448,7,1279,C0|07|08|00|00|00|0E
1771337731.148,unsolicited,448,7,1279,C0|07|08|00|00|00|0E
1771337731.181,unsolicited,448,7,1279,C0|07|08|00|00|00|0E
1771337731.215,unsolicited,448,7,1279,C0|07|08|00|00|00|0E
1771337731.216,unsolicited,448,7,1279,C0|07|08|00|00|00|0E
1771337731.250,unsolicited,448,7,1279,C0|07|08|00|00|00|0E
1771337731.250,unsolicited,448,7,1279,C0|07|08|00|00|00|0E
1771337731.251,solicited,1254,,448,
1771337731.253,unsolicited,448,7,1254,C0|07|08|00|00|00|0E
1771337731.254,unsolicited,448,7,1254,C0|07|08|00|00|00|0E
1771337731.283,unsolicited,448,7,1254,C0|07|08|00|00|00|0E
1771337731.384,unsolicited,448,7,1254,C0|07|08|00|00|00|0E
1771337731.385,unsolicited,448,7,1254,C0|07|08|00|00|00|0E
1771337731.418,unsolicited,448,7,1254,C0|07|08|00|00|00|0E
1771337731.418,unsolicited,448,7,1254,C0|07|08|00|00|00|0E
1771337731.451,unsolicited,448,7,1254,C0|07|08|00|00|00|0E
1771337732.629,solicited,1234,,448,
1771337732.999,unsolicited,448,7,1234,C0|07|08|00|00|00|0E
1771337734.209,solicited,1189,,448,
1771337734.308,unsolicited,448,7,1189,C0|07|08|00|00|00|0E
1771337734.309,unsolicited,448,7,1189,C0|07|08|00|00|00|0E
1771337734.376,unsolicited,448,7,1189,C0|07|08|00|00|00|0E
1771337734.376,unsolicited,448,7,1189,C0|07|08|00|00|00|0E
1771337734.408,unsolicited,448,7,1189,C0|07|08|00|00|00|0E
1771337734.679,unsolicited,448,7,1189,C0|07|08|00|00|00|0E
1771337734.715,solicited,1227,,448,
1771337734.716,unsolicited,448,7,1227,C0|07|08|00|00|00|0E
1771337734.748,unsolicited,448,7,1227,C0|07|08|00|00|00|0E
1771337735.085,unsolicited,448,7,1227,C0|07|08|00|00|00|0E
1771337735.119,unsolicited,448,7,1227,C0|07|08|00|00|00|0E
1771337735.157,unsolicited,448,7,1227,C0|07|08|00|00|00|0E
1771337735.256,unsolicited,448,7,1227,C0|07|08|00|00|00|0E
1771337735.289,unsolicited,448,7,1227,C0|07|08|00|00|00|0E
1771337735.289,solicited,1239,,448,
1771337735.323,unsolicited,448,7,1239,C0|07|08|00|00|00|0E
1771337737.203,solicited,1211,,448,
1771337737.236,unsolicited,448,7,1211,C0|07|08|00|00|00|0E
1771337737.237,unsolicited,448,7,1211,C0|07|08|00|00|00|0E
1771337737.471,unsolicited,448,7,1211,C0|07|08|00|00|00|0E
1771337737.540,unsolicited,448,7,1211,C0|07|08|00|00|00|0E
1771337737.573,unsolicited,448,7,1211,C0|07|08|00|00|00|0E
1771337737.640,unsolicited,448,7,1211,C0|07|08|00|00|00|0E
1771337737.706,unsolicited,448,7,1211,C0|07|08|00|00|00|0E
1771337737.707,unsolicited,448,7,1211,C0|07|08|00|00|00|0E
1771337738.144,unsolicited,384,6,1211,C0|06|08|00|00|00|0D
1771337738.211,unsolicited,384,6,1211,C0|06|08|00|00|00|0D
1771337738.277,solicited,1198,,384,
1771337739.113,unsolicited,384,6,1198,C0|06|08|00|00|00|0D
1771337739.114,solicited,1229,,384,
1771337739.183,unsolicited,384,6,1229,C0|06|08|00|00|00|0D
1771337739.215,unsolicited,384,6,1229,C0|06|08|00|00|00|0D
1771337739.589,unsolicited,384,6,1229,C0|06|08|00|00|00|0D
1771337739.622,unsolicited,384,6,1229,C0|06|08|00|00|00|0D
1771337739.623,unsolicited,384,6,1229,C0|06|08|00|00|00|0D
1771337739.624,solicited,1185,,384,
1771337739.655,unsolicited,384,6,1185,C0|06|08|00|00|00|0D
1771337739.722,unsolicited,384,6,1185,C0|06|08|00|00|00|0D
1771337739.790,unsolicited,384,6,1185,C0|06|08|00|00|00|0D
1771337739.958,unsolicited,384,6,1185,C0|06|08|00|00|00|0D
1771337740.025,unsolicited,384,6,1185,C0|06|08|00|00|00|0D
1771337740.128,solicited,1159,,384,
1771337740.159,unsolicited,384,6,1159,C0|06|08|00|00|00|0D
1771337740.596,unsolicited,0,0,1159,C0|00|08|00|00|00|07
1771337740.629,unsolicited,0,0,1159,C0|00|08|00|00|00|07
1771337741.810,solicited,114,,0,
1771337741.814,unsolicited,0,0,114,C0|00|08|00|00|00|07
1771337743.699,unsolicited,0,0,114,C0|00|08|00|00|00|07
1771337744.302,unsolicited,0,0,114,C0|00|08|00|00|00|07
1771337744.303,unsolicited,0,0,114,C0|00|08|00|00|00|07
1771337744.335,solicited,0,,0,
1771337744.339,unsolicited,0,0,0,C0|00|08|00|00|00|07
1771337745.579,unsolicited,0,0,0,C0|00|08|00|00|00|07
1771337746.321,solicited,0,,0,
1771337746.352,unsolicited,0,0,0,C0|00|08|00|00|00|07
1771337746.758,unsolicited,0,0,0,C0|00|08|00|00|00|07
1771337746.758,unsolicited,0,0,0,C0|00|08|00|00|00|07
1771337746.792,unsolicited,0,0,0,C0|00|08|00|00|00|07
1771337746.825,unsolicited,0,0,0,C0|00|08|00|00|00|07
1771337746.826,unsolicited,0,0,0,C0|00|08|00|00|00|07
1771337746.859,solicited,0,,0,
1771337746.860,unsolicited,0,0,0,C0|00|08|00|00|00|07
1771337746.993,unsolicited,0,0,0,C0|00|08|00|00|00|07
1771337747.027,unsolicited,0,0,0,C0|00|08|00|00|00|07
1771337747.028,unsolicited,0,0,0,C0|00|08|00|00|00|07
1771337747.060,unsolicited,0,0,0,C0|00|08|00|00|00|07
1771337747.061,unsolicited,0,0,0,C0|00|08|00|00|00|07
1771337747.092,unsolicited,0,0,0,C0|00|08|00|00|00|07
1771337747.363,solicited,0,,0,
1771337747.363,unsolicited,0,0,0,C0|00|08|00|00|00|07
1771337747.869,unsolicited,0,0,0,C0|00|08|00|00|00|07
1771337747.869,unsolicited,0,0,0,C0|00|08|00|00|00|07
1771337747.902,unsolicited,0,0,0,C0|00|08|00|00|00|07
1771337747.970,solicited,0,,0,
1771337748.070,unsolicited,0,0,0,C0|00|08|00|00|00|07
1771337748.071,unsolicited,0,0,0,C0|00|08|00|00|00|07
1771337748.071,unsolicited,0,0,0,C0|00|08|00|00|00|07
1771337748.104,unsolicited,0,0,0,C0|00|08|00|00|00|07
1771337748.305,unsolicited,0,0,0,C0|00|08|00|00|00|07
1771337748.339,unsolicited,0,0,0,C0|00|08|00|00|00|07
1771337748.339,unsolicited,0,0,0,C0|00|08|00|00|00|07
1771337748.951,solicited,0,,0,
1771337749.052,unsolicited,0,0,0,C0|00|08|00|00|00|07
1771337749.153,unsolicited,0,0,0,C0|00|08|00|00|00|07
1771337749.153,unsolicited,0,0,0,C0|00|08|00|00|00|07
1771337749.186,unsolicited,0,0,0,C0|00|08|00|00|00|07
1771337749.219,unsolicited,0,0,0,C0|00|08|00|00|00|07
1771337749.252,unsolicited,0,0,0,C0|00|08|00|00|00|07
1771337749.254,unsolicited,0,0,0,C0|00|08|00|00|00|07
1771337749.285,unsolicited,0,0,0,C0|00|08|00|00|00|07
1771337749.286,unsolicited,0,0,0,C0|00|08|00|00|00|07
1771337749.421,solicited,0,,0,
1771337749.453,unsolicited,0,0,0,C0|00|08|00|00|00|07
1771337749.555,unsolicited,0,0,0,C0|00|08|00|00|00|07
1771337749.588,unsolicited,0,0,0,C0|00|08|00|00|00|07
1771337749.688,unsolicited,0,0,0,C0|00|08|00|00|00|07
1771337749.924,solicited,0,,0,
1771337750.023,unsolicited,0,0,0,C0|00|08|00|00|00|07
1771337750.057,unsolicited,0,0,0,C0|00|08|00|00|00|07
1771337751.202,unsolicited,0,0,0,C0|00|08|00|00|00|07
1771337751.234,unsolicited,0,0,0,C0|00|08|00|00|00|07
1771337751.235,solicited,0,,0,
1771337751.332,unsolicited,0,0,0,C0|00|08|00|00|00|07
1771337751.333,unsolicited,0,0,0,C0|00|08|00|00|00|07
1771337751.568,unsolicited,0,0,0,C0|00|08|00|00|00|07
1771337751.669,unsolicited,0,0,0,C0|00|08|00|00|00|07
1771337751.669,unsolicited,0,0,0,C0|00|08|00|00|00|07
1771337751.670,unsolicited,0,0,0,C0|00|08|00|00|00|07
1771337751.701,unsolicited,0,0,0,C0|00|08|00|00|00|07
1771337751.702,unsolicited,0,0,0,C0|00|08|00|00|00|07
1771337751.735,unsolicited,0,0,0,C0|00|08|00|00|00|07
1771337751.736,unsolicited,0,0,0,C0|00|08|00|00|00|07
1771337751.768,solicited,0,,0,
1771337751.769,unsolicited,0,0,0,C0|00|08|00|00|00|07
1771337751.770,unsolicited,0,0,0,C0|00|08|00|00|00|07
1771337751.803,unsolicited,0,0,0,C0|00|08|00|00|00|07
1771337752.006,unsolicited,0,0,0,C0|00|08|00|00|00|07
1771337752.037,unsolicited,0,0,0,C0|00|08|00|00|00|07
1771337752.138,unsolicited,0,0,0,C0|00|08|00|00|00|07
1771337752.139,unsolicited,0,0,0,C0|00|08|00|00|00|07
1771337752.140,unsolicited,0,0,0,C0|00|08|00|00|00|07
1771337752.173,unsolicited,0,0,0,C0|00|08|00|00|00|07
1771337752.205,unsolicited,0,0,0,C0|00|08|00|00|00|07
1771337752.208,unsolicited,0,0,0,C0|00|08|00|00|00|07
1771337752.273,solicited,0,,0,
1771337752.342,unsolicited,0,0,0,C0|00|08|00|00|00|07
1771337752.375,unsolicited,0,0,0,C0|00|08|00|00|00|07
1771337752.711,unsolicited,0,0,0,C0|00|08|00|00|00|07
1771337752.743,unsolicited,0,0,0,C0|00|08|00|00|00|07
1771337752.744,unsolicited,0,0,0,C0|00|08|00|00|00|07
1771337752.777,unsolicited,0,0,0,C0|00|08|00|00|00|07
1771337752.778,unsolicited,0,0,0,C0|00|08|00|00|00|07
1771337752.847,solicited,0,,0,
1771337752.948,unsolicited,0,0,0,C0|00|08|00|00|00|07
1771337752.982,unsolicited,0,0,0,C0|00|08|00|00|00|07
1771337753.016,unsolicited,0,0,0,C0|00|08|00|00|00|07
1771337753.084,unsolicited,0,0,0,C0|00|08|00|00|00|07
1771337753.084,unsolicited,0,0,0,C0|00|08|00|00|00|07
1771337753.353,unsolicited,0,0,0,C0|00|08|00|00|00|07
1771337753.353,unsolicited,0,0,0,C0|00|08|00|00|00|07
1771337753.387,solicited,0,,0,
1771337753.455,unsolicited,0,0,0,C0|00|08|00|00|00|07
1771337753.456,unsolicited,0,0,0,C0|00|08|00|00|00|07
1771337753.657,unsolicited,0,0,0,C0|00|08|00|00|00|07
1771337754.059,unsolicited,0,0,0,C0|00|08|00|00|00|07
1771337754.326,unsolicited,0,0,0,C0|00|08|00|00|00|07
1771337754.363,solicited,0,,0,
1771337754.498,unsolicited,0,0,0,C0|00|08|00|00|00|07
1771337754.633,unsolicited,0,0,0,C0|00|08|00|00|00|07
1771337754.666,unsolicited,0,0,0,C0|00|08|00|00|00|07
1771337754.667,unsolicited,0,0,0,C0|00|08|00|00|00|07
1771337754.699,unsolicited,0,0,0,C0|00|08|00|00|00|07
1771337755.907,unsolicited,0,0,0,C0|00|08|00|00|00|07
1771337755.941,unsolicited,0,0,0,C0|00|08|00|00|00|07
1771337755.942,solicited,0,,0,
1771337758.500,solicited,0,,0,
1771337758.533,unsolicited,0,0,0,C0|00|08|00|00|00|07
1771337758.835,unsolicited,0,0,0,C0|00|08|00|00|00|07
1771337758.935,unsolicited,0,0,0,C0|00|08|00|00|00|07
1771337758.936,unsolicited,0,0,0,C0|00|08|00|00|00|07
1771337758.970,unsolicited,0,0,0,C0|00|08|00|00|00|07
1771337759.004,solicited,0,,0,
1771337759.104,unsolicited,0,0,0,C0|00|08|00|00|00|07
1771337759.242,unsolicited,0,0,0,C0|00|08|00|00|00|07
1771337759.243,unsolicited,0,0,0,C0|00|08|00|00|00|07
1771337759.273,unsolicited,0,0,0,C0|00|08|00|00|00|07
1771337759.507,unsolicited,0,0,0,C0|00|08|00|00|00|07
1771337759.742,unsolicited,0,0,0,C0|00|08|00|00|00|07
1771337759.742,unsolicited,0,0,0,C0|00|08|00|00|00|07
1771337759.743,unsolicited,0,0,0,C0|00|08|00|00|00|07
1771337759.775,unsolicited,0,0,0,C0|00|08|00|00|00|07
1771337759.914,unsolicited,0,0,0,C0|00|08|00|00|00|07
1771337759.945,unsolicited,0,0,0,C0|00|08|00|00|00|07
1771337759.946,unsolicited,0,0,0,C0|00|08|00|00|00|07
1771337759.946,unsolicited,0,0,0,C0|00|08|00|00|00|07
1771337760.048,unsolicited,0,0,0,C0|00|08|00|00|00|07
1771337760.283,unsolicited,0,0,0,C0|00|08|00|00|00|07
1771337760.316,unsolicited,0,0,0,C0|00|08|00|00|00|07
1771337760.316,unsolicited,0,0,0,C0|00|08|00|00|00|07
1771337760.349,unsolicited,0,0,0,C0|00|08|00|00|00|07
1771337760.382,unsolicited,0,0,0,C0|00|08|00|00|00|07
1771337760.417,unsolicited,0,0,0,C0|00|08|00|00|00|07
1771337760.450,unsolicited,0,0,0,C0|00|08|00|00|00|07
1771337760.450,unsolicited,0,0,0,C0|00|08|00|00|00|07
1771337760.484,unsolicited,0,0,0,C0|00|08|00|00|00|07
1771337760.485,unsolicited,0,0,0,C0|00|08|00|00|00|07
1771337760.584,solicited,0,,0,
1771337760.925,unsolicited,0,0,0,C0|00|08|00|00|00|07
1771337760.956,unsolicited,0,0,0,C0|00|08|00|00|00|07
1771337761.023,unsolicited,0,0,0,C0|00|08|00|00|00|07
1771337761.526,unsolicited,0,0,0,C0|00|08|00|00|00|07
1771337761.527,unsolicited,0,0,0,C0|00|08|00|00|00|07
1771337761.595,unsolicited,0,0,0,C0|00|08|00|00|00|07
1771337761.628,solicited,0,,0,
1771337761.695,unsolicited,0,0,0,C0|00|08|00|00|00|07
1771337761.731,unsolicited,0,0,0,C0|00|08|00|00|00|07
1771337761.963,unsolicited,0,0,0,C0|00|08|00|00|00|07
1771337761.964,unsolicited,0,0,0,C0|00|08|00|00|00|07
1771337762.738,solicited,0,,0,
1771337765.254,unsolicited,0,0,0,C0|00|08|00|00|00|07
1771337765.521,unsolicited,0,0,0,C0|00|08|00|00|00|07
1771337765.858,solicited,0,,0,
1771337766.059,unsolicited,0,0,0,C0|00|08|00|00|00|07
1771337766.059,unsolicited,0,0,0,C0|00|08|00|00|00|07
1771337766.092,unsolicited,0,0,0,C0|00|08|00|00|00|07
1771337766.093,unsolicited,0,0,0,C0|00|08|00|00|00|07
1771337766.261,unsolicited,0,0,0,C0|00|08|00|00|00|07
1771337766.329,unsolicited,0,0,0,C0|00|08|00|00|00|07
1771337766.362,solicited,0,,0,
1771337766.464,unsolicited,0,0,0,C0|00|08|00|00|00|07
1771337766.499,unsolicited,0,0,0,C0|00|08|00|00|00|07
1771337766.499,unsolicited,0,0,0,C0|00|08|00|00|00|07
1771337766.565,unsolicited,0,0,0,C0|00|08|00|00|00|07
1771337766.599,unsolicited,0,0,0,C0|00|08|00|00|00|07
1771337766.601,unsolicited,0,0,0,C0|00|08|00|00|00|07
1771337766.633,unsolicited,0,0,0,C0|00|08|00|00|00|07
1771337766.735,unsolicited,0,0,0,C0|00|08|00|00|00|07
1771337766.768,unsolicited,0,0,0,C0|00|08|00|00|00|07
1771337766.769,unsolicited,0,0,0,C0|00|08|00|00|00|07
1771337766.769,unsolicited,0,0,0,C0|00|08|00|00|00|07
1771337766.869,solicited,0,,0,
1771337766.869,unsolicited,0,0,0,C0|00|08|00|00|00|07
1771337766.903,unsolicited,0,0,0,C0|00|08|00|00|00|07
1771337766.904,unsolicited,0,0,0,C0|00|08|00|00|00|07
1771337766.936,unsolicited,0,0,0,C0|00|08|00|00|00|07
1771337766.969,unsolicited,0,0,0,C0|00|08|00|00|00|07
1771337766.969,unsolicited,0,0,0,C0|00|08|00|00|00|07
1771337767.001,unsolicited,0,0,0,C0|00|08|00|00|00|07
1771337767.001,unsolicited,0,0,0,C0|00|08|00|00|00|07
1771337767.002,unsolicited,0,0,0,C0|00|08|00|00|00|07
1771337767.034,unsolicited,0,0,0,C0|00|08|00|00|00|07
1771337767.036,unsolicited,0,0,0,C0|00|08|00|00|00|07
1771337767.037,unsolicited,0,0,0,C0|00|08|00|00|00|07
1771337767.068,unsolicited,0,0,0,C0|00|08|00|00|00|07
1771337767.068,unsolicited,0,0,0,C0|00|08|00|00|00|07
1771337767.201,unsolicited,0,0,0,C0|00|08|00|00|00|07
1771337767.202,unsolicited,0,0,0,C0|00|08|00|00|00|07
1771337767.337,unsolicited,0,0,0,C0|00|08|00|00|00|07
1771337767.369,unsolicited,0,0,0,C0|00|08|00|00|00|07
1771337767.604,unsolicited,0,0,0,C0|00|08|00|00|00|07
1771337768.450,unsolicited,0,0,0,C8|00|08|03|00|00|12
1771337768.484,solicited,0,,0,
1771337768.620,unsolicited,0,0,0,C8|00|08|06|00|00|15
1771337768.721,unsolicited,0,0,0,C8|00|08|07|00|00|16
1771337768.724,unsolicited,0,0,0,C8|00|08|07|00|00|16
1771337768.756,unsolicited,0,0,0,C8|00|08|07|00|00|16
1771337768.858,unsolicited,0,0,0,C8|00|08|07|00|00|16
1771337771.111,unsolicited,0,0,0,C8|00|08|00|00|00|0F
1771337771.144,solicited,1155,,0,
1771337773.730,unsolicited,0,0,1155,C0|00|08|00|00|00|07
1771337773.764,solicited,1311,,0,
1771337774.235,unsolicited,0,0,1311,C0|00|08|00|00|00|07
1771337775.002,solicited,1332,,0,
1771337775.137,unsolicited,0,0,1332,C0|00|08|00|00|00|07
1771337775.170,unsolicited,0,0,1332,C0|00|08|00|00|00|07
1771337782.867,unsolicited,0,0,1332,C0|00|08|00|00|00|07
1771337782.867,unsolicited,0,0,1332,C0|00|08|00|00|00|07
1771337783.101,unsolicited,0,0,1332,C0|00|08|00|00|00|07
1771337783.407,solicited,1291,,0,
1771337785.748,solicited,1275,,0,
1771337785.782,unsolicited,0,0,1275,C0|00|08|00|00|00|07
1771337787.932,solicited,1295,,0,
1771337787.939,unsolicited,0,0,1295,C0|00|08|00|00|00|07
1771337787.966,unsolicited,0,0,1295,C0|00|08|00|00|00|07
1771337789.047,unsolicited,448,7,1295,C0|07|08|00|00|00|0E
1771337789.081,unsolicited,448,7,1295,C0|07|08|00|00|00|0E
1771337789.350,unsolicited,448,7,1295,C0|07|08|00|00|00|0E
1771337791.543,unsolicited,448,7,1295,C0|07|08|00|00|00|0E
1771337791.579,unsolicited,448,7,1295,C0|07|08|00|00|00|0E
1771337792.085,unsolicited,448,7,1295,C0|07|08|00|00|00|0E
1771337792.119,unsolicited,448,7,1295,C0|07|08|00|00|00|0E
1771337792.120,solicited,1250,,448,
1771337801.036,unsolicited,448,7,1250,C0|07|08|00|00|00|0E
1771337801.070,solicited,325,,448,
1771337802.281,solicited,0,,448,
1771337802.281,unsolicited,0,0,0,C0|00|08|00|00|00|07
1771337803.121,unsolicited,0,0,0,C0|00|08|00|00|00|07
1771337803.122,solicited,0,,0,
1771337803.154,unsolicited,0,0,0,C0|00|08|00|00|00|07
1771337804.027,solicited,0,,0,
1771337804.061,unsolicited,0,0,0,C0|00|08|00|00|00|07
1771337804.062,unsolicited,0,0,0,C0|00|08|00|00|00|07
1771337807.695,unsolicited,0,0,0,C0|00|08|00|00|00|07
1771337807.696,solicited,0,,0,
1771337807.930,unsolicited,0,0,0,C0|00|08|00|00|00|07
1771337808.098,unsolicited,0,0,0,C0|00|08|00|00|00|07
1771337808.132,unsolicited,0,0,0,C0|00|08|00|00|00|07
1771337809.551,solicited,0,,0,
1771337809.551,unsolicited,0,0,0,C0|00|08|00|00|00|07
1771337810.219,solicited,0,,0,
1771337810.289,unsolicited,0,0,0,C0|00|08|00|00|00|07
1771337810.320,unsolicited,0,0,0,C0|00|08|00|00|00|07
1771337810.591,unsolicited,0,0,0,C0|00|08|00|00|00|07
1771337812.913,solicited,0,,0,
1771337812.946,unsolicited,0,0,0,C0|00|08|00|00|00|07
1771337813.821,solicited,0,,0,
1771337816.871,unsolicited,0,0,0,C0|00|08|00|00|00|07
1771337818.013,solicited,0,,0,
1771337819.562,solicited,0,,0,
1771337822.193,unsolicited,0,0,0,C0|00|08|00|00|00|07
1771337822.194,unsolicited,0,0,0,C0|00|08|00|00|00|07
1771337822.227,solicited,0,,0,
1771337822.463,unsolicited,0,0,0,C0|00|08|00|00|00|07
1771337822.464,unsolicited,0,0,0,C0|00|08|00|00|00|07
1771337823.674,solicited,0,,0,
1771337823.741,unsolicited,0,0,0,C0|00|08|00|00|00|07
1771337823.810,unsolicited,0,0,0,C0|00|08|00|00|00|07
1771337823.842,unsolicited,0,0,0,C0|00|08|00|00|00|07
1771337823.842,unsolicited,0,0,0,C0|00|08|00|00|00|07
1771337823.875,unsolicited,0,0,0,C0|00|08|00|00|00|07
1771337823.876,unsolicited,0,0,0,C0|00|08|00|00|00|07
1771337823.909,unsolicited,0,0,0,C0|00|08|00|00|00|07
1771337823.944,unsolicited,0,0,0,C0|00|08|00|00|00|07
1771337829.660,unsolicited,0,0,0,C8|00|08|00|00|00|0F
1771337829.690,unsolicited,0,0,0,C8|00|08|00|00|00|0F
1771337829.961,unsolicited,0,0,0,C8|00|08|00|00|00|0F
1771337830.196,unsolicited,0,0,0,C8|00|08|00|00|00|0F
1771337830.229,unsolicited,0,0,0,C8|00|08|00|00|00|0F
1771337830.230,unsolicited,0,0,0,C8|00|08|00|00|00|0F
1771337830.465,unsolicited,0,0,0,C8|00|08|00|00|00|0F
1771337833.455,solicited,1322,,0,
1771337835.538,unsolicited,448,7,1322,C0|07|08|00|00|00|0E
1771337835.538,unsolicited,448,7,1322,C0|07|08|00|00|00|0E
1771337835.572,solicited,1299,,448,
1771337835.908,unsolicited,448,7,1299,C0|07|08|00|00|00|0E
1771337835.909,unsolicited,448,7,1299,C0|07|08|00|00|00|0E
1771337841.479,solicited,1313,,448,
1771337841.581,unsolicited,448,7,1313,C0|07|08|00|00|00|0E
1771337841.615,unsolicited,448,7,1313,C0|07|08|00|00|00|0E
1771337842.458,solicited,1262,,448,
1771337842.559,unsolicited,448,7,1262,C0|07|08|00|00|00|0E
1771337842.593,unsolicited,448,7,1262,C0|07|08|00|00|00|0E
1771337842.593,unsolicited,448,7,1262,C0|07|08|00|00|00|0E
1771337842.661,unsolicited,448,7,1262,C0|07|08|00|00|00|0E
1771337843.233,unsolicited,448,7,1262,C0|07|08|00|00|00|0E
1771337843.233,unsolicited,448,7,1262,C0|07|08|00|00|00|0E
1771337843.235,unsolicited,448,7,1262,C0|07|08|00|00|00|0E
1771337843.267,solicited,1286,,448,
1771337843.338,unsolicited,448,7,1286,C0|07|08|00|00|00|0E
1771337843.339,unsolicited,448,7,1286,C0|07|08|00|00|00|0E
1771337843.340,unsolicited,448,7,1286,C0|07|08|00|00|00|0E
1771337843.369,unsolicited,448,7,1286,C0|07|08|00|00|00|0E
1771337844.439,solicited,1276,,448,
1771337844.440,unsolicited,448,7,1276,C0|07|08|00|00|00|0E
1771337844.441,unsolicited,448,7,1276,C0|07|08|00|00|00|0E
1771337844.472,unsolicited,448,7,1276,C0|07|08|00|00|00|0E
1771337845.483,solicited,1261,,448,
1771337845.551,unsolicited,448,7,1261,C0|07|08|00|00|00|0E
1771337845.585,unsolicited,448,7,1261,C0|07|08|00|00|00|0E
1771337847.903,unsolicited,448,7,1261,C0|07|08|00|00|00|0E
1771337847.935,unsolicited,448,7,1261,C0|07|08|00|00|00|0E
1771337848.204,unsolicited,448,7,1261,C0|07|08|00|00|00|0E
1771337848.204,unsolicited,448,7,1261,C0|07|08|00|00|00|0E
1771337848.237,solicited,1216,,448,
1771337849.580,unsolicited,448,7,1216,C0|07|08|00|00|00|0E
1771337849.580,unsolicited,448,7,1216,C0|07|08|00|00|00|0E
1771337849.612,solicited,1240,,448,
1771337850.485,unsolicited,448,7,1240,C0|07|08|00|00|00|0E
1771337850.553,solicited,1261,,448,
1771337850.790,unsolicited,384,6,1261,C0|06|08|00|00|00|0D
1771337851.462,solicited,1232,,384,
1771337851.598,unsolicited,384,6,1232,C0|06|08|00|00|00|0D
1771337851.730,unsolicited,384,6,1232,C0|06|08|00|00|00|0D
1771337855.694,unsolicited,384,6,1232,C0|06|08|00|00|00|0D
1771337857.305,unsolicited,384,6,1232,C0|06|08|00|00|00|0D
1771337857.340,solicited,1189,,384,
1771337857.372,unsolicited,384,6,1189,C0|06|08|00|00|00|0D
1771337857.373,unsolicited,384,6,1189,C0|06|08|00|00|00|0D
1771337859.122,solicited,1174,,384,
1771337864.571,unsolicited,0,0,1174,C0|00|08|00|00|00|07
1771337864.575,unsolicited,0,0,1174,C0|00|08|00|00|00|07
1771337865.108,unsolicited,0,0,1174,C0|00|08|00|00|00|07
1771337865.142,unsolicited,0,0,1174,C0|00|08|00|00|00|07
1771337865.142,solicited,0,,0,
1771337865.144,unsolicited,0,0,0,C0|00|08|00|00|00|07
1771337865.175,unsolicited,0,0,0,C0|00|08|00|00|00|07
1771337870.658,unsolicited,0,0,0,C0|00|08|00|00|00|07
1771337870.690,unsolicited,0,0,0,C0|00|08|00|00|00|07
1771337870.691,solicited,0,,0,
1771337870.724,unsolicited,0,0,0,C0|00|08|00|00|00|07
1771337885.366,solicited,0,,0,
1771337885.366,unsolicited,0,0,0,C0|00|08|00|00|00|07
1771337887.258,solicited,0,,0,
1771337887.259,unsolicited,0,0,0,C0|00|08|00|00|00|07
1771337887.262,unsolicited,0,0,0,C0|00|08|00|00|00|07
1771337887.292,unsolicited,0,0,0,C0|00|08|00|00|00|07
1771337888.543,solicited,0,,0,
1771337888.544,unsolicited,0,0,0,C0|00|08|00|00|00|07
1771337889.581,solicited,0,,0,
1771337889.817,unsolicited,0,0,0,C0|00|08|00|00|00|07
1771337892.040,unsolicited,0,0,0,C8|00|08|02|00|00|11
1771337892.074,solicited,0,,0,
1771337895.206,solicited,1257,,0,
1771337895.311,unsolicited,0,0,1257,C8|00|08|00|00|00|0F
1771337895.676,unsolicited,0,0,1257,C0|00|08|00|00|00|07
1771337895.680,unsolicited,0,0,1257,C0|00|08|00|00|00|07
1771337897.730,unsolicited,0,0,1257,C0|00|08|00|00|00|07
1771337897.731,unsolicited,0,0,1257,C0|00|08|00|00|00|07
1771337897.761,solicited,1341,,0,
1771337898.138,unsolicited,0,0,1341,C0|00|08|00|00|00|07
1771337898.163,unsolicited,0,0,1341,C0|00|08|00|00|00|07
1771337899.071,solicited,1345,,0,
1771337899.274,unsolicited,0,0,1345,C0|00|08|00|00|00|07
1771337899.308,unsolicited,0,0,1345,C0|00|08|00|00|00|07
1771337900.595,unsolicited,0,0,1345,C0|00|08|00|00|00|07
1771337910.759,unsolicited,0,0,1345,C0|00|08|00|00|00|07
1771337910.959,unsolicited,0,0,1345,C0|00|08|00|00|00|07
1771337910.993,unsolicited,0,0,1345,C0|00|08|00|00|00|07
1771337912.065,solicited,1278,,0,
1771337912.166,unsolicited,0,0,1278,C0|00|08|00|00|00|07
1771337913.012,solicited,1272,,0,
1771337913.317,unsolicited,0,0,1272,C0|00|08|00|00|00|07
1771337915.335,unsolicited,0,0,1272,C0|00|08|00|00|00|07
1771337915.335,unsolicited,0,0,1272,C0|00|08|00|00|00|07
1771337915.336,unsolicited,0,0,1272,C0|00|08|00|00|00|07
1771337915.418,unsolicited,0,0,1272,C0|00|08|00|00|00|07
1771337929.073,unsolicited,0,0,1272,C0|00|08|00|00|00|07
1771337933.100,unsolicited,0,0,1272,C0|00|08|00|00|00|07
1771337933.167,unsolicited,0,0,1272,C0|00|08|00|00|00|07
1771337933.236,unsolicited,0,0,1272,C0|00|08|00|00|00|07
1771337933.336,unsolicited,0,0,1272,C0|00|08|00|00|00|07
1771337933.337,unsolicited,0,0,1272,C0|00|08|00|00|00|07
1771337933.371,unsolicited,0,0,1272,C0|00|08|00|00|00|07
1771337933.372,unsolicited,0,0,1272,C0|00|08|00|00|00|07
1771337933.373,unsolicited,0,0,1272,C0|00|08|00|00|00|07
1771337934.044,unsolicited,0,0,1272,C0|00|08|00|00|00|07
1771337934.077,unsolicited,0,0,1272,C0|00|08|00|00|00|07
1771337934.078,unsolicited,0,0,1272,C0|00|08|00|00|00|07
1771337934.111,unsolicited,0,0,1272,C0|00|08|00|00|00|07
1771337934.415,unsolicited,0,0,1272,C0|00|08|00|00|00|07
1771337934.448,unsolicited,0,0,1272,C0|00|08|00|00|00|07
1771337934.448,unsolicited,0,0,1272,C0|00|08|00|00|00|07
1771337934.448,unsolicited,0,0,1272,C0|00|08|00|00|00|07
1771337934.917,unsolicited,0,0,1272,C0|00|08|00|00|00|07
1771337934.950,unsolicited,0,0,1272,C0|00|08|00|00|00|07
1771337934.950,unsolicited,0,0,1272,C0|00|08|00|00|00|07
1771337935.580,unsolicited,0,0,1272,C0|00|08|00|00|00|07
1771337935.714,unsolicited,0,0,1272,C0|00|08|00|00|00|07
1771337935.747,unsolicited,0,0,1272,C0|00|08|00|00|00|07
1771337935.977,unsolicited,0,0,1272,C0|00|08|00|00|00|07
1771337935.978,unsolicited,0,0,1272,C0|00|08|00|00|00|07
1771337935.978,unsolicited,0,0,1272,C0|00|08|00|00|00|07
1771337936.684,unsolicited,0,0,1272,C0|00|08|00|00|00|07
1771337939.102,unsolicited,0,0,1272,C0|00|08|00|00|00|07
1771337939.102,unsolicited,0,0,1272,C0|00|08|00|00|00|07
1771337939.102,unsolicited,0,0,1272,C0|00|08|00|00|00|07
1771337940.172,unsolicited,0,0,1272,C0|00|08|00|00|00|07
1771337941.848,unsolicited,0,0,1272,C0|00|08|00|00|00|07
1771337941.882,unsolicited,0,0,1272,C0|00|08|00|00|00|07
1771337942.284,unsolicited,0,0,1272,C0|00|08|00|00|00|07
1771337942.284,unsolicited,0,0,1272,C0|00|08|00|00|00|07
1771337943.593,unsolicited,0,0,1272,C0|00|08|00|00|00|07
1771337943.998,unsolicited,0,0,1272,C0|00|08|00|00|00|07
1771337944.837,unsolicited,0,0,1272,C0|00|08|00|00|00|07
1771337944.871,unsolicited,0,0,1272,C0|00|08|00|00|00|07
1771337945.737,unsolicited,0,0,1272,C0|00|08|00|00|00|07
1771337946.472,unsolicited,0,0,1272,C0|00|08|00|00|00|07
1771337946.907,unsolicited,0,0,1272,C0|00|08|00|00|00|07
1771337947.646,unsolicited,0,0,1272,C0|00|08|00|00|00|07
1771337952.491,unsolicited,512,8,1272,C8|08|08|05|00|00|1C
1771337952.525,unsolicited,512,8,1272,C8|08|08|04|00|00|1B
1771337952.526,unsolicited,512,8,1272,C8|08|08|04|00|00|1B
1771337952.794,unsolicited,512,8,1272,C8|08|08|04|00|00|1B
1771337952.827,unsolicited,512,8,1272,C8|08|08|00|00|00|17
1771337952.861,unsolicited,512,8,1272,C8|08|08|00|00|00|17
1771337953.600,unsolicited,512,8,1272,C8|08|08|00|00|00|17
1771337953.634,unsolicited,512,8,1272,C8|08|08|00|00|00|17
1771337953.667,unsolicited,512,8,1272,C8|08|08|00|00|00|17
1771337955.589,unsolicited,512,8,1272,C0|08|08|00|00|00|0F
1771337955.622,unsolicited,512,8,1272,C0|08|08|00|00|00|0F
1771337955.656,unsolicited,512,8,1272,C0|08|08|00|00|00|0F
1771337955.757,unsolicited,512,8,1272,C0|08|08|00|00|00|0F
1771337955.924,unsolicited,512,8,1272,C0|08|08|00|00|00|0F
1771337955.958,unsolicited,512,8,1272,C0|08|08|00|00|00|0F
1771337956.058,unsolicited,512,8,1272,C0|08|08|00|00|00|0F
1771337956.590,unsolicited,512,8,1272,C0|08|08|00|00|00|0F
1771337957.365,unsolicited,512,8,1272,C0|08|08|00|00|00|0F
1771337957.365,unsolicited,512,8,1272,C0|08|08|00|00|00|0F
1771337957.398,unsolicited,512,8,1272,C0|08|08|00|00|00|0F
1771337958.104,unsolicited,512,8,1272,C0|08|08|00|00|00|0F
1771337958.372,unsolicited,512,8,1272,C0|08|08|00|00|00|0F
1771337958.472,unsolicited,512,8,1272,C0|08|08|00|00|00|0F
1771337958.909,unsolicited,512,8,1272,C0|08|08|00|00|00|0F
1771337958.943,unsolicited,512,8,1272,C0|08|08|00|00|00|0F
1771337959.750,unsolicited,512,8,1272,C0|08|08|00|00|00|0F
1771337959.751,unsolicited,512,8,1272,C0|08|08|00|00|00|0F
1771337959.751,unsolicited,512,8,1272,C0|08|08|00|00|00|0F
1771337961.291,unsolicited,512,8,1272,C0|08|08|00|00|00|0F
1771337961.325,unsolicited,512,8,1272,C0|08|08|00|00|00|0F
1771337961.325,unsolicited,512,8,1272,C0|08|08|00|00|00|0F
1771337961.360,unsolicited,512,8,1272,C0|08|08|00|00|00|0F
1771337962.028,unsolicited,448,7,1272,C0|07|08|00|00|00|0E
1771337962.029,unsolicited,448,7,1272,C0|07|08|00|00|00|0E
1771337962.029,unsolicited,448,7,1272,C0|07|08|00|00|00|0E
1771337962.331,unsolicited,448,7,1272,C0|07|08|00|00|00|0E
1771337962.399,unsolicited,448,7,1272,C0|07|08|00|00|00|0E
1771337962.400,unsolicited,448,7,1272,C0|07|08|00|00|00|0E
1771337962.400,unsolicited,448,7,1272,C0|07|08|00|00|00|0E
1771337963.770,unsolicited,448,7,1272,C0|07|08|00|00|00|0E
1771337964.614,unsolicited,448,7,1272,C0|07|08|00|00|00|0E
1771337964.614,unsolicited,448,7,1272,C0|07|08|00|00|00|0E
1771337964.647,unsolicited,448,7,1272,C0|07|08|00|00|00|0E
1771337964.880,unsolicited,448,7,1272,C0|07|08|00|00|00|0E
1771337964.911,unsolicited,448,7,1272,C0|07|08|00|00|00|0E
1771337964.912,unsolicited,448,7,1272,C0|07|08|00|00|00|0E
1771337965.315,unsolicited,448,7,1272,C0|07|08|00|00|00|0E
1771337965.315,unsolicited,448,7,1272,C0|07|08|00|00|00|0E
1771337965.348,unsolicited,448,7,1272,C0|07|08|00|00|00|0E
1771337965.349,unsolicited,448,7,1272,C0|07|08|00|00|00|0E
1771337966.659,unsolicited,448,7,1272,C0|07|08|00|00|00|0E
1771337966.761,unsolicited,448,7,1272,C0|07|08|00|00|00|0E
1771337966.796,unsolicited,448,7,1272,C0|07|08|00|00|00|0E
1771337966.827,unsolicited,448,7,1272,C0|07|08|00|00|00|0E
1771337966.895,unsolicited,448,7,1272,C0|07|08|00|00|00|0E
1771337967.830,unsolicited,448,7,1272,C0|07|08|00|00|00|0E
1771337967.898,unsolicited,448,7,1272,C0|07|08|00|00|00|0E
1771337967.931,unsolicited,448,7,1272,C0|07|08|00|00|00|0E
1771337968.639,unsolicited,448,7,1272,C0|07|08|00|00|00|0E
1771337969.107,unsolicited,448,7,1272,C0|07|08|00|00|00|0E
1771337969.376,unsolicited,448,7,1272,C0|07|08|00|00|00|0E
1771337969.376,unsolicited,448,7,1272,C0|07|08|00|00|00|0E
1771337969.475,unsolicited,448,7,1272,C0|07|08|00|00|00|0E
1771337970.014,unsolicited,448,7,1272,C0|07|08|00|00|00|0E
1771337970.047,unsolicited,448,7,1272,C0|07|08|00|00|00|0E
1771337971.021,unsolicited,448,7,1272,C0|07|08|00|00|00|0E
1771337971.022,unsolicited,448,7,1272,C0|07|08|00|00|00|0E
1771337971.525,unsolicited,448,7,1272,C0|07|08|00|00|00|0E
1771337972.161,unsolicited,448,7,1272,C0|07|08|00|00|00|0E
1771337972.193,unsolicited,448,7,1272,C0|07|08|00|00|00|0E
1771337972.295,unsolicited,448,7,1272,C0|07|08|00|00|00|0E
1771337972.295,unsolicited,448,7,1272,C0|07|08|00|00|00|0E
1771337972.328,unsolicited,448,7,1272,C0|07|08|00|00|00|0E
1771337972.328,unsolicited,448,7,1272,C0|07|08|00|00|00|0E
1771337972.328,unsolicited,448,7,1272,C0|07|08|00|00|00|0E
1771337972.969,unsolicited,448,7,1272,C0|07|08|00|00|00|0E
1771337973.001,unsolicited,448,7,1272,C0|07|08|00|00|00|0E
1771337973.068,unsolicited,448,7,1272,C0|07|08|00|00|00|0E
1771337973.069,unsolicited,448,7,1272,C0|07|08|00|00|00|0E
1771337973.102,unsolicited,448,7,1272,C0|07|08|00|00|00|0E
1771337975.421,unsolicited,448,7,1272,C0|07|08|00|00|00|0E
1771337975.421,unsolicited,448,7,1272,C0|07|08|00|00|00|0E
1771337976.359,unsolicited,448,7,1272,C0|07|08|00|00|00|0E
1771337976.359,unsolicited,448,7,1272,C0|07|08|00|00|00|0E
1771337976.392,unsolicited,448,7,1272,C0|07|08|00|00|00|0E
1771337976.392,unsolicited,448,7,1272,C0|07|08|00|00|00|0E
1771337976.392,unsolicited,448,7,1272,C0|07|08|00|00|00|0E
1771337977.435,unsolicited,448,7,1272,C0|07|08|00|00|00|0E
1771337977.468,unsolicited,448,7,1272,C0|07|08|00|00|00|0E
1771337977.468,unsolicited,448,7,1272,C0|07|08|00|00|00|0E
1771337977.468,unsolicited,448,7,1272,C0|07|08|00|00|00|0E
1771337979.081,unsolicited,448,7,1272,C0|07|08|00|00|00|0E
1771337979.316,unsolicited,448,7,1272,C0|07|08|00|00|00|0E
1771337980.285,unsolicited,0,0,1272,C0|00|08|00|00|00|07
1771337980.286,unsolicited,0,0,1272,C0|00|08|00|00|00|07
1771337981.081,unsolicited,0,0,1272,C0|00|08|00|00|00|07
1771337981.386,unsolicited,0,0,1272,C0|00|08|00|00|00|07
1771337981.418,unsolicited,0,0,1272,C0|00|08|00|00|00|07
1771337981.419,unsolicited,0,0,1272,C0|00|08|00|00|00|07
1771337981.419,unsolicited,0,0,1272,C0|00|08|00|00|00|07
1771337981.919,unsolicited,0,0,1272,C0|00|08|00|00|00|07
1771337981.919,unsolicited,0,0,1272,C0|00|08|00|00|00|07
1771337981.954,unsolicited,0,0,1272,C0|00|08|00|00|00|07
1771337982.354,unsolicited,0,0,1272,C0|00|08|00|00|00|07
1771337983.394,unsolicited,0,0,1272,C0|00|08|00|00|00|07
1771337983.394,unsolicited,0,0,1272,C0|00|08|00|00|00|07
1771337983.831,unsolicited,0,0,1272,C0|00|08|00|00|00|07
1771337983.831,unsolicited,0,0,1272,C0|00|08|00|00|00|07
1771337983.864,unsolicited,0,0,1272,C0|00|08|00|00|00|07
1771337983.864,unsolicited,0,0,1272,C0|00|08|00|00|00|07
1771337984.968,unsolicited,0,0,1272,C0|00|08|00|00|00|07
1771337985.001,unsolicited,0,0,1272,C0|00|08|00|00|00|07
1771337985.301,unsolicited,0,0,1272,C0|00|08|00|00|00|07
1771337985.302,unsolicited,0,0,1272,C0|00|08|00|00|00|07
1771337985.335,unsolicited,0,0,1272,C0|00|08|00|00|00|07
1771337985.335,unsolicited,0,0,1272,C0|00|08|00|00|00|07
1771337985.368,unsolicited,0,0,1272,C0|00|08|00|00|00|07
1771337985.368,unsolicited,0,0,1272,C0|00|08|00|00|00|07
1771337986.607,unsolicited,0,0,1272,C0|00|08|00|00|00|07
1771337986.674,unsolicited,0,0,1272,C0|00|08|00|00|00|07
1771337986.708,unsolicited,0,0,1272,C0|00|08|00|00|00|07
1771337986.742,unsolicited,0,0,1272,C0|00|08|00|00|00|07
1771337986.775,unsolicited,0,0,1272,C0|00|08|00|00|00|07
1771337986.775,unsolicited,0,0,1272,C0|00|08|00|00|00|07
1771337986.808,unsolicited,0,0,1272,C0|00|08|00|00|00|07
1771337987.415,unsolicited,0,0,1272,C0|00|08|00|00|00|07
1771337987.415,unsolicited,0,0,1272,C0|00|08|00|00|00|07
1771337987.448,unsolicited,0,0,1272,C0|00|08|00|00|00|07
1771337987.449,unsolicited,0,0,1272,C0|00|08|00|00|00|07
1771337987.482,unsolicited,0,0,1272,C0|00|08|00|00|00|07
1771337987.515,unsolicited,0,0,1272,C0|00|08|00|00|00|07
1771337987.516,unsolicited,0,0,1272,C0|00|08|00|00|00|07
1771337987.516,unsolicited,0,0,1272,C0|00|08|00|00|00|07
1771337988.152,unsolicited,0,0,1272,C0|00|08|00|00|00|07
1771337988.186,unsolicited,0,0,1272,C0|00|08|00|00|00|07
1771337988.220,unsolicited,0,0,1272,C0|00|08|00|00|00|07
1771337988.220,unsolicited,0,0,1272,C0|00|08|00|00|00|07
1771337988.253,unsolicited,0,0,1272,C0|00|08|00|00|00|07
1771337988.253,unsolicited,0,0,1272,C0|00|08|00|00|00|07
1771337988.254,unsolicited,0,0,1272,C0|00|08|00|00|00|07
1771337989.328,unsolicited,0,0,1272,C0|00|08|00|00|00|07
1771337989.898,unsolicited,0,0,1272,C0|00|08|00|00|00|07
1771337992.177,unsolicited,0,0,1272,C0|00|08|00|00|00|07
1771337992.177,unsolicited,0,0,1272,C0|00|08|00|00|00|07
1771337994.524,unsolicited,0,0,1272,C0|00|08|00|00|00|07
1771337994.524,unsolicited,0,0,1272,C0|00|08|00|00|00|07
1771337994.989,unsolicited,0,0,1272,C0|00|08|00|00|00|07
1771337995.324,unsolicited,0,0,1272,C0|00|08|00|00|00|07
1771337995.324,unsolicited,0,0,1272,C0|00|08|00|00|00|07
1771337995.358,unsolicited,0,0,1272,C0|00|08|00|00|00|07
1771337996.294,unsolicited,0,0,1272,C0|00|08|00|00|00|07
1771337996.625,unsolicited,0,0,1272,C0|00|08|00|00|00|07
1771337996.626,unsolicited,0,0,1272,C0|00|08|00|00|00|07
1771337997.193,unsolicited,0,0,1272,C0|00|08|00|00|00|07
1771337997.193,unsolicited,0,0,1272,C0|00|08|00|00|00|07
1771337997.193,unsolicited,0,0,1272,C0|00|08|00|00|00|07
1771337997.227,unsolicited,0,0,1272,C0|00|08|00|00|00|07
1771337997.260,unsolicited,0,0,1272,C0|00|08|00|00|00|07
1771337997.260,unsolicited,0,0,1272,C0|00|08|00|00|00|07
1771337997.294,unsolicited,0,0,1272,C0|00|08|00|00|00|07
1771337997.328,unsolicited,0,0,1272,C0|00|08|00|00|00|07
1771337997.328,unsolicited,0,0,1272,C0|00|08|00|00|00|07
1771338000.242,unsolicited,0,0,1272,C0|00|08|00|00|00|07
1771338000.712,unsolicited,0,0,1272,C0|00|08|00|00|00|07
1771338000.780,unsolicited,0,0,1272,C0|00|08|00|00|00|07
1771338000.812,unsolicited,0,0,1272,C0|00|08|00|00|00|07
1771338000.813,unsolicited,0,0,1272,C0|00|08|00|00|00|07
1771338000.813,unsolicited,0,0,1272,C0|00|08|00|00|00|07
1771338002.180,unsolicited,0,0,1272,C0|00|08|00|00|00|07
1771338002.213,unsolicited,0,0,1272,C0|00|08|00|00|00|07
1771338002.213,unsolicited,0,0,1272,C0|00|08|00|00|00|07
1771338002.213,unsolicited,0,0,1272,C0|00|08|00|00|00|07
1771338002.247,unsolicited,0,0,1272,C0|00|08|00|00|00|07
1771338002.247,unsolicited,0,0,1272,C0|00|08|00|00|00|07
1771338002.247,unsolicited,0,0,1272,C0|00|08|00|00|00|07
1771338004.293,unsolicited,0,0,1272,C0|00|08|00|00|00|07
1771338004.327,unsolicited,0,0,1272,C0|00|08|00|00|00|07
1771338005.167,unsolicited,0,0,1272,C0|00|08|00|00|00|07
1771338005.466,unsolicited,0,0,1272,C0|00|08|00|00|00|07
1771338005.968,unsolicited,0,0,1272,C0|00|08|00|00|00|07
1771338005.968,unsolicited,0,0,1272,C0|00|08|00|00|00|07
1771338006.001,unsolicited,0,0,1272,C0|00|08|00|00|00|07
1771338006.001,unsolicited,0,0,1272,C0|00|08|00|00|00|07
1771338007.106,unsolicited,0,0,1272,C0|00|08|00|00|00|07
1771338007.139,unsolicited,0,0,1272,C0|00|08|00|00|00|07
1771338007.139,unsolicited,0,0,1272,C0|00|08|00|00|00|07
1771338007.171,unsolicited,0,0,1272,C0|00|08|00|00|00|07
1771338009.752,unsolicited,0,0,1272,C0|00|08|00|00|00|07
1771338009.785,unsolicited,0,0,1272,C0|00|08|00|00|00|07
1771338009.785,unsolicited,0,0,1272,C0|00|08|00|00|00|07
1771338009.785,unsolicited,0,0,1272,C0|00|08|00|00|00|07
1771338009.818,unsolicited,0,0,1272,C0|00|08|00|00|00|07
1771338009.818,unsolicited,0,0,1272,C0|00|08|00|00|00|07
1771338011.627,unsolicited,0,0,1272,C0|00|08|00|00|00|07
1771338011.627,unsolicited,0,0,1272,C0|00|08|00|00|00|07
1771338011.660,unsolicited,0,0,1272,C0|00|08|00|00|00|07
1771338012.094,unsolicited,0,0,1272,C0|00|08|00|00|00|07
1771338012.733,unsolicited,0,0,1272,C0|00|08|00|00|00|07
1771338013.703,unsolicited,0,0,1272,C0|00|08|00|00|00|07
1771338013.737,unsolicited,0,0,1272,C0|00|08|00|00|00|07
1771338013.738,unsolicited,0,0,1272,C0|00|08|00|00|00|07
1771338013.771,unsolicited,0,0,1272,C0|00|08|00|00|00|07
1771338013.804,unsolicited,0,0,1272,C0|00|08|00|00|00|07
1771338013.804,unsolicited,0,0,1272,C0|00|08|00|00|00|07
1771338013.804,unsolicited,0,0,1272,C0|00|08|00|00|00|07
1771338014.745,unsolicited,0,0,1272,C0|00|08|00|00|00|07
1771338014.779,unsolicited,0,0,1272,C0|00|08|00|00|00|07
1771338015.219,unsolicited,0,0,1272,C0|00|08|00|00|00|07
1771338016.223,unsolicited,0,0,1272,C0|00|08|00|00|00|07
1771338016.257,unsolicited,0,0,1272,C0|00|08|00|00|00|07
1771338017.125,unsolicited,0,0,1272,C0|00|08|00|00|00|07
1771338019.771,unsolicited,0,0,1272,C0|00|08|00|00|00|07
1771338019.804,unsolicited,0,0,1272,C0|00|08|00|00|00|07
1771338020.270,unsolicited,0,0,1272,C0|00|08|00|00|00|07
1771338020.606,unsolicited,0,0,1272,C0|00|08|00|00|00|07
1771338020.908,unsolicited,0,0,1272,C0|00|08|00|00|00|07
1771338021.276,unsolicited,0,0,1272,C0|00|08|00|00|00|07
1771338021.309,unsolicited,0,0,1272,C0|00|08|00|00|00|07
1771338021.745,unsolicited,0,0,1272,C0|00|08|00|00|00|07
1771338022.450,unsolicited,0,0,1272,C0|00|08|00|00|00|07
1771338023.427,unsolicited,0,0,1272,C0|00|08|00|00|00|07
1771338024.768,unsolicited,0,0,1272,C0|00|08|00|00|00|07
1771338024.769,unsolicited,0,0,1272,C0|00|08|00|00|00|07
1771338025.576,unsolicited,0,0,1272,C0|00|08|00|00|00|07
1771338025.912,unsolicited,0,0,1272,C0|00|08|00|00|00|07
1771338025.914,unsolicited,0,0,1272,C0|00|08|00|00|00|07
1771338027.550,unsolicited,0,0,1272,C8|00|08|03|00|00|12
1771338027.853,unsolicited,0,0,1272,C8|00|08|04|00|00|13
1771338028.753,unsolicited,0,0,1272,C8|00|08|00|00|00|0F
1771338028.854,unsolicited,0,0,1272,C8|00|08|00|00|00|0F
1771338028.855,unsolicited,0,0,1272,C8|00|08|00|00|00|0F
1771338028.856,unsolicited,0,0,1272,C8|00|08|00|00|00|0F
1771338028.888,unsolicited,0,0,1272,C8|00|08|00|00|00|0F
1771338030.904,unsolicited,0,0,1272,C8|00|08|00|00|00|0F
1771338030.905,unsolicited,0,0,1272,C8|00|08|00|00|00|0F
1771338031.240,unsolicited,0,0,1272,C0|00|08|00|00|00|07
1771338031.273,unsolicited,0,0,1272,C0|00|08|00|00|00|07
1771338031.306,unsolicited,0,0,1272,C0|00|08|00|00|00|07
1771338031.339,unsolicited,0,0,1272,C0|00|08|00|00|00|07
1771338031.340,unsolicited,0,0,1272,C0|00|08|00|00|00|07
1771338031.373,unsolicited,0,0,1272,C0|00|08|00|00|00|07
1771338031.407,unsolicited,0,0,1272,C0|00|08|00|00|00|07
1771338033.321,unsolicited,0,0,1272,C0|00|08|00|00|00|07
1771338033.355,unsolicited,0,0,1272,C0|00|08|00|00|00|07
1771338033.388,unsolicited,0,0,1272,C0|00|08|00|00|00|07
1771338033.389,unsolicited,0,0,1272,C0|00|08|00|00|00|07
1771338034.063,unsolicited,0,0,1272,C0|00|08|00|00|00|07
1771338034.064,unsolicited,0,0,1272,C0|00|08|00|00|00|07
1771338034.096,unsolicited,0,0,1272,C0|00|08|00|00|00|07
1771338034.096,unsolicited,0,0,1272,C0|00|08|00|00|00|07
1771338035.334,unsolicited,0,0,1272,C0|00|08|00|00|00|07
1771338035.335,unsolicited,0,0,1272,C0|00|08|00|00|00|07
1771338035.336,unsolicited,0,0,1272,C0|00|08|00|00|00|07
1771338037.878,unsolicited,0,0,1272,C0|00|08|00|00|00|07
1771338037.880,unsolicited,0,0,1272,C0|00|08|00|00|00|07
1771338037.881,unsolicited,0,0,1272,C0|00|08|00|00|00|07
1771338037.915,unsolicited,0,0,1272,C0|00|08|00|00|00|07
1771338038.414,unsolicited,0,0,1272,C0|00|08|00|00|00|07
1771338038.513,unsolicited,0,0,1272,C0|00|08|00|00|00|07
1771338040.456,unsolicited,512,8,1272,C0|08|08|00|00|00|0F
1771338040.463,unsolicited,512,8,1272,C0|08|08|00|00|00|0F
1771338040.893,unsolicited,512,8,1272,C0|08|08|00|00|00|0F
1771338040.895,unsolicited,448,7,1272,C0|07|08|00|00|00|0E
1771338041.464,unsolicited,448,7,1272,C0|07|08|00|00|00|0E
1771338041.465,unsolicited,448,7,1272,C0|07|08|00|00|00|0E
1771338041.967,unsolicited,448,7,1272,C0|07|08|00|00|00|0E
1771338042.033,unsolicited,448,7,1272,C0|07|08|00|00|00|0E
1771338042.068,unsolicited,448,7,1272,C0|07|08|00|00|00|0E
1771338042.069,unsolicited,448,7,1272,C0|07|08|00|00|00|0E
1771338042.101,unsolicited,448,7,1272,C0|07|08|00|00|00|0E
1771338042.569,unsolicited,448,7,1272,C0|07|08|00|00|00|0E
1771338042.602,unsolicited,448,7,1272,C0|07|08|00|00|00|0E
1771338043.107,unsolicited,448,7,1272,C0|07|08|00|00|00|0E
1771338043.108,unsolicited,448,7,1272,C0|07|08|00|00|00|0E
1771338043.140,unsolicited,448,7,1272,C0|07|08|00|00|00|0E
1771338043.140,unsolicited,448,7,1272,C0|07|08|00|00|00|0E
1771338045.190,unsolicited,448,7,1272,C0|07|08|00|00|00|0E
1771338045.222,unsolicited,448,7,1272,C0|07|08|00|00|00|0E
1771338045.225,unsolicited,448,7,1272,C0|07|08|00|00|00|0E
1771338045.323,unsolicited,448,7,1272,C0|07|08|00|00|00|0E
1771338045.324,unsolicited,448,7,1272,C0|07|08|00|00|00|0E
1771338045.829,unsolicited,448,7,1272,C0|07|08|00|00|00|0E
1771338045.929,unsolicited,448,7,1272,C0|07|08|00|00|00|0E
1771338045.930,unsolicited,448,7,1272,C0|07|08|00|00|00|0E
1771338046.567,unsolicited,448,7,1272,C0|07|08|00|00|00|0E
1771338047.304,unsolicited,448,7,1272,C0|07|08|00|00|00|0E
1771338047.704,unsolicited,0,0,1272,C0|00|08|00|00|00|07
1771338047.838,unsolicited,0,0,1272,C0|00|08|00|00|00|07
1771338047.906,unsolicited,0,0,1272,C0|00|08|00|00|00|07
1771338049.076,unsolicited,0,0,1272,C0|00|08|00|00|00|07
1771338049.076,unsolicited,0,0,1272,C0|00|08|00|00|00|07
1771338050.320,unsolicited,0,0,1272,C0|00|08|00|00|00|07
1771338050.351,unsolicited,0,0,1272,C0|00|08|00|00|00|07
1771338050.352,unsolicited,0,0,1272,C0|00|08|00|00|00|07
1771338051.932,unsolicited,0,0,1272,C0|00|08|00|00|00|07
1771338051.932,unsolicited,0,0,1272,C0|00|08|00|00|00|07
1771338052.302,unsolicited,0,0,1272,C0|00|08|00|00|00|07
1771338053.109,unsolicited,0,0,1272,C0|00|08|00|00|00|07
1771338053.109,unsolicited,0,0,1272,C0|00|08|00|00|00|07
1771338053.710,unsolicited,0,0,1272,C0|00|08|00|00|00|07
1771338053.777,unsolicited,0,0,1272,C0|00|08|00|00|00|07
1771338053.778,unsolicited,0,0,1272,C0|00|08|00|00|00|07
1771338053.779,unsolicited,0,0,1272,C0|00|08|00|00|00|07
1771338055.190,unsolicited,0,0,1272,C0|00|08|00|00|00|07
1771338055.222,unsolicited,0,0,1272,C0|00|08|00|00|00|07
1771338055.222,unsolicited,0,0,1272,C0|00|08|00|00|00|07
1771338055.255,unsolicited,0,0,1272,C0|00|08|00|00|00|07
1771338056.735,unsolicited,0,0,1272,C0|00|08|00|00|00|07
1771338056.769,unsolicited,0,0,1272,C0|00|08|00|00|00|07
1771338056.770,unsolicited,0,0,1272,C0|00|08|00|00|00|07
1771338056.770,unsolicited,0,0,1272,C0|00|08|00|00|00|07
1771338056.803,unsolicited,0,0,1272,C0|00|08|00|00|00|07
1771338058.782,unsolicited,0,0,1272,C0|00|08|00|00|00|07
1771338058.916,unsolicited,0,0,1272,C0|00|08|00|00|00|07
1771338060.021,unsolicited,0,0,1272,C0|00|08|00|00|00|07
1771338060.024,unsolicited,0,0,1272,C0|00|08|00|00|00|07
1771338060.257,unsolicited,0,0,1272,C0|00|08|00|00|00|07
1771338060.323,unsolicited,0,0,1272,C0|00|08|00|00|00|07
1771338061.066,unsolicited,0,0,1272,C0|00|08|00|00|00|07
1771338061.067,unsolicited,0,0,1272,C0|00|08|00|00|00|07
1771338061.135,unsolicited,0,0,1272,C0|00|08|00|00|00|07
1771338061.136,unsolicited,0,0,1272,C0|00|08|00|00|00|07
1771338061.204,unsolicited,0,0,1272,C0|00|08|00|00|00|07
1771338061.237,unsolicited,0,0,1272,C0|00|08|00|00|00|07
1771338061.270,unsolicited,0,0,1272,C0|00|08|00|00|00|07
1771338061.272,unsolicited,0,0,1272,C0|00|08|00|00|00|07
1771338061.273,unsolicited,0,0,1272,C0|00|08|00|00|00|07
1771338061.337,unsolicited,0,0,1272,C0|00|08|00|00|00|07
1771338061.337,unsolicited,0,0,1272,C0|00|08|00|00|00|07
1771338061.370,unsolicited,0,0,1272,C0|00|08|00|00|00|07
1771338061.371,unsolicited,0,0,1272,C0|00|08|00|00|00|07
1771338061.371,unsolicited,0,0,1272,C0|00|08|00|00|00|07
1771338062.852,unsolicited,0,0,1272,C0|00|08|00|00|00|07
1771338062.885,unsolicited,0,0,1272,C0|00|08|00|00|00|07
1771338062.885,unsolicited,0,0,1272,C0|00|08|00|00|00|07
1771338063.291,unsolicited,0,0,1272,C0|00|08|00|00|00|07
1771338063.325,unsolicited,0,0,1272,C0|00|08|00|00|00|07
1771338063.359,unsolicited,0,0,1272,C0|00|08|00|00|00|07
1771338064.000,unsolicited,0,0,1272,C0|00|08|00|00|00|07
1771338064.000,unsolicited,0,0,1272,C0|00|08|00|00|00|07
1771338064.032,unsolicited,0,0,1272,C0|00|08|00|00|00|07
1771338065.509,unsolicited,0,0,1272,C0|00|08|00|00|00|07
1771338065.510,unsolicited,0,0,1272,C0|00|08|00|00|00|07
1771338065.543,unsolicited,0,0,1272,C0|00|08|00|00|00|07
1771338066.886,unsolicited,0,0,1272,C0|00|08|00|00|00|07
1771338066.886,unsolicited,0,0,1272,C0|00|08|00|00|00|07
1771338068.230,unsolicited,0,0,1272,C0|00|08|00|00|00|07
1771338068.231,unsolicited,0,0,1272,C0|00|08|00|00|00|07
1771338068.265,unsolicited,0,0,1272,C0|00|08|00|00|00|07
1771338068.298,unsolicited,0,0,1272,C0|00|08|00|00|00|07
1771338069.805,unsolicited,0,0,1272,C0|00|08|00|00|00|07
1771338070.209,unsolicited,0,0,1272,C0|00|08|00|00|00|07
1771338070.245,unsolicited,0,0,1272,C0|00|08|00|00|00|07
1771338070.344,unsolicited,0,0,1272,C0|00|08|00|00|00|07
1771338070.378,unsolicited,0,0,1272,C0|00|08|00|00|00|07
1771338071.857,unsolicited,0,0,1272,C0|00|08|00|00|00|07
1771338071.892,unsolicited,0,0,1272,C0|00|08|00|00|00|07
1771338071.892,unsolicited,0,0,1272,C0|00|08|00|00|00|07
1771338071.893,unsolicited,0,0,1272,C0|00|08|00|00|00|07
1771338072.261,unsolicited,0,0,1272,C0|00|08|00|00|00|07
1771338072.294,unsolicited,0,0,1272,C0|00|08|00|00|00|07
1771338072.328,unsolicited,0,0,1272,C0|00|08|00|00|00|07
1771338073.067,unsolicited,0,0,1272,C0|00|08|00|00|00|07
1771338073.067,unsolicited,0,0,1272,C0|00|08|00|00|00|07
1771338073.134,unsolicited,0,0,1272,C0|00|08|00|00|00|07
1771338074.607,unsolicited,0,0,1272,C0|00|08|00|00|00|07
1771338076.225,unsolicited,0,0,1272,C0|00|08|00|00|00|07
1771338076.259,unsolicited,0,0,1272,C0|00|08|00|00|00|07
1771338076.260,unsolicited,0,0,1272,C0|00|08|00|00|00|07
1771338076.628,unsolicited,0,0,1272,C0|00|08|00|00|00|07
1771338076.662,unsolicited,0,0,1272,C0|00|08|00|00|00|07
1771338076.664,unsolicited,0,0,1272,C0|00|08|00|00|00|07
1771338076.696,unsolicited,0,0,1272,C0|00|08|00|00|00|07
1771338076.931,unsolicited,0,0,1272,C0|00|08|00|00|00|07
1771338076.931,unsolicited,0,0,1272,C0|00|08|00|00|00|07
1771338076.963,unsolicited,0,0,1272,C0|00|08|00|00|00|07
1771338077.333,unsolicited,0,0,1272,C0|00|08|00|00|00|07
1771338077.366,unsolicited,0,0,1272,C0|00|08|00|00|00|07
1771338077.366,unsolicited,0,0,1272,C0|00|08|00|00|00|07
1771338078.549,unsolicited,0,0,1272,C0|00|08|00|00|00|07
1771338078.785,unsolicited,0,0,1272,C0|00|08|00|00|00|07
1771338078.818,unsolicited,0,0,1272,C0|00|08|00|00|00|07
1771338078.819,unsolicited,0,0,1272,C0|00|08|00|00|00|07
1771338079.154,unsolicited,0,0,1272,C0|00|08|00|00|00|07
1771338079.155,unsolicited,0,0,1272,C0|00|08|00|00|00|07
1771338079.187,unsolicited,0,0,1272,C0|00|08|00|00|00|07
1771338079.220,unsolicited,0,0,1272,C8|00|08|00|00|00|0F
1771338079.221,unsolicited,0,0,1272,C8|00|08|00|00|00|0F
1771338079.221,unsolicited,0,0,1272,C8|00|08|00|00|00|0F
1771338079.254,unsolicited,0,0,1272,C8|00|08|00|00|00|0F
1771338079.254,unsolicited,0,0,1272,C8|00|08|00|00|00|0F
1771338079.286,unsolicited,0,0,1272,C8|00|08|00|00|00|0F
1771338079.287,unsolicited,0,0,1272,C8|00|08|01|00|00|10
1771338079.288,unsolicited,0,0,1272,C8|00|08|01|00|00|10
1771338079.321,unsolicited,0,0,1272,C8|00|08|01|00|00|10
1771338079.322,unsolicited,0,0,1272,C8|00|08|01|00|00|10
1771338079.322,unsolicited,0,0,1272,C8|00|08|01|00|00|10
1771338079.356,unsolicited,0,0,1272,C8|00|08|02|00|00|11
1771338079.422,unsolicited,0,0,1272,C8|00|08|03|00|00|12
1771338079.456,unsolicited,0,0,1272,C8|00|08|03|00|00|12
1771338081.912,unsolicited,512,8,1272,C8|08|08|00|00|00|17
1771338081.917,unsolicited,512,8,1272,C8|08|08|00|00|00|17
1771338082.715,unsolicited,512,8,1272,C8|08|08|00|00|00|17
1771338082.749,unsolicited,512,8,1272,C8|08|08|00|00|00|17
1771338082.818,unsolicited,512,8,1272,C8|08|08|00|00|00|17
1771338084.365,unsolicited,448,7,1272,C0|07|08|00|00|00|0E
1771338084.432,unsolicited,448,7,1272,C0|07|08|00|00|00|0E
1771338084.534,unsolicited,448,7,1272,C0|07|08|00|00|00|0E
1771338084.870,unsolicited,448,7,1272,C0|07|08|00|00|00|0E
1771338084.871,unsolicited,448,7,1272,C0|07|08|00|00|00|0E
1771338084.973,unsolicited,448,7,1272,C0|07|08|00|00|00|0E
1771338085.682,unsolicited,448,7,1272,C0|07|08|00|00|00|0E
1771338085.715,unsolicited,448,7,1272,C0|07|08|00|00|00|0E
1771338085.716,unsolicited,448,7,1272,C0|07|08|00|00|00|0E
1771338085.748,unsolicited,448,7,1272,C0|07|08|00|00|00|0E
1771338085.749,unsolicited,448,7,1272,C0|07|08|00|00|00|0E
1771338086.692,unsolicited,448,7,1272,C0|07|08|00|00|00|0E
1771338086.759,unsolicited,448,7,1272,C0|07|08|00|00|00|0E
1771338086.759,unsolicited,448,7,1272,C0|07|08|00|00|00|0E
1771338086.827,unsolicited,448,7,1272,C0|07|08|00|00|00|0E
1771338088.536,unsolicited,448,7,1272,C0|07|08|00|00|00|0E
1771338089.074,unsolicited,448,7,1272,C0|07|08|00|00|00|0E
1771338089.175,unsolicited,448,7,1272,C0|07|08|00|00|00|0E
1771338089.276,unsolicited,448,7,1272,C0|07|08|00|00|00|0E
1771338089.308,unsolicited,448,7,1272,C0|07|08|00|00|00|0E
1771338089.309,unsolicited,448,7,1272,C0|07|08|00|00|00|0E
1771338089.377,unsolicited,448,7,1272,C0|07|08|00|00|00|0E
1771338089.411,unsolicited,448,7,1272,C0|07|08|00|00|00|0E
1771338091.698,unsolicited,448,7,1272,C0|07|08|00|00|00|0E
1771338092.238,unsolicited,448,7,1272,C0|07|08|00|00|00|0E
1771338092.239,unsolicited,448,7,1272,C0|07|08|00|00|00|0E
1771338092.240,unsolicited,448,7,1272,C0|07|08|00|00|00|0E
1771338092.273,unsolicited,448,7,1272,C0|07|08|00|00|00|0E
1771338092.307,unsolicited,448,7,1272,C0|07|08|00|00|00|0E
1771338092.308,unsolicited,448,7,1272,C0|07|08|00|00|00|0E
1771338092.308,unsolicited,448,7,1272,C0|07|08|00|00|00|0E
1771338092.342,unsolicited,448,7,1272,C0|07|08|00|00|00|0E
1771338093.417,unsolicited,448,7,1272,C0|07|08|00|00|00|0E
1771338093.857,unsolicited,448,7,1272,C0|07|08|00|00|00|0E
1771338093.923,unsolicited,448,7,1272,C0|07|08|00|00|00|0E
1771338093.958,unsolicited,448,7,1272,C0|07|08|00|00|00|0E
1771338093.959,unsolicited,448,7,1272,C0|07|08|00|00|00|0E
1771338093.959,unsolicited,448,7,1272,C0|07|08|00|00|00|0E
1771338093.992,unsolicited,448,7,1272,C0|07|08|00|00|00|0E
1771338094.025,unsolicited,448,7,1272,C0|07|08|00|00|00|0E
1771338094.028,unsolicited,448,7,1272,C0|07|08|00|00|00|0E
1771338095.103,unsolicited,448,7,1272,C0|07|08|00|00|00|0E
1771338095.136,unsolicited,448,7,1272,C0|07|08|00|00|00|0E
1771338096.378,unsolicited,448,7,1272,C0|07|08|00|00|00|0E
1771338096.379,unsolicited,448,7,1272,C0|07|08|00|00|00|0E
1771338096.411,unsolicited,448,7,1272,C0|07|08|00|00|00|0E
1771338096.883,unsolicited,448,7,1272,C0|07|08|00|00|00|0E
1771338096.917,unsolicited,448,7,1272,C0|07|08|00|00|00|0E
1771338096.920,unsolicited,448,7,1272,C0|07|08|00|00|00|0E
1771338096.953,unsolicited,448,7,1272,C0|07|08|00|00|00|0E
1771338098.161,unsolicited,448,7,1272,C0|07|08|00|00|00|0E
1771338098.162,unsolicited,448,7,1272,C0|07|08|00|00|00|0E
1771338098.194,unsolicited,448,7,1272,C0|07|08|00|00|00|0E
1771338098.330,unsolicited,448,7,1272,C0|07|08|00|00|00|0E
1771338098.331,unsolicited,448,7,1272,C0|07|08|00|00|00|0E
1771338099.437,unsolicited,448,7,1272,C0|07|08|00|00|00|0E
1771338100.482,unsolicited,448,7,1272,C0|07|08|00|00|00|0E
1771338100.482,unsolicited,448,7,1272,C0|07|08|00|00|00|0E
1771338100.516,unsolicited,448,7,1272,C0|07|08|00|00|00|0E
1771338101.018,unsolicited,448,7,1272,C0|07|08|00|00|00|0E
1771338101.018,unsolicited,448,7,1272,C0|07|08|00|00|00|0E
1771338101.051,unsolicited,448,7,1272,C0|07|08|00|00|00|0E
1771338101.052,unsolicited,448,7,1272,C0|07|08|00|00|00|0E
1771338102.630,unsolicited,384,6,1272,C0|06|08|00|00|00|0D
1771338102.665,unsolicited,384,6,1272,C0|06|08|00|00|00|0D
1771338102.731,unsolicited,384,6,1272,C0|06|08|00|00|00|0D
1771338102.764,unsolicited,384,6,1272,C0|06|08|00|00|00|0D
1771338102.868,unsolicited,384,6,1272,C0|06|08|00|00|00|0D
1771338102.898,unsolicited,384,6,1272,C0|06|08|00|00|00|0D
1771338104.248,unsolicited,384,6,1272,C0|06|08|00|00|00|0D
1771338105.720,unsolicited,384,6,1272,C0|06|08|00|00|00|0D
1771338105.788,unsolicited,384,6,1272,C0|06|08|00|00|00|0D
1771338105.789,unsolicited,384,6,1272,C0|06|08|00|00|00|0D
1771338106.968,unsolicited,384,6,1272,C0|06|08|00|00|00|0D
1771338107.034,unsolicited,384,6,1272,C0|06|08|00|00|00|0D
1771338107.069,unsolicited,384,6,1272,C0|06|08|00|00|00|0D
1771338108.179,unsolicited,0,0,1272,C0|00|08|00|00|00|07
1771338108.246,unsolicited,0,0,1272,C0|00|08|00|00|00|07
1771338109.391,unsolicited,0,0,1272,C0|00|08|00|00|00|07
1771338109.392,unsolicited,0,0,1272,C0|00|08|00|00|00|07
1771338109.392,unsolicited,0,0,1272,C0|00|08|00|00|00|07
1771338109.425,unsolicited,0,0,1272,C0|00|08|00|00|00|07
1771338109.426,unsolicited,0,0,1272,C0|00|08|00|00|00|07
1771338109.929,unsolicited,0,0,1272,C0|00|08|00|00|00|07
1771338109.931,unsolicited,0,0,1272,C0|00|08|00|00|00|07
1771338109.963,unsolicited,0,0,1272,C0|00|08|00|00|00|07
1771338110.468,unsolicited,0,0,1272,C0|00|08|00|00|00|07
1771338110.468,unsolicited,0,0,1272,C0|00|08|00|00|00|07
1771338111.815,unsolicited,0,0,1272,C0|00|08|00|00|00|07
1771338111.816,unsolicited,0,0,1272,C0|00|08|00|00|00|07
1771338111.849,unsolicited,0,0,1272,C0|00|08|00|00|00|07
1771338111.850,unsolicited,0,0,1272,C0|00|08|00|00|00|07
1771338111.850,unsolicited,0,0,1272,C0|00|08|00|00|00|07
1771338112.388,unsolicited,0,0,1272,C0|00|08|00|00|00|07
1771338112.825,unsolicited,0,0,1272,C0|00|08|00|00|00|07
1771338113.935,unsolicited,0,0,1272,C0|00|08|00|00|00|07
1771338113.936,unsolicited,0,0,1272,C0|00|08|00|00|00|07
1771338113.936,unsolicited,0,0,1272,C0|00|08|00|00|00|07
1771338114.305,unsolicited,0,0,1272,C0|00|08|00|00|00|07
1771338114.340,unsolicited,0,0,1272,C0|00|08|00|00|00|07
1771338114.748,unsolicited,0,0,1272,C0|00|08|00|00|00|07
1771338114.750,unsolicited,0,0,1272,C0|00|08|00|00|00|07
1771338114.750,unsolicited,0,0,1272,C0|00|08|00|00|00|07
1771338114.781,unsolicited,0,0,1272,C0|00|08|00|00|00|07
1771338114.782,unsolicited,0,0,1272,C0|00|08|00|00|00|07
1771338114.783,unsolicited,0,0,1272,C0|00|08|00|00|00|07
1771338114.815,unsolicited,0,0,1272,C0|00|08|00|00|00|07
1771338114.816,unsolicited,0,0,1272,C0|00|08|00|00|00|07
1771338114.817,unsolicited,0,0,1272,C0|00|08|00|00|00|07
1771338116.257,unsolicited,0,0,1272,C0|00|08|00|00|00|07
1771338117.529,unsolicited,0,0,1272,C0|00|08|00|00|00|07
1771338120.459,unsolicited,0,0,1272,C0|00|08|00|00|00|07
1771338121.029,unsolicited,0,0,1272,C0|00|08|00|00|00|07
1771338121.030,unsolicited,0,0,1272,C0|00|08|00|00|00|07
1771338121.031,unsolicited,0,0,1272,C0|00|08|00|00|00|07
1771338122.104,unsolicited,0,0,1272,C0|00|08|00|00|00|07
1771338122.137,unsolicited,0,0,1272,C0|00|08|00|00|00|07
1771338122.137,unsolicited,0,0,1272,C0|00|08|00|00|00|07
1771338122.843,unsolicited,0,0,1272,C0|00|08|00|00|00|07
1771338122.844,unsolicited,0,0,1272,C0|00|08|00|00|00|07
1771338122.845,unsolicited,0,0,1272,C0|00|08|00|00|00|07
1771338123.856,unsolicited,0,0,1272,C0|00|08|00|00|00|07
1771338123.887,unsolicited,0,0,1272,C0|00|08|00|00|00|07
1771338123.955,unsolicited,0,0,1272,C0|00|08|00|00|00|07
1771338123.988,unsolicited,0,0,1272,C0|00|08|00|00|00|07
1771338124.423,unsolicited,0,0,1272,C0|00|08|00|00|00|07
1771338124.424,unsolicited,0,0,1272,C0|00|08|00|00|00|07
1771338124.424,unsolicited,0,0,1272,C0|00|08|00|00|00|07
1771338124.860,unsolicited,0,0,1272,C0|00|08|00|00|00|07
1771338124.892,unsolicited,0,0,1272,C0|00|08|00|00|00|07
1771338126.713,unsolicited,0,0,1272,C0|00|08|00|00|00|07
1771338126.747,unsolicited,0,0,1272,C0|00|08|00|00|00|07
1771338127.890,unsolicited,0,0,1272,C0|00|08|00|00|00|07
1771338128.533,unsolicited,0,0,1272,C0|00|08|00|00|00|07
1771338128.567,unsolicited,0,0,1272,C0|00|08|00|00|00|07
1771338128.568,unsolicited,0,0,1272,C0|00|08|00|00|00|07
1771338133.268,unsolicited,0,0,1272,C0|00|08|00|00|00|07
1771338133.741,unsolicited,0,0,1272,C0|00|08|00|00|00|07
1771338133.742,unsolicited,0,0,1272,C0|00|08|00|00|00|07
1771338133.775,unsolicited,0,0,1272,C0|00|08|00|00|00|07
1771338135.250,unsolicited,0,0,1272,C0|00|08|00|00|00|07
1771338135.250,unsolicited,0,0,1272,C0|00|08|00|00|00|07
1771338135.281,unsolicited,0,0,1272,C0|00|08|00|00|00|07
1771338135.285,unsolicited,0,0,1272,C0|00|08|00|00|00|07
1771338135.382,unsolicited,0,0,1272,C0|00|08|00|00|00|07
1771338136.525,unsolicited,0,0,1272,C0|00|08|00|00|00|07
1771338136.559,unsolicited,0,0,1272,C0|00|08|00|00|00|07
1771338136.559,unsolicited,0,0,1272,C0|00|08|00|00|00|07
1771338136.560,unsolicited,0,0,1272,C0|00|08|00|00|00|07
1771338136.592,unsolicited,0,0,1272,C0|00|08|00|00|00|07
1771338136.897,unsolicited,0,0,1272,C0|00|08|00|00|00|07
1771338137.263,unsolicited,0,0,1272,C0|00|08|00|00|00|07
1771338137.264,unsolicited,0,0,1272,C0|00|08|00|00|00|07
1771338137.298,unsolicited,0,0,1272,C0|00|08|00|00|00|07
1771338137.331,unsolicited,0,0,1272,C0|00|08|00|00|00|07
1771338137.901,unsolicited,0,0,1272,C0|00|08|00|00|00|07
1771338137.902,unsolicited,0,0,1272,C0|00|08|00|00|00|07
1771338137.935,unsolicited,0,0,1272,C0|00|08|00|00|00|07
1771338137.936,unsolicited,0,0,1272,C0|00|08|00|00|00|07
1771338137.969,unsolicited,0,0,1272,C0|00|08|00|00|00|07
1771338138.544,unsolicited,0,0,1272,C0|00|08|00|00|00|07
1771338138.678,unsolicited,0,0,1272,C0|00|08|00|00|00|07
1771338138.679,unsolicited,0,0,1272,C0|00|08|00|00|00|07
1771338138.747,unsolicited,0,0,1272,C0|00|08|00|00|00|07
1771338139.824,unsolicited,0,0,1272,C0|00|08|00|00|00|07
1771338139.825,unsolicited,0,0,1272,C0|00|08|00|00|00|07
1771338139.857,unsolicited,0,0,1272,C0|00|08|00|00|00|07
1771338140.296,unsolicited,0,0,1272,C0|00|08|00|00|00|07
1771338141.236,unsolicited,0,0,1272,C0|00|08|00|00|00|07
1771338141.270,unsolicited,0,0,1272,C0|00|08|00|00|00|07
1771338141.304,unsolicited,0,0,1272,C0|00|08|00|00|00|07
1771338142.076,unsolicited,0,0,1272,C0|00|08|00|00|00|07
1771338142.179,unsolicited,0,0,1272,C0|00|08|00|00|00|07
1771338142.179,unsolicited,0,0,1272,C0|00|08|00|00|00|07
1771338143.454,unsolicited,0,0,1272,C0|00|08|00|00|00|07
1771338143.455,unsolicited,0,0,1272,C0|00|08|00|00|00|07
1771338143.921,unsolicited,0,0,1272,C0|00|08|00|00|00|07
1771338144.422,unsolicited,0,0,1272,C0|00|08|00|00|00|07
1771338144.790,unsolicited,0,0,1272,C0|00|08|00|00|00|07
1771338144.825,unsolicited,0,0,1272,C0|00|08|00|00|00|07
1771338144.859,unsolicited,0,0,1272,C0|00|08|00|00|00|07
1771338145.293,unsolicited,0,0,1272,C0|00|08|00|00|00|07
1771338145.294,unsolicited,0,0,1272,C0|00|08|00|00|00|07
1771338145.563,unsolicited,0,0,1272,C0|00|08|00|00|00|07
1771338145.597,unsolicited,0,0,1272,C0|00|08|00|00|00|07
1771338145.663,unsolicited,0,0,1272,C0|00|08|00|00|00|07
1771338145.665,unsolicited,0,0,1272,C0|00|08|00|00|00|07
1771338145.763,unsolicited,0,0,1272,C0|00|08|00|00|00|07
1771338145.764,unsolicited,0,0,1272,C0|00|08|00|00|00|07
1771338146.670,unsolicited,0,0,1272,C0|00|08|00|00|00|07
1771338146.671,unsolicited,0,0,1272,C0|00|08|00|00|00|07
1771338146.672,unsolicited,0,0,1272,C0|00|08|00|00|00|07
1771338146.703,unsolicited,0,0,1272,C0|00|08|00|00|00|07
1771338146.704,unsolicited,0,0,1272,C0|00|08|00|00|00|07
1771338146.704,unsolicited,0,0,1272,C0|00|08|00|00|00|07
1771338147.941,unsolicited,0,0,1272,C0|00|08|00|00|00|07
1771338147.942,unsolicited,0,0,1272,C0|00|08|00|00|00|07
1771338147.974,unsolicited,0,0,1272,C0|00|08|00|00|00|07
1771338148.848,unsolicited,0,0,1272,C0|00|08|00|00|00|07
1771338148.917,unsolicited,0,0,1272,C0|00|08|00|00|00|07
1771338148.950,unsolicited,0,0,1272,C0|00|08|00|00|00|07
1771338148.950,unsolicited,0,0,1272,C0|00|08|00|00|00|07
1771338148.951,unsolicited,0,0,1272,C0|00|08|00|00|00|07
1771338151.006,unsolicited,0,0,1272,C0|00|08|00|00|00|07
1771338151.039,unsolicited,0,0,1272,C0|00|08|00|00|00|07
1771338151.040,unsolicited,0,0,1272,C0|00|08|00|00|00|07
1771338151.072,unsolicited,0,0,1272,C0|00|08|00|00|00|07
1771338151.574,unsolicited,0,0,1272,C0|00|08|00|00|00|07
1771338151.576,unsolicited,0,0,1272,C0|00|08|00|00|00|07
1771338151.607,unsolicited,0,0,1272,C0|00|08|00|00|00|07
1771338152.079,unsolicited,0,0,1272,C0|00|08|00|00|00|07
1771338152.079,unsolicited,0,0,1272,C0|00|08|00|00|00|07
1771338152.412,unsolicited,0,0,1272,C0|00|08|00|00|00|07
1771338152.883,unsolicited,0,0,1272,C0|00|08|00|00|00|07
1771338153.117,unsolicited,0,0,1272,C0|00|08|00|00|00|07
1771338154.161,unsolicited,0,0,1272,C0|00|08|00|00|00|07
1771338155.137,unsolicited,0,0,1272,C0|00|08|00|00|00|07
1771338155.170,unsolicited,0,0,1272,C0|00|08|00|00|00|07
1771338155.170,unsolicited,0,0,1272,C0|00|08|00|00|00|07
1771338156.117,unsolicited,0,0,1272,C0|00|08|00|00|00|07
1771338156.152,unsolicited,0,0,1272,C0|00|08|00|00|00|07
1771338156.186,unsolicited,0,0,1272,C0|00|08|00|00|00|07
1771338157.564,unsolicited,0,0,1272,C0|00|08|00|00|00|07
1771338157.564,unsolicited,0,0,1272,C0|00|08|00|00|00|07
1771338158.071,unsolicited,0,0,1272,C0|00|08|00|00|00|07
1771338158.675,unsolicited,0,0,1272,C0|00|08|00|00|00|07
1771338158.676,unsolicited,0,0,1272,C0|00|08|00|00|00|07
1771338159.522,unsolicited,0,0,1272,C8|00|08|07|00|00|16
1771338160.259,unsolicited,0,0,1272,C8|00|08|00|00|00|0F
1771338160.356,unsolicited,0,0,1272,C8|00|08|00|00|00|0F
1771338160.390,unsolicited,0,0,1272,C8|00|08|00|00|00|0F
1771338160.423,unsolicited,0,0,1272,C8|00|08|00|00|00|0F
1771338162.748,unsolicited,0,0,1272,C8|00|08|00|00|00|0F
1771338162.849,unsolicited,0,0,1272,C0|00|08|00|00|00|07
1771338162.883,unsolicited,0,0,1272,C0|00|08|00|00|00|07
1771338163.085,unsolicited,0,0,1272,C0|00|08|00|00|00|07
1771338163.085,unsolicited,0,0,1272,C0|00|08|00|00|00|07
1771338163.086,unsolicited,0,0,1272,C0|00|08|00|00|00|07
1771338163.117,unsolicited,0,0,1272,C0|00|08|00|00|00|07
1771338163.118,unsolicited,0,0,1272,C0|00|08|00|00|00|07
1771338163.151,unsolicited,0,0,1272,C0|00|08|00|00|00|07
1771338163.826,unsolicited,0,0,1272,C0|00|08|00|00|00|07
1771338164.297,unsolicited,0,0,1272,C0|00|08|00|00|00|07
1771338164.901,unsolicited,0,0,1272,C0|00|08|00|00|00|07
1771338164.901,unsolicited,0,0,1272,C0|00|08|00|00|00|07
1771338164.902,unsolicited,0,0,1272,C0|00|08|00|00|00|07
1771338164.902,unsolicited,0,0,1272,C0|00|08|00|00|00|07
1771338164.934,unsolicited,0,0,1272,C0|00|08|00|00|00|07
1771338165.975,unsolicited,0,0,1272,C0|00|08|00|00|00|07
1771338166.378,unsolicited,0,0,1272,C0|00|08|00|00|00|07
1771338166.678,unsolicited,0,0,1272,C0|00|08|00|00|00|07
1771338166.745,unsolicited,0,0,1272,C0|00|08|00|00|00|07
1771338167.181,unsolicited,0,0,1272,C0|00|08|00|00|00|07
1771338167.215,unsolicited,0,0,1272,C0|00|08|00|00|00|07
1771338167.215,unsolicited,0,0,1272,C0|00|08|00|00|00|07
1771338167.216,unsolicited,0,0,1272,C0|00|08|00|00|00|07
1771338167.687,unsolicited,0,0,1272,C0|00|08|00|00|00|07
1771338167.719,unsolicited,0,0,1272,C0|00|08|00|00|00|07
1771338167.722,unsolicited,0,0,1272,C0|00|08|00|00|00|07
1771338167.754,unsolicited,0,0,1272,C0|00|08|00|00|00|07
1771338169.138,unsolicited,0,0,1272,C0|00|08|00|00|00|07
1771338169.204,unsolicited,0,0,1272,C0|00|08|00|00|00|07
1771338169.205,unsolicited,0,0,1272,C0|00|08|00|00|00|07
1771338169.238,unsolicited,0,0,1272,C0|00|08|00|00|00|07
1771338169.239,unsolicited,0,0,1272,C0|00|08|00|00|00|07
1771338169.240,unsolicited,0,0,1272,C0|00|08|00|00|00|07
1771338169.271,unsolicited,0,0,1272,C0|00|08|00|00|00|07
1771338169.305,unsolicited,0,0,1272,C0|00|08|00|00|00|07
1771338169.306,unsolicited,0,0,1272,C0|00|08|00|00|00|07
1771338169.307,unsolicited,0,0,1272,C0|00|08|00|00|00|07
1771338169.374,unsolicited,0,0,1272,C0|00|08|00|00|00|07
1771338169.406,unsolicited,0,0,1272,C0|00|08|00|00|00|07
1771338171.220,unsolicited,0,0,1272,C0|00|08|00|00|00|07
1771338171.220,unsolicited,0,0,1272,C0|00|08|00|00|00|07
1771338171.421,unsolicited,0,0,1272,C0|00|08|00|00|00|07
1771338171.421,unsolicited,0,0,1272,C0|00|08|00|00|00|07
1771338172.264,unsolicited,0,0,1272,C0|00|08|00|00|00|07
1771338172.298,unsolicited,0,0,1272,C0|00|08|00|00|00|07
1771338172.333,unsolicited,0,0,1272,C0|00|08|00|00|00|07
1771338172.433,unsolicited,0,0,1272,C0|00|08|00|00|00|07
1771338172.434,unsolicited,0,0,1272,C0|00|08|00|00|00|07
1771338173.237,unsolicited,0,0,1272,C0|00|08|00|00|00|07
1771338173.237,unsolicited,0,0,1272,C0|00|08|00|00|00|07
1771338173.270,unsolicited,0,0,1272,C0|00|08|00|00|00|07
1771338173.271,unsolicited,0,0,1272,C0|00|08|00|00|00|07
1771338173.272,unsolicited,0,0,1272,C0|00|08|00|00|00|07
1771338173.305,unsolicited,0,0,1272,C0|00|08|00|00|00|07
1771338173.336,unsolicited,0,0,1272,C0|00|08|00|00|00|07
1771338173.405,unsolicited,0,0,1272,C0|00|08|00|00|00|07
1771338175.051,unsolicited,0,0,1272,C0|00|08|00|00|00|07
1771338175.085,unsolicited,0,0,1272,C0|00|08|00|00|00|07
1771338175.151,unsolicited,0,0,1272,C0|00|08|00|00|00|07
1771338175.217,unsolicited,0,0,1272,C0|00|08|00|00|00|07
1771338175.287,unsolicited,0,0,1272,C0|00|08|00|00|00|07
1771338178.280,unsolicited,512,8,1272,C0|08|08|00|00|00|0F
1771338178.448,unsolicited,512,8,1272,C0|08|08|00|00|00|0F
1771338179.025,unsolicited,0,0,1272,C0|00|08|00|00|00|07
1771338180.800,unsolicited,0,0,1272,C0|00|08|00|00|00|07
1771338180.802,unsolicited,0,0,1272,C0|00|08|00|00|00|07
1771338180.835,unsolicited,0,0,1272,C0|00|08|00|00|00|07
1771338181.504,unsolicited,0,0,1272,C0|00|08|00|00|00|07
1771338181.505,unsolicited,0,0,1272,C0|00|08|00|00|00|07
1771338181.538,unsolicited,0,0,1272,C0|00|08|00|00|00|07
1771338181.539,unsolicited,0,0,1272,C0|00|08|00|00|00|07
1771338182.077,unsolicited,0,0,1272,C0|00|08|00|00|00|07
1771338183.487,unsolicited,0,0,1272,C0|00|08|00|00|00|07
1771338183.925,unsolicited,0,0,1272,C0|00|08|00|00|00|07
1771338184.325,unsolicited,0,0,1272,C0|00|08|00|00|00|07
1771338186.068,unsolicited,0,0,1272,C0|00|08|00|00|00|07
1771338186.101,unsolicited,0,0,1272,C0|00|08|00|00|00|07
1771338186.134,unsolicited,0,0,1272,C0|00|08|00|00|00|07
1771338186.168,unsolicited,0,0,1272,C0|00|08|00|00|00|07
1771338188.121,unsolicited,0,0,1272,C0|00|08|00|00|00|07
1771338188.191,unsolicited,0,0,1272,C0|00|08|00|00|00|07
1771338188.224,unsolicited,0,0,1272,C0|00|08|00|00|00|07
1771338188.224,unsolicited,0,0,1272,C0|00|08|00|00|00|07
1771338188.257,unsolicited,0,0,1272,C0|00|08|00|00|00|07
1771338188.290,unsolicited,0,0,1272,C0|00|08|00|00|00|07
1771338189.945,unsolicited,0,0,1272,C0|00|08|00|00|00|07
1771338193.671,unsolicited,0,0,1272,C0|00|08|00|00|00|07
1771338194.142,unsolicited,0,0,1272,C0|00|08|00|00|00|07
1771338194.177,unsolicited,0,0,1272,C0|00|08|00|00|00|07
1771338194.177,unsolicited,0,0,1272,C0|00|08|00|00|00|07
1771338194.210,unsolicited,0,0,1272,C0|00|08|00|00|00|07
1771338194.211,unsolicited,0,0,1272,C0|00|08|00|00|00|07
1771338194.245,unsolicited,0,0,1272,C0|00|08|00|00|00|07
1771338195.621,unsolicited,0,0,1272,C0|00|08|00|00|00|07
1771338195.653,unsolicited,0,0,1272,C0|00|08|00|00|00|07
1771338196.530,unsolicited,0,0,1272,C0|00|08|00|00|00|07
1771338197.737,unsolicited,0,0,1272,C0|00|08|00|00|00|07
1771338197.907,unsolicited,0,0,1272,C0|00|08|00|00|00|07
1771338197.941,unsolicited,0,0,1272,C0|00|08|00|00|00|07
1771338200.265,unsolicited,0,0,1272,C0|00|08|00|00|00|07
1771338200.297,unsolicited,0,0,1272,C0|00|08|00|00|00|07
1771338200.297,unsolicited,0,0,1272,C0|00|08|00|00|00|07
1771338200.902,unsolicited,0,0,1272,C0|00|08|00|00|00|07
1771338202.679,unsolicited,0,0,1272,C0|00|08|00|00|00|07
1771338203.454,unsolicited,0,0,1272,C0|00|08|00|00|00|07
1771338203.656,unsolicited,0,0,1272,C0|00|08|00|00|00|07
1771338203.690,unsolicited,0,0,1272,C0|00|08|00|00|00|07
1771338203.691,unsolicited,0,0,1272,C0|00|08|00|00|00|07
1771338203.724,unsolicited,0,0,1272,C0|00|08|00|00|00|07
1771338203.725,unsolicited,0,0,1272,C0|00|08|00|00|00|07
1771338206.816,unsolicited,0,0,1272,C0|00|08|00|00|00|07
1771338206.849,unsolicited,0,0,1272,C0|00|08|00|00|00|07
1771338207.386,unsolicited,0,0,1272,C0|00|08|00|00|00|07
1771338207.387,unsolicited,0,0,1272,C0|00|08|00|00|00|07
1771338207.422,unsolicited,0,0,1272,C0|00|08|00|00|00|07
1771338207.725,unsolicited,0,0,1272,C0|00|08|00|00|00|07
1771338207.758,unsolicited,0,0,1272,C0|00|08|00|00|00|07
1771338207.960,unsolicited,0,0,1272,C0|00|08|00|00|00|07
1771338209.342,unsolicited,0,0,1272,C0|00|08|00|00|00|07
1771338210.553,unsolicited,0,0,1272,C0|00|08|00|00|00|07
1771338210.824,unsolicited,0,0,1272,C0|00|08|00|00|00|07
1771338211.261,unsolicited,0,0,1272,C0|00|08|00|00|00|07
1771338211.295,unsolicited,0,0,1272,C0|00|08|00|00|00|07
1771338211.296,unsolicited,0,0,1272,C0|00|08|00|00|00|07
1771338211.328,unsolicited,0,0,1272,C0|00|08|00|00|00|07
1771338211.329,unsolicited,0,0,1272,C0|00|08|00|00|00|07
1771338213.105,unsolicited,0,0,1272,C0|00|08|00|00|00|07
1771338214.151,unsolicited,0,0,1272,C0|00|08|00|00|00|07
1771338214.151,unsolicited,0,0,1272,C0|00|08|00|00|00|07
1771338214.184,unsolicited,0,0,1272,C0|00|08|00|00|00|07
1771338214.486,unsolicited,0,0,1272,C0|00|08|00|00|00|07
1771338214.487,unsolicited,0,0,1272,C0|00|08|00|00|00|07
1771338214.487,unsolicited,0,0,1272,C0|00|08|00|00|00|07
1771338214.519,unsolicited,0,0,1272,C0|00|08|00|00|00|07
1771338214.520,unsolicited,0,0,1272,C0|00|08|00|00|00|07
1771338214.553,unsolicited,0,0,1272,C0|00|08|00|00|00|07
1771338215.258,unsolicited,0,0,1272,C0|00|08|00|00|00|07
1771338215.325,unsolicited,0,0,1272,C0|00|08|00|00|00|07
1771338216.772,unsolicited,0,0,1272,C0|00|08|00|00|00|07
1771338216.773,unsolicited,0,0,1272,C0|00|08|00|00|00|07
1771338216.805,unsolicited,0,0,1272,C0|00|08|00|00|00|07
1771338217.141,unsolicited,0,0,1272,C0|00|08|00|00|00|07
1771338217.174,unsolicited,0,0,1272,C0|00|08|00|00|00|07
1771338218.318,unsolicited,0,0,1272,C0|00|08|00|00|00|07
1771338220.704,unsolicited,0,0,1272,C0|00|08|00|00|00|07
1771338220.738,unsolicited,0,0,1272,C0|00|08|00|00|00|07
1771338221.614,unsolicited,0,0,1272,C0|00|08|00|00|00|07
1771338222.155,unsolicited,0,0,1272,C0|00|08|00|00|00|07
1771338222.527,unsolicited,0,0,1272,C0|00|08|00|00|00|07
1771338222.561,unsolicited,0,0,1272,C0|00|08|00|00|00|07
1771338223.234,unsolicited,0,0,1272,C0|00|08|00|00|00|07
1771338224.406,unsolicited,0,0,1272,C0|00|08|00|00|00|07
1771338224.407,unsolicited,0,0,1272,C0|00|08|00|00|00|07
1771338225.351,unsolicited,0,0,1272,C0|00|08|00|00|00|07
1771338225.385,unsolicited,0,0,1272,C0|00|08|00|00|00|07
1771338225.654,unsolicited,0,0,1272,C0|00|08|00|00|00|07
1771338225.687,unsolicited,0,0,1272,C0|00|08|00|00|00|07
1771338225.688,unsolicited,0,0,1272,C0|00|08|00|00|00|07
1771338226.330,unsolicited,0,0,1272,C0|00|08|00|00|00|07
1771338226.331,unsolicited,0,0,1272,C0|00|08|00|00|00|07
1771338227.140,unsolicited,0,0,1272,C0|00|08|00|00|00|07
1771338227.207,unsolicited,0,0,1272,C0|00|08|00|00|00|07
1771338227.676,unsolicited,0,0,1272,C0|00|08|00|00|00|07
1771338227.711,unsolicited,0,0,1272,C0|00|08|00|00|00|07
1771338227.944,unsolicited,0,0,1272,C0|00|08|00|00|00|07
1771338228.446,unsolicited,0,0,1272,C0|00|08|00|00|00|07
1771338228.481,unsolicited,0,0,1272,C0|00|08|00|00|00|07
1771338228.482,unsolicited,0,0,1272,C0|00|08|00|00|00|07
1771338228.482,unsolicited,0,0,1272,C0|00|08|00|00|00|07
1771338229.324,unsolicited,0,0,1272,C0|00|08|00|00|00|07
1771338229.356,unsolicited,0,0,1272,C0|00|08|00|00|00|07
1771338229.357,unsolicited,0,0,1272,C0|00|08|00|00|00|07
1771338229.357,unsolicited,0,0,1272,C0|00|08|00|00|00|07
1771338229.929,unsolicited,0,0,1272,C0|00|08|00|00|00|07
1771338230.398,unsolicited,0,0,1272,C0|00|08|00|00|00|07
1771338230.399,unsolicited,0,0,1272,C0|00|08|00|00|00|07
1771338230.399,unsolicited,0,0,1272,C0|00|08|00|00|00|07
1771338231.207,unsolicited,0,0,1272,C0|00|08|00|00|00|07
1771338231.208,unsolicited,0,0,1272,C0|00|08|00|00|00|07
1771338231.240,unsolicited,0,0,1272,C0|00|08|00|00|00|07
1771338231.274,unsolicited,0,0,1272,C0|00|08|00|00|00|07
1771338231.306,unsolicited,0,0,1272,C0|00|08|00|00|00|07
1771338231.307,unsolicited,0,0,1272,C0|00|08|00|00|00|07
1771338231.307,unsolicited,0,0,1272,C0|00|08|00|00|00|07
1771338233.256,unsolicited,0,0,1272,C0|00|08|00|00|00|07
1771338233.291,unsolicited,0,0,1272,C0|00|08|00|00|00|07
1771338233.292,unsolicited,0,0,1272,C0|00|08|00|00|00|07
1771338233.325,unsolicited,0,0,1272,C0|00|08|00|00|00|07
1771338233.325,unsolicited,0,0,1272,C0|00|08|00|00|00|07
1771338233.934,unsolicited,0,0,1272,C0|00|08|00|00|00|07
1771338233.967,unsolicited,0,0,1272,C0|00|08|00|00|00|07
1771338233.969,unsolicited,0,0,1272,C0|00|08|00|00|00|07
1771338233.969,unsolicited,0,0,1272,C0|00|08|00|00|00|07
1771338234.002,unsolicited,0,0,1272,C0|00|08|00|00|00|07
1771338234.103,unsolicited,0,0,1272,C0|00|08|00|00|00|07
1771338234.136,unsolicited,0,0,1272,C0|00|08|00|00|00|07
1771338234.137,unsolicited,0,0,1272,C0|00|08|00|00|00|07
1771338235.416,unsolicited,0,0,1272,C8|00|08|07|00|00|16
1771338235.448,unsolicited,0,0,1272,C8|00|08|07|00|00|16
1771338235.551,unsolicited,512,8,1272,C8|08|08|06|00|00|1D
1771338236.428,unsolicited,512,8,1272,C8|08|08|00|00|00|17
1771338236.460,unsolicited,512,8,1272,C8|08|08|00|00|00|17
1771338236.461,unsolicited,512,8,1272,C8|08|08|00|00|00|17
1771338236.560,unsolicited,512,8,1272,C8|08|08|00|00|00|17
1771338237.134,unsolicited,512,8,1272,C8|08|08|00|00|00|17
1771338237.404,unsolicited,512,8,1272,C8|08|08|00|00|00|17
1771338237.439,unsolicited,512,8,1272,C8|08|08|00|00|00|17
1771338237.472,unsolicited,512,8,1272,C8|08|08|00|00|00|17
1771338237.775,unsolicited,512,8,1272,C8|08|08|00|00|00|17
1771338237.775,unsolicited,512,8,1272,C8|08|08|00|00|00|17
1771338237.808,unsolicited,512,8,1272,C8|08|08|00|00|00|17
1771338238.214,unsolicited,512,8,1272,C8|08|08|00|00|00|17
1771338238.245,unsolicited,512,8,1272,C8|08|08|00|00|00|17
1771338238.312,unsolicited,512,8,1272,C8|08|08|00|00|00|17
1771338241.468,unsolicited,512,8,1272,C0|08|08|00|00|00|0F
1771338241.503,unsolicited,512,8,1272,C0|08|08|00|00|00|0F
1771338241.536,unsolicited,512,8,1272,C0|08|08|00|00|00|0F
1771338241.536,unsolicited,512,8,1272,C0|08|08|00|00|00|0F
1771338241.537,unsolicited,512,8,1272,C0|08|08|00|00|00|0F
1771338241.537,unsolicited,512,8,1272,C0|08|08|00|00|00|0F
1771338241.639,unsolicited,512,8,1272,C0|08|08|00|00|00|0F
1771338242.511,unsolicited,512,8,1272,C0|08|08|00|00|00|0F
1771338242.511,unsolicited,512,8,1272,C0|08|08|00|00|00|0F
1771338242.544,unsolicited,512,8,1272,C0|08|08|00|00|00|0F
1771338242.544,unsolicited,512,8,1272,C0|08|08|00|00|00|0F
1771338242.545,unsolicited,512,8,1272,C0|08|08|00|00|00|0F
1771338243.947,unsolicited,512,8,1272,C0|08|08|00|00|00|0F
1771338243.979,unsolicited,512,8,1272,C0|08|08|00|00|00|0F
1771338244.955,unsolicited,512,8,1272,C0|08|08|00|00|00|0F
1771338245.895,unsolicited,512,8,1272,C0|08|08|00|00|00|0F
1771338246.029,unsolicited,512,8,1272,C0|08|08|00|00|00|0F
1771338246.030,unsolicited,512,8,1272,C0|08|08|00|00|00|0F
1771338246.030,unsolicited,512,8,1272,C0|08|08|00|00|00|0F
1771338247.209,unsolicited,512,8,1272,C0|08|08|00|00|00|0F
1771338247.242,unsolicited,512,8,1272,C0|08|08|00|00|00|0F
1771338248.247,unsolicited,512,8,1272,C0|08|08|00|00|00|0F
1771338248.248,unsolicited,512,8,1272,C0|08|08|00|00|00|0F
1771338248.281,unsolicited,512,8,1272,C0|08|08|00|00|00|0F
1771338248.719,unsolicited,512,8,1272,C0|08|08|00|00|00|0F
1771338248.751,unsolicited,512,8,1272,C0|08|08|00|00|00|0F
1771338249.158,unsolicited,512,8,1272,C0|08|08|00|00|00|0F
1771338250.401,unsolicited,512,8,1272,C0|08|08|00|00|00|0F
1771338250.401,unsolicited,512,8,1272,C0|08|08|00|00|00|0F
1771338252.284,unsolicited,512,8,1272,C0|08|08|00|00|00|0F
1771338252.320,unsolicited,512,8,1272,C0|08|08|00|00|00|0F
1771338252.320,unsolicited,512,8,1272,C0|08|08|00|00|00|0F
1771338253.432,unsolicited,448,7,1272,C0|07|08|00|00|00|0E
1771338253.432,unsolicited,448,7,1272,C0|07|08|00|00|00|0E
1771338253.537,unsolicited,448,7,1272,C0|07|08|00|00|00|0E
1771338254.678,unsolicited,448,7,1272,C0|07|08|00|00|00|0E
1771338254.713,unsolicited,0,0,1272,C0|00|08|00|00|00|07
1771338254.746,unsolicited,0,0,1272,C0|00|08|00|00|00|07
1771338255.149,unsolicited,0,0,1272,C0|00|08|00|00|00|07
1771338256.858,unsolicited,0,0,1272,C0|00|08|00|00|00|07
1771338256.891,unsolicited,0,0,1272,C0|00|08|00|00|00|07
1771338261.268,unsolicited,0,0,1272,C0|00|08|00|00|00|07
1771338261.303,unsolicited,0,0,1272,C0|00|08|00|00|00|07
1771338261.335,unsolicited,0,0,1272,C0|00|08|00|00|00|07
1771338261.971,unsolicited,0,0,1272,C0|00|08|00|00|00|07
1771338261.973,unsolicited,0,0,1272,C0|00|08|00|00|00|07
1771338263.113,unsolicited,0,0,1272,C0|00|08|00|00|00|07
1771338263.114,unsolicited,0,0,1272,C0|00|08|00|00|00|07
1771338263.517,unsolicited,0,0,1272,C0|00|08|00|00|00|07
1771338263.518,unsolicited,0,0,1272,C0|00|08|00|00|00|07
1771338263.519,unsolicited,0,0,1272,C0|00|08|00|00|00|07
1771338263.519,unsolicited,0,0,1272,C0|00|08|00|00|00|07
1771338263.552,unsolicited,0,0,1272,C0|00|08|00|00|00|07
1771338265.034,unsolicited,0,0,1272,C0|00|08|00|00|00|07
1771338265.067,unsolicited,0,0,1272,C0|00|08|00|00|00|07
1771338266.077,unsolicited,0,0,1272,C0|00|08|00|00|00|07
1771338266.078,unsolicited,0,0,1272,C0|00|08|00|00|00|07
1771338266.109,unsolicited,0,0,1272,C0|00|08|00|00|00|07
1771338267.562,unsolicited,0,0,1272,C0|00|08|00|00|00|07
1771338267.562,unsolicited,0,0,1272,C0|00|08|00|00|00|07
1771338267.595,unsolicited,0,0,1272,C0|00|08|00|00|00|07
1771338267.596,unsolicited,0,0,1272,C0|00|08|00|00|00|07
1771338267.596,unsolicited,0,0,1272,C0|00|08|00|00|00|07
1771338267.597,unsolicited,0,0,1272,C0|00|08|00|00|00|07
1771338268.030,unsolicited,0,0,1272,C0|00|08|00|00|00|07
1771338268.031,unsolicited,0,0,1272,C0|00|08|00|00|00|07
1771338268.065,unsolicited,0,0,1272,C0|00|08|00|00|00|07
1771338268.097,unsolicited,0,0,1272,C0|00|08|00|00|00|07
1771338269.539,unsolicited,0,0,1272,C0|00|08|00|00|00|07
1771338269.573,unsolicited,0,0,1272,C0|00|08|00|00|00|07
1771338269.907,unsolicited,0,0,1272,C0|00|08|00|00|00|07
1771338270.075,unsolicited,0,0,1272,C0|00|08|00|00|00|07
1771338272.129,unsolicited,0,0,1272,C0|00|08|00|00|00|07
1771338272.935,unsolicited,0,0,1272,C0|00|08|00|00|00|07
1771338272.968,unsolicited,0,0,1272,C0|00|08|00|00|00|07
1771338272.969,unsolicited,0,0,1272,C0|00|08|00|00|00|07
1771338276.936,unsolicited,0,0,1272,C0|00|08|00|00|00|07
1771338276.969,unsolicited,0,0,1272,C0|00|08|00|00|00|07
1771338277.305,unsolicited,0,0,1272,C0|00|08|00|00|00|07
1771338277.712,unsolicited,0,0,1272,C0|00|08|00|00|00|07
1771338277.744,unsolicited,0,0,1272,C0|00|08|00|00|00|07
1771338277.745,unsolicited,0,0,1272,C0|00|08|00|00|00|07
1771338278.116,unsolicited,0,0,1272,C0|00|08|00|00|00|07
1771338278.117,unsolicited,0,0,1272,C0|00|08|00|00|00|07
1771338278.149,unsolicited,0,0,1272,C0|00|08|00|00|00|07
1771338278.450,unsolicited,0,0,1272,C0|00|08|00|00|00|07
1771338278.754,unsolicited,0,0,1272,C0|00|08|00|00|00|07
1771338278.755,unsolicited,0,0,1272,C0|00|08|00|00|00|07
1771338278.756,unsolicited,0,0,1272,C0|00|08|00|00|00|07
1771338279.327,unsolicited,0,0,1272,C0|00|08|00|00|00|07
1771338279.327,unsolicited,0,0,1272,C0|00|08|00|00|00|07
1771338279.427,unsolicited,0,0,1272,C0|00|08|00|00|00|07
1771338280.438,unsolicited,0,0,1272,C0|00|08|00|00|00|07
1771338280.438,unsolicited,0,0,1272,C0|00|08|00|00|00|07
1771338281.012,unsolicited,0,0,1272,C0|00|08|00|00|00|07
1771338281.012,unsolicited,0,0,1272,C0|00|08|00|00|00|07
1771338281.147,unsolicited,0,0,1272,C0|00|08|00|00|00|07
1771338283.101,unsolicited,0,0,1272,C0|00|08|00|00|00|07
1771338283.102,unsolicited,0,0,1272,C0|00|08|00|00|00|07
1771338284.993,unsolicited,0,0,1272,C0|00|08|00|00|00|07
1771338286.435,unsolicited,0,0,1272,C0|00|08|00|00|00|07
1771338286.467,unsolicited,0,0,1272,C0|00|08|00|00|00|07
1771338286.468,unsolicited,0,0,1272,C0|00|08|00|00|00|07
1771338286.469,unsolicited,0,0,1272,C0|00|08|00|00|00|07
1771338286.501,unsolicited,0,0,1272,C0|00|08|00|00|00|07
1771338286.939,unsolicited,0,0,1272,C0|00|08|00|00|00|07
1771338287.205,unsolicited,0,0,1272,C0|00|08|00|00|00|07
1771338287.206,unsolicited,0,0,1272,C0|00|08|00|00|00|07
1771338287.240,unsolicited,0,0,1272,C0|00|08|00|00|00|07
1771338289.801,unsolicited,0,0,1272,C0|00|08|00|00|00|07
1771338289.801,unsolicited,0,0,1272,C0|00|08|00|00|00|07
1771338289.834,unsolicited,0,0,1272,C0|00|08|00|00|00|07
1771338290.035,unsolicited,0,0,1272,C0|00|08|00|00|00|07
1771338290.169,unsolicited,0,0,1272,C0|00|08|00|00|00|07
1771338290.910,unsolicited,0,0,1272,C0|00|08|00|00|00|07
1771338290.943,unsolicited,0,0,1272,C0|00|08|00|00|00|07
1771338290.944,unsolicited,0,0,1272,C0|00|08|00|00|00|07
1771338291.384,unsolicited,0,0,1272,C0|00|08|00|00|00|07
1771338291.554,unsolicited,0,0,1272,C0|00|08|00|00|00|07
1771338291.588,unsolicited,0,0,1272,C0|00|08|00|00|00|07
1771338292.091,unsolicited,0,0,1272,C0|00|08|00|00|00|07
1771338292.259,unsolicited,0,0,1272,C0|00|08|00|00|00|07
1771338292.259,unsolicited,0,0,1272,C0|00|08|00|00|00|07
1771338292.562,unsolicited,0,0,1272,C0|00|08|00|00|00|07
1771338293.703,unsolicited,0,0,1272,C0|00|08|00|00|00|07
1771338293.736,unsolicited,0,0,1272,C0|00|08|00|00|00|07
1771338293.803,unsolicited,0,0,1272,C0|00|08|00|00|00|07
1771338293.836,unsolicited,0,0,1272,C0|00|08|00|00|00|07
1771338293.837,unsolicited,0,0,1272,C0|00|08|00|00|00|07
1771338293.904,unsolicited,0,0,1272,C0|00|08|00|00|00|07
1771338294.408,unsolicited,0,0,1272,C0|00|08|00|00|00|07
1771338294.743,unsolicited,0,0,1272,C0|00|08|00|00|00|07
1771338294.744,unsolicited,0,0,1272,C0|00|08|00|00|00|07
1771338294.745,unsolicited,0,0,1272,C0|00|08|00|00|00|07
1771338295.213,unsolicited,0,0,1272,C0|00|08|00|00|00|07
1771338295.214,unsolicited,0,0,1272,C0|00|08|00|00|00|07
1771338295.246,unsolicited,0,0,1272,C0|00|08|00|00|00|07
1771338295.246,unsolicited,0,0,1272,C0|00|08|00|00|00|07
1771338295.279,unsolicited,0,0,1272,C0|00|08|00|00|00|07
1771338297.127,unsolicited,0,0,1272,C0|00|08|00|00|00|07
1771338297.161,unsolicited,0,0,1272,C0|00|08|00|00|00|07
1771338297.194,unsolicited,0,0,1272,C0|00|08|00|00|00|07
1771338297.194,unsolicited,0,0,1272,C0|00|08|00|00|00|07
1771338298.472,unsolicited,0,0,1272,C0|00|08|00|00|00|07
1771338298.507,unsolicited,0,0,1272,C0|00|08|00|00|00|07
1771338298.843,unsolicited,0,0,1272,C0|00|08|00|00|00|07
1771338299.784,unsolicited,0,0,1272,C0|00|08|00|00|00|07
1771338299.818,unsolicited,0,0,1272,C0|00|08|00|00|00|07
1771338299.851,unsolicited,0,0,1272,C0|00|08|00|00|00|07
1771338299.852,unsolicited,0,0,1272,C0|00|08|00|00|00|07
1771338299.887,unsolicited,0,0,1272,C0|00|08|00|00|00|07
1771338300.428,unsolicited,0,0,1272,C0|00|08|00|00|00|07
1771338300.428,unsolicited,0,0,1272,C0|00|08|00|00|00|07
1771338300.797,unsolicited,0,0,1272,C0|00|08|00|00|00|07
1771338301.909,unsolicited,0,0,1272,C0|00|08|00|00|00|07
