timestamp,source,rpm_value,raw_byte,other_source_rpm,raw_frame
1771335827.819,unsolicited,0,0,,C0|00|08|00|00|00|07
1771335827.820,solicited,0,,0,
1771335827.820,unsolicited,0,0,0,C0|00|08|00|00|00|07
1771335827.821,unsolicited,0,0,0,C0|00|08|00|00|00|07
1771335827.821,unsolicited,0,0,0,C0|00|08|00|00|00|07
1771335827.822,unsolicited,0,0,0,C0|00|08|00|00|00|07
1771335830.160,unsolicited,0,0,0,C0|00|08|00|00|00|07
1771335830.193,solicited,0,,0,
1771335830.564,unsolicited,0,0,0,C0|00|08|00|00|00|07
1771335830.565,unsolicited,0,0,0,C0|00|08|00|00|00|07
1771335830.565,unsolicited,0,0,0,C0|00|08|00|00|00|07
1771335830.598,unsolicited,0,0,0,C0|00|08|00|00|00|07
1771335830.598,unsolicited,0,0,0,C0|00|08|00|00|00|07
1771335830.732,solicited,0,,0,
1771335830.732,unsolicited,0,0,0,C0|00|08|00|00|00|07
1771335830.934,unsolicited,0,0,0,C0|00|08|00|00|00|07
1771335831.232,solicited,0,,0,
1771335831.233,unsolicited,0,0,0,C0|00|08|00|00|00|07
1771335831.266,unsolicited,0,0,0,C0|00|08|00|00|00|07
1771335831.299,unsolicited,0,0,0,C0|00|08|00|00|00|07
1771335831.299,unsolicited,0,0,0,C0|00|08|00|00|00|07
1771335831.299,unsolicited,0,0,0,C0|00|08|00|00|00|07
1771335831.299,unsolicited,0,0,0,C0|00|08|00|00|00|07
1771335831.332,unsolicited,0,0,0,C0|00|08|00|00|00|07
1771335831.431,unsolicited,0,0,0,C0|00|08|00|00|00|07
1771335831.532,unsolicited,0,0,0,C0|00|08|00|00|00|07
1771335831.698,unsolicited,0,0,0,C0|00|08|00|00|00|07
1771335831.731,solicited,0,,0,
1771335831.732,unsolicited,0,0,0,C0|00|08|00|00|00|07
1771335831.765,unsolicited,0,0,0,C0|00|08|00|00|00|07
1771335832.238,solicited,0,,0,
1771335832.572,unsolicited,0,0,0,C0|00|08|00|00|00|07
1771335833.178,unsolicited,0,0,0,C0|00|08|00|00|00|07
1771335833.476,unsolicited,0,0,0,C0|00|08|00|00|00|07
1771335833.477,unsolicited,0,0,0,C0|00|08|00|00|00|07
1771335833.477,unsolicited,0,0,0,C0|00|08|00|00|00|07
1771335833.510,unsolicited,0,0,0,C0|00|08|00|00|00|07
1771335833.542,unsolicited,0,0,0,C0|00|08|00|00|00|07
1771335833.543,unsolicited,0,0,0,C0|00|08|00|00|00|07
1771335833.710,unsolicited,0,0,0,C0|00|08|00|00|00|07
1771335834.080,unsolicited,0,0,0,C0|00|08|00|00|00|07
1771335834.247,solicited,0,,0,
1771335834.247,unsolicited,0,0,0,C0|00|08|00|00|00|07
1771335834.582,unsolicited,0,0,0,C0|00|08|00|00|00|07
1771335834.616,unsolicited,0,0,0,C0|00|08|00|00|00|07
1771335834.650,unsolicited,0,0,0,C0|00|08|00|00|00|07
1771335836.858,solicited,0,,0,
1771335837.293,unsolicited,0,0,0,C0|00|08|00|00|00|07
1771335837.393,solicited,0,,0,
1771335837.393,unsolicited,0,0,0,C0|00|08|00|00|00|07
1771335837.394,unsolicited,0,0,0,C0|00|08|00|00|00|07
1771335837.525,unsolicited,0,0,0,C0|00|08|00|00|00|07
1771335837.525,unsolicited,0,0,0,C0|00|08|00|00|00|07
1771335837.559,unsolicited,0,0,0,C0|00|08|00|00|00|07
1771335837.625,unsolicited,0,0,0,C0|00|08|00|00|00|07
1771335837.659,unsolicited,0,0,0,C0|00|08|00|00|00|07
1771335837.692,unsolicited,0,0,0,C0|00|08|00|00|00|07
1771335837.693,unsolicited,0,0,0,C0|00|08|00|00|00|07
1771335837.726,unsolicited,0,0,0,C0|00|08|00|00|00|07
1771335837.726,unsolicited,0,0,0,C0|00|08|00|00|00|07
1771335837.893,solicited,0,,0,
1771335837.893,unsolicited,0,0,0,C0|00|08|00|00|00|07
1771335837.961,unsolicited,0,0,0,C0|00|08|00|00|00|07
1771335838.197,unsolicited,0,0,0,C0|00|08|00|00|00|07
1771335838.398,solicited,0,,0,
1771335838.399,unsolicited,0,0,0,C8|00|08|00|00|00|0F
1771335838.431,unsolicited,0,0,0,C8|00|08|01|00|00|10
1771335838.499,unsolicited,0,0,0,C8|00|08|02|00|00|11
1771335838.968,solicited,0,,0,
1771335838.968,unsolicited,0,0,0,C8|00|08|07|00|00|16
1771335839.275,unsolicited,0,0,0,C8|00|08|04|00|00|13
1771335839.374,unsolicited,0,0,0,C8|00|08|03|00|00|12
1771335839.406,unsolicited,0,0,0,C8|00|08|02|00|00|11
1771335839.609,solicited,1221,,0,
1771335839.745,unsolicited,0,0,1221,C8|00|08|00|00|00|0F
1771335839.946,unsolicited,0,0,1221,C8|00|08|00|00|00|0F
1771335839.947,unsolicited,0,0,1221,C8|00|08|00|00|00|0F
1771335839.947,unsolicited,0,0,1221,C8|00|08|00|00|00|0F
1771335840.079,unsolicited,0,0,1221,C8|00|08|00|00|00|0F
1771335840.079,unsolicited,0,0,1221,C8|00|08|00|00|00|0F
1771335840.111,solicited,1371,,0,
1771335842.519,solicited,1252,,0,
1771335842.586,unsolicited,0,0,1252,C0|00|08|00|00|00|07
1771335843.257,solicited,1321,,0,
1771335843.389,unsolicited,0,0,1321,C0|00|08|00|00|00|07
1771335843.391,unsolicited,0,0,1321,C0|00|08|00|00|00|07
1771335845.226,unsolicited,0,0,1321,C0|00|08|00|00|00|07
1771335845.227,solicited,1349,,0,
1771335845.327,unsolicited,0,0,1349,C0|00|08|00|00|00|07
1771335848.575,solicited,1280,,0,
1771335848.577,unsolicited,0,0,1280,C0|00|08|00|00|00|07
1771335848.609,unsolicited,0,0,1280,C0|00|08|00|00|00|07
1771335848.841,unsolicited,0,0,1280,C0|00|08|00|00|00|07
1771335848.874,unsolicited,0,0,1280,C0|00|08|00|00|00|07
1771335849.408,unsolicited,0,0,1280,C0|00|08|00|00|00|07
1771335849.409,unsolicited,0,0,1280,C0|00|08|00|00|00|07
1771335849.443,unsolicited,0,0,1280,C0|00|08|00|00|00|07
1771335849.542,unsolicited,0,0,1280,C0|00|08|00|00|00|07
1771335849.543,unsolicited,0,0,1280,C0|00|08|00|00|00|07
1771335849.610,unsolicited,0,0,1280,C0|00|08|00|00|00|07
1771335850.785,unsolicited,0,0,1280,C0|00|08|00|00|00|07
1771335850.817,solicited,1283,,0,
1771335850.949,unsolicited,0,0,1283,C0|00|08|00|00|00|07
1771335850.951,unsolicited,0,0,1283,C0|00|08|00|00|00|07
1771335850.951,unsolicited,0,0,1283,C0|00|08|00|00|00|07
1771335851.284,unsolicited,0,0,1283,C0|00|08|00|00|00|07
1771335853.161,unsolicited,0,0,1283,C0|00|08|00|00|00|07
1771335853.161,unsolicited,0,0,1283,C0|00|08|00|00|00|07
1771335853.194,solicited,1271,,0,
1771335853.834,unsolicited,0,0,1271,C0|00|08|00|00|00|07
1771335853.868,unsolicited,512,8,1271,C0|08|08|00|00|00|0F
1771335853.869,unsolicited,512,8,1271,C0|08|08|00|00|00|0F
1771335853.901,solicited,1256,,512,
1771335854.876,solicited,1266,,512,
1771335855.175,unsolicited,448,7,1266,C0|07|08|00|00|00|0E
1771335855.175,unsolicited,448,7,1266,C0|07|08|00|00|00|0E
1771335855.175,unsolicited,448,7,1266,C0|07|08|00|00|00|0E
1771335856.925,solicited,1201,,448,
1771335857.024,unsolicited,448,7,1201,C0|07|08|00|00|00|0E
1771335857.896,unsolicited,448,7,1201,C0|07|08|00|00|00|0E
1771335857.929,solicited,1201,,448,
1771335858.229,unsolicited,448,7,1201,C0|07|08|00|00|00|0E
1771335858.297,unsolicited,0,0,1201,C0|00|08|00|00|00|07
1771335858.497,solicited,1210,,0,
1771335858.629,unsolicited,0,0,1210,C0|00|08|00|00|00|07
1771335858.632,unsolicited,0,0,1210,C0|00|08|00|00|00|07
1771335858.763,unsolicited,0,0,1210,C0|00|08|00|00|00|07
1771335858.796,unsolicited,0,0,1210,C0|00|08|00|00|00|07
1771335858.797,unsolicited,0,0,1210,C0|00|08|00|00|00|07
1771335859.669,unsolicited,0,0,1210,C0|00|08|00|00|00|07
1771335859.702,solicited,114,,0,
1771335860.039,unsolicited,0,0,114,C0|00|08|00|00|00|07
1771335860.206,unsolicited,0,0,114,C0|00|08|00|00|00|07
1771335860.207,unsolicited,0,0,114,C0|00|08|00|00|00|07
1771335860.240,unsolicited,0,0,114,C0|00|08|00|00|00|07
1771335860.439,unsolicited,0,0,114,C0|00|08|00|00|00|07
1771335860.472,unsolicited,0,0,114,C0|00|08|00|00|00|07
1771335860.473,unsolicited,0,0,114,C0|00|08|00|00|00|07
1771335860.505,unsolicited,0,0,114,C0|00|08|00|00|00|07
1771335860.571,unsolicited,0,0,114,C0|00|08|00|00|00|07
1771335860.572,unsolicited,0,0,114,C0|00|08|00|00|00|07
1771335860.572,unsolicited,0,0,114,C0|00|08|00|00|00|07
1771335860.605,unsolicited,0,0,114,C0|00|08|00|00|00|07
1771335860.638,unsolicited,0,0,114,C0|00|08|00|00|00|07
1771335860.638,unsolicited,0,0,114,C0|00|08|00|00|00|07
1771335860.639,unsolicited,0,0,114,C0|00|08|00|00|00|07
1771335860.672,unsolicited,0,0,114,C0|00|08|00|00|00|07
1771335860.707,unsolicited,0,0,114,C0|00|08|00|00|00|07
1771335860.740,unsolicited,0,0,114,C0|00|08|00|00|00|07
1771335860.774,solicited,0,,0,
1771335860.842,unsolicited,0,0,0,C0|00|08|00|00|00|07
1771335860.875,unsolicited,0,0,0,C0|00|08|00|00|00|07
1771335860.909,unsolicited,0,0,0,C0|00|08|00|00|00|07
1771335860.943,unsolicited,0,0,0,C0|00|08|00|00|00|07
1771335860.944,unsolicited,0,0,0,C0|00|08|00|00|00|07
1771335861.143,unsolicited,0,0,0,C0|00|08|00|00|00|07
1771335861.310,unsolicited,0,0,0,C0|00|08|00|00|00|07
1771335861.310,unsolicited,0,0,0,C0|00|08|00|00|00|07
1771335861.344,solicited,0,,0,
1771335861.443,unsolicited,0,0,0,C0|00|08|00|00|00|07
1771335861.511,unsolicited,0,0,0,C0|00|08|00|00|00|07
1771335861.846,solicited,0,,0,
1771335862.183,unsolicited,0,0,0,C0|00|08|00|00|00|07
1771335862.183,unsolicited,0,0,0,C0|00|08|00|00|00|07
1771335862.385,solicited,0,,0,
1771335862.485,unsolicited,0,0,0,C0|00|08|00|00|00|07
1771335862.518,unsolicited,0,0,0,C0|00|08|00|00|00|07
1771335862.683,unsolicited,0,0,0,C0|00|08|00|00|00|07
1771335862.684,unsolicited,0,0,0,C0|00|08|00|00|00|07
1771335862.750,unsolicited,0,0,0,C0|00|08|00|00|00|07
1771335862.784,unsolicited,0,0,0,C0|00|08|00|00|00|07
1771335862.885,solicited,0,,0,
1771335862.918,unsolicited,0,0,0,C0|00|08|00|00|00|07
1771335862.952,unsolicited,0,0,0,C0|00|08|00|00|00|07
1771335862.985,unsolicited,0,0,0,C0|00|08|00|00|00|07
1771335862.985,unsolicited,0,0,0,C0|00|08|00|00|00|07
1771335863.018,unsolicited,0,0,0,C0|00|08|00|00|00|07
1771335863.052,unsolicited,0,0,0,C0|00|08|00|00|00|07
1771335863.052,unsolicited,0,0,0,C0|00|08|00|00|00|07
1771335863.053,unsolicited,0,0,0,C0|00|08|00|00|00|07
1771335863.119,unsolicited,0,0,0,C0|00|08|00|00|00|07
1771335863.119,unsolicited,0,0,0,C0|00|08|00|00|00|07
1771335863.152,unsolicited,0,0,0,C0|00|08|00|00|00|07
1771335863.152,unsolicited,0,0,0,C0|00|08|00|00|00|07
1771335864.319,unsolicited,0,0,0,C0|00|08|00|00|00|07
1771335864.320,unsolicited,0,0,0,C0|00|08|00|00|00|07
1771335864.352,solicited,0,,0,
1771335864.453,unsolicited,0,0,0,C0|00|08|00|00|00|07
1771335864.454,unsolicited,0,0,0,C0|00|08|00|00|00|07
1771335866.025,solicited,0,,0,
1771335868.091,unsolicited,0,0,0,C0|00|08|00|00|00|07
1771335868.125,unsolicited,0,0,0,C0|00|08|00|00|00|07
1771335868.125,solicited,0,,0,
1771335870.875,unsolicited,0,0,0,C0|00|08|00|00|00|07
1771335870.875,unsolicited,0,0,0,C0|00|08|00|00|00|07
1771335870.876,unsolicited,0,0,0,C0|00|08|00|00|00|07
1771335870.909,solicited,0,,0,
1771335871.512,solicited,0,,0,
1771335872.684,unsolicited,0,0,0,C0|00|08|00|00|00|07
1771335872.750,solicited,0,,0,
1771335872.817,unsolicited,0,0,0,C0|00|08|00|00|00|07
1771335872.851,unsolicited,0,0,0,C0|00|08|00|00|00|07
1771335872.952,unsolicited,0,0,0,C0|00|08|00|00|00|07
1771335873.221,unsolicited,0,0,0,C0|00|08|00|00|00|07
1771335873.254,unsolicited,0,0,0,C0|00|08|00|00|00|07
1771335873.254,solicited,0,,0,
1771335873.321,unsolicited,0,0,0,C0|00|08|00|00|00|07
1771335873.353,unsolicited,0,0,0,C0|00|08|00|00|00|07
1771335873.354,unsolicited,0,0,0,C0|00|08|00|00|00|07
1771335873.387,unsolicited,0,0,0,C0|00|08|00|00|00|07
1771335873.422,unsolicited,0,0,0,C0|00|08|00|00|00|07
1771335873.454,unsolicited,0,0,0,C0|00|08|00|00|00|07
1771335873.455,unsolicited,0,0,0,C0|00|08|00|00|00|07
1771335873.488,unsolicited,0,0,0,C0|00|08|00|00|00|07
1771335873.488,unsolicited,0,0,0,C0|00|08|00|00|00|07
1771335873.523,unsolicited,0,0,0,C0|00|08|00|00|00|07
1771335873.558,unsolicited,0,0,0,C0|00|08|00|00|00|07
1771335873.558,unsolicited,0,0,0,C0|00|08|00|00|00|07
1771335873.691,unsolicited,0,0,0,C0|00|08|00|00|00|07
1771335873.725,unsolicited,0,0,0,C0|00|08|00|00|00|07
1771335873.792,solicited,0,,0,
1771335873.826,unsolicited,0,0,0,C0|00|08|00|00|00|07
1771335873.859,unsolicited,0,0,0,C0|00|08|00|00|00|07
1771335874.468,unsolicited,0,0,0,C0|00|08|00|00|00|07
1771335874.468,unsolicited,0,0,0,C0|00|08|00|00|00|07
1771335874.500,unsolicited,0,0,0,C0|00|08|00|00|00|07
1771335874.832,unsolicited,0,0,0,C0|00|08|00|00|00|07
1771335876.773,unsolicited,0,0,0,C0|00|08|00|00|00|07
1771335876.773,unsolicited,0,0,0,C0|00|08|00|00|00|07
1771335876.774,unsolicited,0,0,0,C0|00|08|00|00|00|07
1771335876.774,solicited,0,,0,
1771335876.806,unsolicited,0,0,0,C0|00|08|00|00|00|07
1771335877.106,unsolicited,0,0,0,C0|00|08|00|00|00|07
1771335877.106,unsolicited,0,0,0,C0|00|08|00|00|00|07
1771335877.107,unsolicited,0,0,0,C0|00|08|00|00|00|07
1771335877.140,unsolicited,0,0,0,C0|00|08|00|00|00|07
1771335877.142,unsolicited,0,0,0,C0|00|08|00|00|00|07
1771335877.174,unsolicited,0,0,0,C0|00|08|00|00|00|07
1771335877.274,unsolicited,0,0,0,C0|00|08|00|00|00|07
1771335877.308,unsolicited,0,0,0,C0|00|08|00|00|00|07
1771335877.309,solicited,0,,0,
1771335877.341,unsolicited,0,0,0,C0|00|08|00|00|00|07
1771335877.342,unsolicited,0,0,0,C0|00|08|00|00|00|07
1771335877.375,unsolicited,0,0,0,C0|00|08|00|00|00|07
1771335877.408,unsolicited,0,0,0,C0|00|08|00|00|00|07
1771335877.409,unsolicited,0,0,0,C0|00|08|00|00|00|07
1771335877.409,unsolicited,0,0,0,C0|00|08|00|00|00|07
1771335877.745,unsolicited,0,0,0,C0|00|08|00|00|00|07
1771335877.745,unsolicited,0,0,0,C0|00|08|00|00|00|07
1771335877.779,unsolicited,0,0,0,C0|00|08|00|00|00|07
1771335877.780,unsolicited,0,0,0,C0|00|08|00|00|00|07
1771335877.780,unsolicited,0,0,0,C0|00|08|00|00|00|07
1771335877.812,unsolicited,0,0,0,C0|00|08|00|00|00|07
1771335877.846,solicited,0,,0,
1771335877.948,unsolicited,0,0,0,C0|00|08|00|00|00|07
1771335878.015,unsolicited,0,0,0,C0|00|08|00|00|00|07
1771335878.015,unsolicited,0,0,0,C0|00|08|00|00|00|07
1771335878.182,unsolicited,0,0,0,C0|00|08|00|00|00|07
1771335878.183,unsolicited,0,0,0,C0|00|08|00|00|00|07
1771335878.216,unsolicited,0,0,0,C0|00|08|00|00|00|07
1771335878.248,unsolicited,0,0,0,C0|00|08|00|00|00|07
1771335878.349,solicited,0,,0,
1771335878.450,unsolicited,0,0,0,C0|00|08|00|00|00|07
1771335878.483,unsolicited,0,0,0,C0|00|08|00|00|00|07
1771335878.484,unsolicited,0,0,0,C0|00|08|00|00|00|07
1771335878.517,unsolicited,0,0,0,C0|00|08|00|00|00|07
1771335878.518,unsolicited,0,0,0,C0|00|08|00|00|00|07
1771335878.518,unsolicited,0,0,0,C0|00|08|00|00|00|07
1771335878.988,unsolicited,0,0,0,C0|00|08|00|00|00|07
1771335879.021,solicited,0,,0,
1771335879.691,solicited,0,,0,
1771335879.759,unsolicited,0,0,0,C0|00|08|00|00|00|07
1771335879.759,unsolicited,0,0,0,C0|00|08|00|00|00|07
1771335879.792,unsolicited,0,0,0,C0|00|08|00|00|00|07
1771335879.792,unsolicited,0,0,0,C0|00|08|00|00|00|07
1771335880.124,unsolicited,0,0,0,C0|00|08|00|00|00|07
1771335882.568,solicited,0,,0,
1771335882.568,unsolicited,0,0,0,C0|00|08|00|00|00|07
1771335882.836,unsolicited,0,0,0,C0|00|08|00|00|00|07
1771335882.870,unsolicited,0,0,0,C0|00|08|00|00|00|07
1771335882.972,unsolicited,0,0,0,C0|00|08|00|00|00|07
1771335883.004,unsolicited,0,0,0,C0|00|08|00|00|00|07
1771335883.071,solicited,0,,0,
1771335883.103,unsolicited,0,0,0,C0|00|08|00|00|00|07
1771335883.137,unsolicited,0,0,0,C0|00|08|00|00|00|07
1771335883.138,unsolicited,0,0,0,C0|00|08|00|00|00|07
1771335883.305,unsolicited,0,0,0,C0|00|08|00|00|00|07
1771335883.305,unsolicited,0,0,0,C0|00|08|00|00|00|07
1771335883.338,unsolicited,0,0,0,C0|00|08|00|00|00|07
1771335883.338,unsolicited,0,0,0,C0|00|08|00|00|00|07
1771335883.406,unsolicited,0,0,0,C0|00|08|00|00|00|07
1771335883.441,unsolicited,0,0,0,C0|00|08|00|00|00|07
1771335883.473,unsolicited,0,0,0,C0|00|08|00|00|00|07
1771335883.474,unsolicited,0,0,0,C0|00|08|00|00|00|07
1771335883.506,unsolicited,0,0,0,C0|00|08|00|00|00|07
1771335883.507,unsolicited,0,0,0,C0|00|08|00|00|00|07
1771335883.507,unsolicited,0,0,0,C0|00|08|00|00|00|07
1771335883.539,unsolicited,0,0,0,C0|00|08|00|00|00|07
1771335883.539,unsolicited,0,0,0,C0|00|08|00|00|00|07
1771335883.808,solicited,0,,0,
1771335883.877,unsolicited,0,0,0,C0|00|08|00|00|00|07
1771335884.110,unsolicited,0,0,0,C0|00|08|00|00|00|07
1771335884.110,unsolicited,0,0,0,C0|00|08|00|00|00|07
1771335884.143,unsolicited,0,0,0,C0|00|08|00|00|00|07
1771335884.144,unsolicited,0,0,0,C0|00|08|00|00|00|07
1771335884.177,unsolicited,0,0,0,C0|00|08|00|00|00|07
1771335884.210,unsolicited,0,0,0,C0|00|08|00|00|00|07
1771335884.244,unsolicited,0,0,0,C0|00|08|00|00|00|07
1771335884.276,unsolicited,0,0,0,C0|00|08|00|00|00|07
1771335884.343,solicited,0,,0,
1771335884.377,unsolicited,0,0,0,C0|00|08|00|00|00|07
1771335884.378,unsolicited,0,0,0,C0|00|08|00|00|00|07
1771335884.480,unsolicited,0,0,0,C0|00|08|00|00|00|07
1771335884.513,unsolicited,0,0,0,C0|00|08|00|00|00|07
1771335884.580,unsolicited,0,0,0,C0|00|08|00|00|00|07
1771335884.681,unsolicited,0,0,0,C0|00|08|00|00|00|07
1771335884.682,unsolicited,0,0,0,C0|00|08|00|00|00|07
1771335884.714,unsolicited,0,0,0,C0|00|08|00|00|00|07
1771335884.748,unsolicited,0,0,0,C0|00|08|00|00|00|07
1771335884.782,unsolicited,0,0,0,C0|00|08|00|00|00|07
1771335884.850,solicited,0,,0,
1771335884.883,unsolicited,0,0,0,C0|00|08|00|00|00|07
1771335885.152,unsolicited,0,0,0,C0|00|08|00|00|00|07
1771335885.152,unsolicited,0,0,0,C0|00|08|00|00|00|07
1771335885.152,unsolicited,0,0,0,C0|00|08|00|00|00|07
1771335885.217,unsolicited,0,0,0,C0|00|08|00|00|00|07
1771335885.385,solicited,0,,0,
1771335885.386,unsolicited,0,0,0,C0|00|08|00|00|00|07
1771335885.451,unsolicited,0,0,0,C0|00|08|00|00|00|07
1771335885.518,unsolicited,0,0,0,C0|00|08|00|00|00|07
1771335885.853,unsolicited,0,0,0,C0|00|08|00|00|00|07
1771335886.118,unsolicited,0,0,0,C0|00|08|00|00|00|07
1771335886.153,unsolicited,0,0,0,C0|00|08|00|00|00|07
1771335886.153,unsolicited,0,0,0,C0|00|08|00|00|00|07
1771335886.421,solicited,0,,0,
1771335886.522,unsolicited,0,0,0,C0|00|08|00|00|00|07
1771335886.588,unsolicited,0,0,0,C0|00|08|00|00|00|07
1771335886.588,unsolicited,0,0,0,C0|00|08|00|00|00|07
1771335886.622,unsolicited,0,0,0,C0|00|08|00|00|00|07
1771335886.623,unsolicited,0,0,0,C0|00|08|00|00|00|07
1771335886.656,unsolicited,0,0,0,C0|00|08|00|00|00|07
1771335886.690,unsolicited,0,0,0,C0|00|08|00|00|00|07
1771335886.724,unsolicited,0,0,0,C0|00|08|00|00|00|07
1771335886.724,unsolicited,0,0,0,C0|00|08|00|00|00|07
1771335886.891,unsolicited,0,0,0,C0|00|08|00|00|00|07
1771335886.925,solicited,0,,0,
1771335886.959,unsolicited,0,0,0,C0|00|08|00|00|00|07
1771335886.959,unsolicited,0,0,0,C0|00|08|00|00|00|07
1771335886.959,unsolicited,0,0,0,C0|00|08|00|00|00|07
1771335886.993,unsolicited,0,0,0,C0|00|08|00|00|00|07
1771335887.761,solicited,0,,0,
1771335888.535,solicited,0,,0,
1771335888.568,unsolicited,0,0,0,C0|00|08|00|00|00|07
1771335889.203,solicited,0,,0,
1771335889.270,unsolicited,0,0,0,C0|00|08|00|00|00|07
1771335889.304,unsolicited,0,0,0,C0|00|08|00|00|00|07
1771335889.640,unsolicited,0,0,0,C0|00|08|00|00|00|07
1771335890.816,unsolicited,0,0,0,C0|00|08|00|00|00|07
1771335890.848,solicited,0,,0,
1771335890.915,unsolicited,0,0,0,C0|00|08|00|00|00|07
1771335891.384,unsolicited,0,0,0,C0|00|08|00|00|00|07
1771335891.618,unsolicited,0,0,0,C0|00|08|00|00|00|07
1771335892.819,solicited,0,,0,
1771335893.291,unsolicited,0,0,0,C0|00|08|00|00|00|07
1771335893.324,solicited,0,,0,
1771335893.491,unsolicited,0,0,0,C0|00|08|00|00|00|07
1771335893.591,unsolicited,0,0,0,C0|00|08|00|00|00|07
1771335893.691,unsolicited,0,0,0,C0|00|08|00|00|00|07
1771335893.725,unsolicited,0,0,0,C0|00|08|00|00|00|07
1771335893.759,unsolicited,0,0,0,C0|00|08|00|00|00|07
1771335893.759,unsolicited,0,0,0,C0|00|08|00|00|00|07
1771335893.759,unsolicited,0,0,0,C0|00|08|00|00|00|07
1771335893.793,unsolicited,0,0,0,C0|00|08|00|00|00|07
1771335893.828,solicited,0,,0,
1771335893.893,unsolicited,0,0,0,C0|00|08|00|00|00|07
1771335894.028,unsolicited,0,0,0,C0|00|08|00|00|00|07
1771335894.028,unsolicited,0,0,0,C0|00|08|00|00|00|07
1771335894.062,unsolicited,0,0,0,C0|00|08|00|00|00|07
1771335894.062,unsolicited,0,0,0,C0|00|08|00|00|00|07
1771335894.164,unsolicited,0,0,0,C0|00|08|00|00|00|07
1771335894.197,unsolicited,0,0,0,C0|00|08|00|00|00|07
1771335894.198,unsolicited,0,0,0,C0|00|08|00|00|00|07
1771335894.332,solicited,0,,0,
1771335894.366,unsolicited,0,0,0,C0|00|08|00|00|00|07
1771335894.568,unsolicited,0,0,0,C0|00|08|00|00|00|07
1771335894.568,unsolicited,0,0,0,C0|00|08|00|00|00|07
1771335894.702,unsolicited,0,0,0,C0|00|08|00|00|00|07
1771335894.836,unsolicited,0,0,0,C0|00|08|00|00|00|07
1771335895.072,unsolicited,0,0,0,C0|00|08|00|00|00|07
1771335895.374,unsolicited,0,0,0,C0|00|08|00|00|00|07
1771335895.408,solicited,0,,0,
1771335895.440,unsolicited,0,0,0,C0|00|08|00|00|00|07
1771335895.474,unsolicited,0,0,0,C0|00|08|00|00|00|07
1771335895.575,unsolicited,0,0,0,C0|00|08|00|00|00|07
1771335895.641,unsolicited,0,0,0,C0|00|08|00|00|00|07
1771335895.675,unsolicited,0,0,0,C0|00|08|00|00|00|07
1771335895.707,unsolicited,0,0,0,C0|00|08|00|00|00|07
1771335895.708,unsolicited,0,0,0,C0|00|08|00|00|00|07
1771335895.741,unsolicited,0,0,0,C0|00|08|00|00|00|07
1771335895.943,solicited,0,,0,
1771335895.978,unsolicited,0,0,0,C0|00|08|00|00|00|07
1771335896.010,unsolicited,0,0,0,C0|00|08|00|00|00|07
1771335896.312,unsolicited,0,0,0,C0|00|08|00|00|00|07
1771335896.378,unsolicited,0,0,0,C0|00|08|00|00|00|07
1771335896.478,unsolicited,0,0,0,C0|00|08|00|00|00|07
1771335896.713,unsolicited,0,0,0,C0|00|08|00|00|00|07
1771335896.781,unsolicited,0,0,0,C0|00|08|00|00|00|07
1771335896.781,unsolicited,0,0,0,C0|00|08|00|00|00|07
1771335896.781,unsolicited,0,0,0,C0|00|08|00|00|00|07
1771335896.915,unsolicited,0,0,0,C0|00|08|00|00|00|07
1771335896.950,unsolicited,0,0,0,C0|00|08|00|00|00|07
1771335896.983,unsolicited,0,0,0,C0|00|08|00|00|00|07
1771335896.983,unsolicited,0,0,0,C0|00|08|00|00|00|07
1771335899.199,unsolicited,512,8,0,C8|08|08|02|00|00|19
1771335899.803,solicited,1313,,512,
1771335899.835,unsolicited,512,8,1313,C8|08|08|00|00|00|17
1771335899.836,unsolicited,512,8,1313,C8|08|08|00|00|00|17
1771335900.039,unsolicited,512,8,1313,C8|08|08|00|00|00|17
1771335900.071,unsolicited,512,8,1313,C8|08|08|00|00|00|17
1771335900.072,unsolicited,512,8,1313,C8|08|08|00|00|00|17
1771335900.072,unsolicited,512,8,1313,C8|08|08|00|00|00|17
1771335900.104,unsolicited,512,8,1313,C8|08|08|00|00|00|17
1771335900.104,unsolicited,512,8,1313,C8|08|08|00|00|00|17
1771335900.238,unsolicited,512,8,1313,C8|08|08|00|00|00|17
1771335900.238,unsolicited,512,8,1313,C8|08|08|00|00|00|17
1771335900.272,unsolicited,512,8,1313,C8|08|08|00|00|00|17
1771335900.272,unsolicited,512,8,1313,C8|08|08|00|00|00|17
1771335900.272,unsolicited,512,8,1313,C8|08|08|00|00|00|17
1771335900.273,unsolicited,512,8,1313,C8|08|08|00|00|00|17
1771335900.306,unsolicited,512,8,1313,C8|08|08|00|00|00|17
1771335900.339,solicited,1245,,512,
1771335900.340,unsolicited,512,8,1245,C8|08|08|00|00|00|17
1771335900.372,unsolicited,512,8,1245,C8|08|08|00|00|00|17
1771335900.507,unsolicited,512,8,1245,C8|08|08|00|00|00|17
1771335900.540,unsolicited,512,8,1245,C8|08|08|00|00|00|17
1771335900.540,unsolicited,512,8,1245,C8|08|08|00|00|00|17
1771335900.573,unsolicited,512,8,1245,C8|08|08|00|00|00|17
1771335900.573,unsolicited,512,8,1245,C8|08|08|00|00|00|17
1771335900.640,unsolicited,512,8,1245,C8|08|08|00|00|00|17
1771335900.640,unsolicited,512,8,1245,C8|08|08|00|00|00|17
1771335900.740,unsolicited,512,8,1245,C8|08|08|00|00|00|17
1771335900.774,unsolicited,512,8,1245,C8|08|08|00|00|00|17
1771335900.843,unsolicited,512,8,1245,C8|08|08|00|00|00|17
1771335900.843,unsolicited,512,8,1245,C8|08|08|00|00|00|17
1771335900.875,solicited,1260,,512,
1771335900.876,unsolicited,512,8,1260,C8|08|08|00|00|00|17
1771335900.876,unsolicited,512,8,1260,C8|08|08|00|00|00|17
1771335900.876,unsolicited,512,8,1260,C8|08|08|00|00|00|17
1771335901.646,solicited,1302,,512,
1771335902.049,unsolicited,512,8,1302,C0|08|08|00|00|00|0F
1771335902.786,solicited,1275,,512,
1771335902.819,unsolicited,512,8,1275,C0|08|08|00|00|00|0F
1771335903.055,unsolicited,512,8,1275,C0|08|08|00|00|00|0F
1771335903.089,unsolicited,512,8,1275,C0|08|08|00|00|00|0F
1771335903.722,solicited,1282,,512,
1771335904.059,unsolicited,512,8,1282,C0|08|08|00|00|00|0F
1771335904.059,unsolicited,512,8,1282,C0|08|08|00|00|00|0F
1771335904.560,unsolicited,448,7,1282,C0|07|08|00|00|00|0E
1771335904.661,unsolicited,448,7,1282,C0|07|08|00|00|00|0E
1771335904.695,unsolicited,448,7,1282,C0|07|08|00|00|00|0E
1771335904.761,unsolicited,448,7,1282,C0|07|08|00|00|00|0E
1771335905.032,unsolicited,448,7,1282,C0|07|08|00|00|00|0E
1771335905.033,unsolicited,448,7,1282,C0|07|08|00|00|00|0E
1771335905.131,unsolicited,448,7,1282,C0|07|08|00|00|00|0E
1771335907.309,unsolicited,448,7,1282,C0|07|08|00|00|00|0E
1771335907.377,solicited,1277,,448,
1771335907.845,unsolicited,448,7,1277,C0|07|08|00|00|00|0E
1771335907.879,solicited,1286,,448,
1771335908.013,unsolicited,448,7,1286,C0|07|08|00|00|00|0E
1771335908.047,unsolicited,448,7,1286,C0|07|08|00|00|00|0E
1771335908.048,unsolicited,448,7,1286,C0|07|08|00|00|00|0E
1771335908.080,unsolicited,448,7,1286,C0|07|08|00|00|00|0E
1771335908.080,unsolicited,448,7,1286,C0|07|08|00|00|00|0E
1771335908.281,unsolicited,448,7,1286,C0|07|08|00|00|00|0E
1771335908.315,unsolicited,448,7,1286,C0|07|08|00|00|00|0E
1771335908.350,unsolicited,448,7,1286,C0|07|08|00|00|00|0E
1771335908.382,unsolicited,448,7,1286,C0|07|08|00|00|00|0E
1771335908.383,solicited,1263,,448,
1771335908.584,unsolicited,448,7,1263,C0|07|08|00|00|00|0E
1771335908.618,unsolicited,448,7,1263,C0|07|08|00|00|00|0E
1771335908.618,unsolicited,448,7,1263,C0|07|08|00|00|00|0E
1771335908.651,unsolicited,448,7,1263,C0|07|08|00|00|00|0E
1771335909.857,solicited,1253,,448,
1771335909.924,unsolicited,448,7,1253,C0|07|08|00|00|00|0E
1771335910.260,unsolicited,448,7,1253,C0|07|08|00|00|00|0E
1771335910.428,solicited,1271,,448,
1771335910.529,unsolicited,448,7,1271,C0|07|08|00|00|00|0E
1771335910.598,unsolicited,448,7,1271,C0|07|08|00|00|00|0E
1771335910.699,unsolicited,448,7,1271,C0|07|08|00|00|00|0E
1771335910.699,unsolicited,448,7,1271,C0|07|08|00|00|00|0E
1771335910.732,unsolicited,448,7,1271,C0|07|08|00|00|00|0E
1771335910.733,unsolicited,448,7,1271,C0|07|08|00|00|00|0E
1771335910.765,unsolicited,448,7,1271,C0|07|08|00|00|00|0E
1771335910.765,unsolicited,448,7,1271,C0|07|08|00|00|00|0E
1771335910.800,unsolicited,448,7,1271,C0|07|08|00|00|00|0E
1771335910.900,unsolicited,448,7,1271,C0|07|08|00|00|00|0E
1771335910.900,unsolicited,448,7,1271,C0|07|08|00|00|00|0E
1771335910.933,unsolicited,448,7,1271,C0|07|08|00|00|00|0E
1771335910.934,unsolicited,448,7,1271,C0|07|08|00|00|00|0E
1771335910.966,unsolicited,448,7,1271,C0|07|08|00|00|00|0E
1771335910.967,solicited,1233,,448,
1771335911.134,unsolicited,448,7,1233,C0|07|08|00|00|00|0E
1771335911.135,unsolicited,448,7,1233,C0|07|08|00|00|00|0E
1771335911.437,unsolicited,448,7,1233,C0|07|08|00|00|00|0E
1771335911.437,unsolicited,448,7,1233,C0|07|08|00|00|00|0E
1771335911.502,unsolicited,448,7,1233,C0|07|08|00|00|00|0E
1771335911.536,unsolicited,448,7,1233,C0|07|08|00|00|00|0E
1771335911.537,solicited,1240,,448,
1771335911.570,unsolicited,448,7,1240,C0|07|08|00|00|00|0E
1771335911.637,unsolicited,448,7,1240,C0|07|08|00|00|00|0E
1771335911.873,unsolicited,448,7,1240,C0|07|08|00|00|00|0E
1771335911.906,unsolicited,448,7,1240,C0|07|08|00|00|00|0E
1771335911.907,unsolicited,448,7,1240,C0|07|08|00|00|00|0E
1771335911.907,unsolicited,448,7,1240,C0|07|08|00|00|00|0E
1771335912.308,solicited,1281,,448,
1771335913.077,solicited,1207,,448,
1771335913.145,unsolicited,448,7,1207,C0|07|08|00|00|00|0E
1771335913.313,unsolicited,448,7,1207,C0|07|08|00|00|00|0E
1771335913.313,unsolicited,448,7,1207,C0|07|08|00|00|00|0E
1771335913.954,solicited,1230,,448,
1771335914.490,unsolicited,448,7,1230,C0|07|08|00|00|00|0E
1771335914.524,unsolicited,448,7,1230,C0|07|08|00|00|00|0E
1771335914.558,solicited,1232,,448,
1771335914.726,unsolicited,448,7,1232,C0|07|08|00|00|00|0E
1771335914.727,unsolicited,448,7,1232,C0|07|08|00|00|00|0E
1771335914.759,unsolicited,448,7,1232,C0|07|08|00|00|00|0E
1771335914.759,unsolicited,448,7,1232,C0|07|08|00|00|00|0E
1771335914.760,unsolicited,448,7,1232,C0|07|08|00|00|00|0E
1771335914.792,unsolicited,448,7,1232,C0|07|08|00|00|00|0E
1771335914.793,unsolicited,448,7,1232,C0|07|08|00|00|00|0E
1771335914.825,unsolicited,448,7,1232,C0|07|08|00|00|00|0E
1771335914.825,unsolicited,448,7,1232,C0|07|08|00|00|00|0E
1771335914.858,unsolicited,448,7,1232,C0|07|08|00|00|00|0E
1771335915.028,unsolicited,448,7,1232,C0|07|08|00|00|00|0E
1771335915.263,unsolicited,448,7,1232,C0|07|08|00|00|00|0E
1771335915.297,unsolicited,448,7,1232,C0|07|08|00|00|00|0E
1771335915.297,unsolicited,448,7,1232,C0|07|08|00|00|00|0E
1771335915.331,unsolicited,448,7,1232,C0|07|08|00|00|00|0E
1771335915.331,unsolicited,448,7,1232,C0|07|08|00|00|00|0E
1771335916.105,solicited,1232,,448,
1771335916.438,unsolicited,448,7,1232,C0|07|08|00|00|00|0E
1771335916.606,unsolicited,448,7,1232,C0|07|08|00|00|00|0E
1771335916.910,unsolicited,448,7,1232,C0|07|08|00|00|00|0E
1771335916.910,unsolicited,448,7,1232,C0|07|08|00|00|00|0E
1771335917.110,unsolicited,448,7,1232,C0|07|08|00|00|00|0E
1771335917.144,unsolicited,448,7,1232,C0|07|08|00|00|00|0E
1771335917.144,solicited,1169,,448,
1771335917.378,unsolicited,448,7,1169,C0|07|08|00|00|00|0E
1771335917.378,unsolicited,448,7,1169,C0|07|08|00|00|00|0E
1771335917.513,unsolicited,448,7,1169,C0|07|08|00|00|00|0E
1771335917.547,unsolicited,448,7,1169,C0|07|08|00|00|00|0E
1771335917.950,unsolicited,448,7,1169,C0|07|08|00|00|00|0E
1771335918.987,solicited,341,,448,
1771335919.757,unsolicited,0,0,341,C0|00|08|00|00|00|07
1771335919.759,unsolicited,0,0,341,C0|00|08|00|00|00|07
1771335919.991,unsolicited,0,0,341,C0|00|08|00|00|00|07
1771335919.991,unsolicited,0,0,341,C0|00|08|00|00|00|07
1771335920.126,solicited,114,,0,
1771335920.462,unsolicited,0,0,114,C0|00|08|00|00|00|07
1771335920.463,unsolicited,0,0,114,C0|00|08|00|00|00|07
1771335920.565,unsolicited,0,0,114,C0|00|08|00|00|00|07
1771335920.599,unsolicited,0,0,114,C0|00|08|00|00|00|07
1771335920.599,unsolicited,0,0,114,C0|00|08|00|00|00|07
1771335920.632,solicited,0,,0,
1771335921.434,unsolicited,0,0,0,C0|00|08|00|00|00|07
1771335922.038,solicited,0,,0,
1771335922.543,solicited,0,,0,
1771335922.744,unsolicited,0,0,0,C0|00|08|00|00|00|07
1771335922.912,unsolicited,0,0,0,C0|00|08|00|00|00|07
1771335922.912,unsolicited,0,0,0,C0|00|08|00|00|00|07
1771335923.316,unsolicited,0,0,0,C0|00|08|00|00|00|07
1771335923.584,solicited,0,,0,
1771335924.023,unsolicited,0,0,0,C0|00|08|00|00|00|07
1771335924.023,unsolicited,0,0,0,C0|00|08|00|00|00|07
1771335924.058,solicited,0,,0,
1771335924.595,solicited,0,,0,
1771335924.831,unsolicited,0,0,0,C0|00|08|00|00|00|07
1771335924.831,unsolicited,0,0,0,C0|00|08|00|00|00|07
1771335924.831,unsolicited,0,0,0,C0|00|08|00|00|00|07
1771335924.865,unsolicited,0,0,0,C0|00|08|00|00|00|07
1771335924.865,unsolicited,0,0,0,C0|00|08|00|00|00|07
1771335924.899,unsolicited,0,0,0,C0|00|08|00|00|00|07
1771335926.641,solicited,0,,0,
1771335927.680,unsolicited,0,0,0,C0|00|08|00|00|00|07
1771335927.915,solicited,0,,0,
1771335928.150,unsolicited,0,0,0,C0|00|08|00|00|00|07
1771335928.150,unsolicited,0,0,0,C0|00|08|00|00|00|07
1771335928.521,solicited,0,,0,
1771335928.790,unsolicited,0,0,0,C0|00|08|00|00|00|07
1771335928.991,unsolicited,0,0,0,C0|00|08|00|00|00|07
1771335929.025,solicited,0,,0,
1771335929.059,unsolicited,0,0,0,C0|00|08|00|00|00|07
1771335930.270,solicited,0,,0,
1771335930.336,unsolicited,0,0,0,C0|00|08|00|00|00|07
1771335930.539,unsolicited,0,0,0,C0|00|08|00|00|00|07
1771335930.672,unsolicited,0,0,0,C0|00|08|00|00|00|07
1771335930.673,unsolicited,0,0,0,C0|00|08|00|00|00|07
1771335930.772,unsolicited,0,0,0,C0|00|08|00|00|00|07
1771335930.773,solicited,0,,0,
1771335931.141,unsolicited,0,0,0,C0|00|08|00|00|00|07
1771335931.175,unsolicited,0,0,0,C0|00|08|00|00|00|07
1771335931.175,unsolicited,0,0,0,C0|00|08|00|00|00|07
1771335931.175,unsolicited,0,0,0,C0|00|08|00|00|00|07
1771335931.476,unsolicited,0,0,0,C0|00|08|00|00|00|07
1771335931.852,solicited,0,,0,
1771335932.190,unsolicited,0,0,0,C0|00|08|00|00|00|07
1771335932.190,unsolicited,0,0,0,C0|00|08|00|00|00|07
1771335932.223,unsolicited,0,0,0,C0|00|08|00|00|00|07
1771335932.325,unsolicited,0,0,0,C0|00|08|00|00|00|07
1771335932.359,solicited,0,,0,
1771335932.492,unsolicited,0,0,0,C0|00|08|00|00|00|07
1771335932.525,unsolicited,0,0,0,C0|00|08|00|00|00|07
1771335932.627,unsolicited,0,0,0,C0|00|08|00|00|00|07
1771335932.694,unsolicited,0,0,0,C0|00|08|00|00|00|07
1771335932.694,unsolicited,0,0,0,C0|00|08|00|00|00|07
1771335932.694,unsolicited,0,0,0,C0|00|08|00|00|00|07
1771335932.728,unsolicited,0,0,0,C0|00|08|00|00|00|07
1771335932.729,unsolicited,0,0,0,C0|00|08|00|00|00|07
1771335932.729,unsolicited,0,0,0,C0|00|08|00|00|00|07
1771335932.763,unsolicited,0,0,0,C0|00|08|00|00|00|07
1771335932.763,unsolicited,0,0,0,C0|00|08|00|00|00|07
1771335932.797,unsolicited,0,0,0,C0|00|08|00|00|00|07
1771335933.064,solicited,0,,0,
1771335933.632,solicited,0,,0,
1771335933.699,unsolicited,0,0,0,C0|00|08|00|00|00|07
1771335933.733,unsolicited,0,0,0,C0|00|08|00|00|00|07
1771335933.901,unsolicited,0,0,0,C0|00|08|00|00|00|07
1771335933.901,unsolicited,0,0,0,C0|00|08|00|00|00|07
1771335933.936,unsolicited,0,0,0,C0|00|08|00|00|00|07
1771335933.969,unsolicited,0,0,0,C0|00|08|00|00|00|07
1771335934.003,unsolicited,0,0,0,C0|00|08|00|00|00|07
1771335934.172,solicited,0,,0,
1771335934.173,unsolicited,0,0,0,C0|00|08|00|00|00|07
1771335934.441,unsolicited,0,0,0,C0|00|08|00|00|00|07
1771335934.441,unsolicited,0,0,0,C0|00|08|00|00|00|07
1771335934.441,unsolicited,0,0,0,C0|00|08|00|00|00|07
1771335934.474,unsolicited,0,0,0,C0|00|08|00|00|00|07
1771335934.475,unsolicited,0,0,0,C0|00|08|00|00|00|07
1771335934.508,unsolicited,0,0,0,C0|00|08|00|00|00|07
1771335934.508,unsolicited,0,0,0,C0|00|08|00|00|00|07
1771335934.609,unsolicited,0,0,0,C0|00|08|00|00|00|07
1771335934.675,solicited,0,,0,
1771335934.743,unsolicited,0,0,0,C0|00|08|00|00|00|07
1771335934.744,unsolicited,0,0,0,C0|00|08|00|00|00|07
1771335934.744,unsolicited,0,0,0,C0|00|08|00|00|00|07
1771335934.777,unsolicited,0,0,0,C0|00|08|00|00|00|07
1771335934.777,unsolicited,0,0,0,C0|00|08|00|00|00|07
1771335934.877,unsolicited,0,0,0,C0|00|08|00|00|00|07
1771335935.180,solicited,0,,0,
1771335935.448,unsolicited,0,0,0,C0|00|08|00|00|00|07
1771335935.448,unsolicited,0,0,0,C0|00|08|00|00|00|07
1771335935.515,unsolicited,0,0,0,C0|00|08|00|00|00|07
1771335936.721,unsolicited,0,0,0,C0|00|08|00|00|00|07
1771335937.290,solicited,0,,0,
1771335939.098,unsolicited,0,0,0,C0|00|08|00|00|00|07
1771335939.365,unsolicited,0,0,0,C0|00|08|00|00|00|07
1771335939.665,solicited,0,,0,
1771335939.766,unsolicited,0,0,0,C0|00|08|00|00|00|07
1771335940.401,unsolicited,0,0,0,C0|00|08|00|00|00|07
1771335940.536,unsolicited,0,0,0,C0|00|08|00|00|00|07
1771335940.536,unsolicited,0,0,0,C0|00|08|00|00|00|07
1771335940.570,unsolicited,0,0,0,C0|00|08|00|00|00|07
1771335940.603,unsolicited,0,0,0,C0|00|08|00|00|00|07
1771335940.637,unsolicited,0,0,0,C0|00|08|00|00|00|07
1771335940.738,solicited,0,,0,
1771335941.073,unsolicited,0,0,0,C0|00|08|00|00|00|07
1771335941.107,unsolicited,0,0,0,C0|00|08|00|00|00|07
1771335941.107,unsolicited,0,0,0,C0|00|08|00|00|00|07
1771335941.108,unsolicited,0,0,0,C0|00|08|00|00|00|07
1771335941.141,unsolicited,0,0,0,C0|00|08|00|00|00|07
1771335941.242,solicited,0,,0,
1771335941.309,unsolicited,0,0,0,C0|00|08|00|00|00|07
1771335941.342,unsolicited,0,0,0,C0|00|08|00|00|00|07
1771335941.342,unsolicited,0,0,0,C0|00|08|00|00|00|07
1771335941.376,unsolicited,0,0,0,C0|00|08|00|00|00|07
1771335941.644,unsolicited,0,0,0,C0|00|08|00|00|00|07
1771335941.644,unsolicited,0,0,0,C0|00|08|00|00|00|07
1771335941.679,unsolicited,0,0,0,C0|00|08|00|00|00|07
1771335941.679,unsolicited,0,0,0,C0|00|08|00|00|00|07
1771335941.712,unsolicited,0,0,0,C0|00|08|00|00|00|07
1771335941.713,unsolicited,0,0,0,C0|00|08|00|00|00|07
1771335941.713,unsolicited,0,0,0,C0|00|08|00|00|00|07
1771335941.746,unsolicited,0,0,0,C0|00|08|00|00|00|07
1771335941.780,solicited,0,,0,
1771335941.847,unsolicited,0,0,0,C0|00|08|00|00|00|07
1771335941.880,unsolicited,0,0,0,C0|00|08|00|00|00|07
1771335941.880,unsolicited,0,0,0,C0|00|08|00|00|00|07
1771335942.047,unsolicited,0,0,0,C0|00|08|00|00|00|07
1771335942.151,unsolicited,0,0,0,C0|00|08|00|00|00|07
1771335942.183,unsolicited,0,0,0,C0|00|08|00|00|00|07
1771335942.184,unsolicited,0,0,0,C0|00|08|00|00|00|07
1771335942.184,unsolicited,0,0,0,C0|00|08|00|00|00|07
1771335942.216,unsolicited,0,0,0,C0|00|08|00|00|00|07
1771335942.217,unsolicited,0,0,0,C0|00|08|00|00|00|07
1771335942.250,unsolicited,0,0,0,C0|00|08|00|00|00|07
1771335942.283,solicited,0,,0,
1771335942.350,unsolicited,0,0,0,C0|00|08|00|00|00|07
1771335942.383,unsolicited,0,0,0,C0|00|08|00|00|00|07
1771335942.383,unsolicited,0,0,0,C0|00|08|00|00|00|07
1771335942.384,unsolicited,0,0,0,C0|00|08|00|00|00|07
1771335942.518,unsolicited,0,0,0,C0|00|08|00|00|00|07
1771335942.551,unsolicited,0,0,0,C0|00|08|00|00|00|07
1771335942.552,unsolicited,0,0,0,C0|00|08|00|00|00|07
1771335942.585,unsolicited,0,0,0,C0|00|08|00|00|00|07
1771335942.585,unsolicited,0,0,0,C0|00|08|00|00|00|07
1771335942.586,unsolicited,0,0,0,C0|00|08|00|00|00|07
1771335942.620,unsolicited,0,0,0,C0|00|08|00|00|00|07
1771335942.652,unsolicited,0,0,0,C0|00|08|00|00|00|07
1771335942.652,unsolicited,0,0,0,C0|00|08|00|00|00|07
1771335942.653,unsolicited,0,0,0,C0|00|08|00|00|00|07
1771335942.686,unsolicited,0,0,0,C0|00|08|00|00|00|07
1771335942.720,unsolicited,0,0,0,C0|00|08|00|00|00|07
1771335942.720,unsolicited,0,0,0,C0|00|08|00|00|00|07
1771335942.753,unsolicited,0,0,0,C0|00|08|00|00|00|07
1771335942.754,unsolicited,0,0,0,C0|00|08|00|00|00|07
1771335942.821,solicited,0,,0,
1771335942.822,unsolicited,0,0,0,C0|00|08|00|00|00|07
1771335943.156,unsolicited,0,0,0,C0|00|08|00|00|00|07
1771335943.156,unsolicited,0,0,0,C0|00|08|00|00|00|07
1771335943.157,unsolicited,0,0,0,C0|00|08|00|00|00|07
1771335943.190,unsolicited,0,0,0,C0|00|08|00|00|00|07
1771335943.190,unsolicited,0,0,0,C0|00|08|00|00|00|07
1771335943.224,unsolicited,0,0,0,C0|00|08|00|00|00|07
1771335943.224,unsolicited,0,0,0,C0|00|08|00|00|00|07
1771335943.256,unsolicited,0,0,0,C0|00|08|00|00|00|07
1771335943.257,unsolicited,0,0,0,C0|00|08|00|00|00|07
1771335943.257,unsolicited,0,0,0,C0|00|08|00|00|00|07
1771335943.290,unsolicited,0,0,0,C0|00|08|00|00|00|07
1771335943.324,solicited,0,,0,
1771335943.424,unsolicited,0,0,0,C0|00|08|00|00|00|07
1771335943.625,unsolicited,0,0,0,C0|00|08|00|00|00|07
1771335943.659,unsolicited,0,0,0,C0|00|08|00|00|00|07
1771335943.692,unsolicited,0,0,0,C0|00|08|00|00|00|07
1771335943.725,unsolicited,0,0,0,C0|00|08|00|00|00|07
1771335943.726,unsolicited,0,0,0,C0|00|08|00|00|00|07
1771335943.759,unsolicited,0,0,0,C0|00|08|00|00|00|07
1771335943.759,unsolicited,0,0,0,C0|00|08|00|00|00|07
1771335943.760,unsolicited,0,0,0,C0|00|08|00|00|00|07
1771335943.760,unsolicited,0,0,0,C0|00|08|00|00|00|07
1771335943.793,unsolicited,0,0,0,C0|00|08|00|00|00|07
1771335943.827,unsolicited,0,0,0,C0|00|08|00|00|00|07
1771335943.828,unsolicited,0,0,0,C0|00|08|00|00|00|07
1771335944.064,unsolicited,0,0,0,C0|00|08|00|00|00|07
1771335944.368,solicited,0,,0,
1771335945.003,unsolicited,0,0,0,C0|00|08|00|00|00|07
1771335945.004,solicited,0,,0,
1771335945.712,solicited,0,,0,
1771335945.781,unsolicited,0,0,0,C0|00|08|00|00|00|07
1771335945.813,unsolicited,0,0,0,C0|00|08|00|00|00|07
1771335946.083,unsolicited,0,0,0,C0|00|08|00|00|00|07
1771335947.263,solicited,0,,0,
1771335947.364,unsolicited,0,0,0,C0|00|08|00|00|00|07
1771335947.365,unsolicited,0,0,0,C0|00|08|00|00|00|07
1771335948.104,unsolicited,0,0,0,C0|00|08|00|00|00|07
1771335948.104,solicited,0,,0,
1771335948.171,unsolicited,0,0,0,C0|00|08|00|00|00|07
1771335951.958,unsolicited,0,0,0,C0|00|08|00|00|00|07
1771335951.991,unsolicited,0,0,0,C0|00|08|00|00|00|07
1771335951.992,solicited,0,,0,
1771335952.792,unsolicited,0,0,0,C0|00|08|00|00|00|07
1771335952.893,unsolicited,0,0,0,C0|00|08|00|00|00|07
1771335952.961,unsolicited,0,0,0,C0|00|08|00|00|00|07
1771335952.995,unsolicited,0,0,0,C0|00|08|00|00|00|07
1771335952.995,unsolicited,0,0,0,C0|00|08|00|00|00|07
1771335952.995,unsolicited,0,0,0,C0|00|08|00|00|00|07
1771335953.029,unsolicited,0,0,0,C0|00|08|00|00|00|07
1771335953.029,unsolicited,0,0,0,C0|00|08|00|00|00|07
1771335953.094,solicited,0,,0,
1771335953.196,unsolicited,0,0,0,C0|00|08|00|00|00|07
1771335953.329,unsolicited,0,0,0,C0|00|08|00|00|00|07
1771335953.362,unsolicited,0,0,0,C0|00|08|00|00|00|07
1771335953.396,unsolicited,0,0,0,C0|00|08|00|00|00|07
1771335953.430,unsolicited,0,0,0,C0|00|08|00|00|00|07
1771335953.462,unsolicited,0,0,0,C0|00|08|00|00|00|07
1771335953.463,unsolicited,0,0,0,C0|00|08|00|00|00|07
1771335953.597,solicited,0,,0,
1771335953.597,unsolicited,0,0,0,C0|00|08|00|00|00|07
1771335953.631,unsolicited,0,0,0,C0|00|08|00|00|00|07
1771335953.631,unsolicited,0,0,0,C0|00|08|00|00|00|07
1771335953.631,unsolicited,0,0,0,C0|00|08|00|00|00|07
1771335953.631,unsolicited,0,0,0,C0|00|08|00|00|00|07
1771335953.665,unsolicited,0,0,0,C0|00|08|00|00|00|07
1771335953.799,unsolicited,0,0,0,C0|00|08|00|00|00|07
1771335953.832,unsolicited,0,0,0,C0|00|08|00|00|00|07
1771335954.435,unsolicited,0,0,0,C0|00|08|00|00|00|07
1771335954.469,solicited,0,,0,
1771335954.771,unsolicited,0,0,0,C0|00|08|00|00|00|07
1771335954.904,unsolicited,0,0,0,C0|00|08|00|00|00|07
1771335955.004,solicited,0,,0,
1771335955.004,unsolicited,0,0,0,C0|00|08|00|00|00|07
1771335955.038,unsolicited,0,0,0,C0|00|08|00|00|00|07
1771335955.070,unsolicited,0,0,0,C0|00|08|00|00|00|07
1771335955.103,unsolicited,0,0,0,C0|00|08|00|00|00|07
1771335955.104,unsolicited,0,0,0,C0|00|08|00|00|00|07
1771335955.136,unsolicited,0,0,0,C0|00|08|00|00|00|07
1771335955.136,unsolicited,0,0,0,C0|00|08|00|00|00|07
1771335955.169,unsolicited,0,0,0,C0|00|08|00|00|00|07
1771335955.202,unsolicited,0,0,0,C0|00|08|00|00|00|07
1771335955.268,unsolicited,0,0,0,C0|00|08|00|00|00|07
1771335955.403,unsolicited,0,0,0,C0|00|08|00|00|00|07
1771335955.404,unsolicited,0,0,0,C0|00|08|00|00|00|07
1771335955.471,unsolicited,0,0,0,C0|00|08|00|00|00|07
1771335955.471,unsolicited,0,0,0,C0|00|08|00|00|00|07
1771335955.505,unsolicited,0,0,0,C0|00|08|00|00|00|07
1771335955.505,solicited,0,,0,
1771335955.638,unsolicited,0,0,0,C0|00|08|00|00|00|07
1771335955.638,unsolicited,0,0,0,C0|00|08|00|00|00|07
1771335955.639,unsolicited,0,0,0,C0|00|08|00|00|00|07
1771335955.672,unsolicited,0,0,0,C0|00|08|00|00|00|07
1771335955.673,unsolicited,0,0,0,C0|00|08|00|00|00|07
1771335955.673,unsolicited,0,0,0,C0|00|08|00|00|00|07
1771335955.705,unsolicited,0,0,0,C0|00|08|00|00|00|07
1771335955.706,unsolicited,0,0,0,C0|00|08|00|00|00|07
1771335955.706,unsolicited,0,0,0,C0|00|08|00|00|00|07
1771335955.771,unsolicited,0,0,0,C0|00|08|00|00|00|07
1771335955.771,unsolicited,0,0,0,C0|00|08|00|00|00|07
1771335955.871,unsolicited,0,0,0,C0|00|08|00|00|00|07
1771335955.871,unsolicited,0,0,0,C0|00|08|00|00|00|07
1771335955.872,unsolicited,0,0,0,C0|00|08|00|00|00|07
1771335955.904,unsolicited,0,0,0,C0|00|08|00|00|00|07
1771335956.005,solicited,0,,0,
1771335956.037,unsolicited,0,0,0,C0|00|08|00|00|00|07
1771335956.071,unsolicited,0,0,0,C0|00|08|00|00|00|07
1771335956.072,unsolicited,0,0,0,C0|00|08|00|00|00|07
1771335956.104,unsolicited,0,0,0,C0|00|08|00|00|00|07
1771335956.104,unsolicited,0,0,0,C0|00|08|00|00|00|07
1771335956.138,unsolicited,0,0,0,C0|00|08|00|00|00|07
1771335956.138,unsolicited,0,0,0,C0|00|08|00|00|00|07
1771335956.171,unsolicited,0,0,0,C0|00|08|00|00|00|07
1771335956.171,unsolicited,0,0,0,C0|00|08|00|00|00|07
1771335956.172,unsolicited,0,0,0,C0|00|08|00|00|00|07
1771335956.204,unsolicited,0,0,0,C0|00|08|00|00|00|07
1771335956.204,unsolicited,0,0,0,C0|00|08|00|00|00|07
1771335956.404,unsolicited,0,0,0,C0|00|08|00|00|00|07
1771335956.438,unsolicited,0,0,0,C0|00|08|00|00|00|07
1771335956.471,unsolicited,0,0,0,C0|00|08|00|00|00|07
1771335956.539,solicited,0,,0,
1771335956.539,unsolicited,0,0,0,C0|00|08|00|00|00|07
1771335956.772,unsolicited,0,0,0,C0|00|08|00|00|00|07
1771335956.772,unsolicited,0,0,0,C0|00|08|00|00|00|07
1771335956.805,unsolicited,0,0,0,C0|00|08|00|00|00|07
1771335956.806,unsolicited,0,0,0,C0|00|08|00|00|00|07
1771335956.871,unsolicited,0,0,0,C0|00|08|00|00|00|07
1771335956.872,unsolicited,0,0,0,C0|00|08|00|00|00|07
1771335956.872,unsolicited,0,0,0,C0|00|08|00|00|00|07
1771335956.905,unsolicited,0,0,0,C0|00|08|00|00|00|07
1771335956.905,unsolicited,0,0,0,C0|00|08|00|00|00|07
1771335956.905,unsolicited,0,0,0,C0|00|08|00|00|00|07
1771335956.939,unsolicited,0,0,0,C0|00|08|00|00|00|07
1771335957.040,solicited,0,,0,
1771335957.107,unsolicited,0,0,0,C0|00|08|00|00|00|07
1771335957.107,unsolicited,0,0,0,C0|00|08|00|00|00|07
1771335957.141,unsolicited,0,0,0,C0|00|08|00|00|00|07
1771335957.174,unsolicited,0,0,0,C0|00|08|00|00|00|07
1771335957.208,unsolicited,0,0,0,C0|00|08|00|00|00|07
1771335957.208,unsolicited,0,0,0,C0|00|08|00|00|00|07
1771335957.208,unsolicited,0,0,0,C0|00|08|00|00|00|07
1771335957.241,unsolicited,0,0,0,C0|00|08|00|00|00|07
1771335957.342,unsolicited,0,0,0,C0|00|08|00|00|00|07
1771335957.343,unsolicited,0,0,0,C0|00|08|00|00|00|07
1771335957.343,unsolicited,0,0,0,C0|00|08|00|00|00|07
1771335957.377,unsolicited,0,0,0,C0|00|08|00|00|00|07
1771335957.411,unsolicited,0,0,0,C0|00|08|00|00|00|07
1771335957.444,unsolicited,0,0,0,C0|00|08|00|00|00|07
1771335957.477,unsolicited,0,0,0,C0|00|08|00|00|00|07
1771335957.478,unsolicited,0,0,0,C0|00|08|00|00|00|07
1771335957.511,unsolicited,0,0,0,C0|00|08|00|00|00|07
1771335957.545,solicited,0,,0,
1771335957.545,unsolicited,0,0,0,C0|00|08|00|00|00|07
1771335957.612,unsolicited,0,0,0,C0|00|08|00|00|00|07
1771335957.612,unsolicited,0,0,0,C0|00|08|00|00|00|07
1771335957.644,unsolicited,0,0,0,C0|00|08|00|00|00|07
1771335957.645,unsolicited,0,0,0,C0|00|08|00|00|00|07
1771335957.677,unsolicited,0,0,0,C0|00|08|00|00|00|07
1771335957.677,unsolicited,0,0,0,C0|00|08|00|00|00|07
1771335957.847,unsolicited,0,0,0,C0|00|08|00|00|00|07
1771335958.011,unsolicited,0,0,0,C0|00|08|00|00|00|07
1771335958.045,solicited,0,,0,
1771335958.112,unsolicited,0,0,0,C0|00|08|00|00|00|07
1771335958.146,unsolicited,0,0,0,C0|00|08|00|00|00|07
1771335958.147,unsolicited,0,0,0,C0|00|08|00|00|00|07
1771335958.148,unsolicited,0,0,0,C0|00|08|00|00|00|07
1771335958.213,unsolicited,0,0,0,C0|00|08|00|00|00|07
1771335958.248,unsolicited,0,0,0,C0|00|08|00|00|00|07
1771335958.348,unsolicited,0,0,0,C0|00|08|00|00|00|07
1771335958.516,unsolicited,0,0,0,C0|00|08|00|00|00|07
1771335958.516,unsolicited,0,0,0,C0|00|08|00|00|00|07
1771335958.549,unsolicited,0,0,0,C0|00|08|00|00|00|07
1771335958.583,solicited,0,,0,
1771335958.818,unsolicited,0,0,0,C0|00|08|00|00|00|07
1771335958.885,unsolicited,0,0,0,C0|00|08|00|00|00|07
1771335958.885,unsolicited,0,0,0,C0|00|08|00|00|00|07
1771335958.886,unsolicited,0,0,0,C0|00|08|00|00|00|07
1771335958.919,unsolicited,0,0,0,C0|00|08|00|00|00|07
1771335959.286,unsolicited,0,0,0,C0|00|08|00|00|00|07
1771335959.319,unsolicited,0,0,0,C0|00|08|00|00|00|07
1771335959.352,unsolicited,0,0,0,C0|00|08|00|00|00|07
1771335959.386,unsolicited,0,0,0,C0|00|08|00|00|00|07
1771335959.824,unsolicited,0,0,0,C0|00|08|00|00|00|07
1771335959.824,unsolicited,0,0,0,C0|00|08|00|00|00|07
1771335959.959,unsolicited,0,0,0,C0|00|08|00|00|00|07
1771335960.559,unsolicited,0,0,0,C0|00|08|00|00|00|07
1771335960.591,solicited,0,,0,
1771335960.692,unsolicited,0,0,0,C0|00|08|00|00|00|07
1771335960.961,unsolicited,0,0,0,C0|00|08|00|00|00|07
1771335960.995,unsolicited,0,0,0,C0|00|08|00|00|00|07
1771335961.162,solicited,0,,0,
1771335961.163,unsolicited,0,0,0,C0|00|08|00|00|00|07
1771335961.230,unsolicited,0,0,0,C0|00|08|00|00|00|07
1771335961.263,unsolicited,0,0,0,C0|00|08|00|00|00|07
1771335961.398,unsolicited,0,0,0,C0|00|08|00|00|00|07
1771335961.431,unsolicited,0,0,0,C0|00|08|00|00|00|07
1771335961.431,unsolicited,0,0,0,C0|00|08|00|00|00|07
1771335961.464,unsolicited,0,0,0,C0|00|08|00|00|00|07
1771335961.499,unsolicited,0,0,0,C0|00|08|00|00|00|07
1771335961.868,unsolicited,0,0,0,C0|00|08|00|00|00|07
1771335961.868,unsolicited,0,0,0,C0|00|08|00|00|00|07
1771335961.901,unsolicited,0,0,0,C0|00|08|00|00|00|07
1771335962.136,unsolicited,0,0,0,C0|00|08|00|00|00|07
1771335962.169,solicited,0,,0,
1771335962.202,unsolicited,0,0,0,C0|00|08|00|00|00|07
1771335962.303,unsolicited,0,0,0,C0|00|08|00|00|00|07
1771335962.337,unsolicited,0,0,0,C0|00|08|00|00|00|07
1771335962.370,unsolicited,0,0,0,C0|00|08|00|00|00|07
1771335962.370,unsolicited,0,0,0,C0|00|08|00|00|00|07
1771335962.404,unsolicited,0,0,0,C0|00|08|00|00|00|07
1771335962.405,unsolicited,0,0,0,C0|00|08|00|00|00|07
1771335962.641,unsolicited,0,0,0,C0|00|08|00|00|00|07
1771335962.641,unsolicited,0,0,0,C0|00|08|00|00|00|07
1771335962.642,unsolicited,0,0,0,C0|00|08|00|00|00|07
1771335962.642,unsolicited,0,0,0,C0|00|08|00|00|00|07
1771335962.675,solicited,0,,0,
1771335963.076,unsolicited,0,0,0,C0|00|08|00|00|00|07
1771335963.176,solicited,0,,0,
1771335963.242,unsolicited,0,0,0,C0|00|08|00|00|00|07
1771335963.479,unsolicited,0,0,0,C0|00|08|00|00|00|07
1771335963.512,unsolicited,0,0,0,C0|00|08|00|00|00|07
1771335963.546,unsolicited,0,0,0,C0|00|08|00|00|00|07
1771335963.578,unsolicited,0,0,0,C0|00|08|00|00|00|07
1771335963.579,unsolicited,0,0,0,C0|00|08|00|00|00|07
1771335963.645,unsolicited,0,0,0,C0|00|08|00|00|00|07
1771335963.713,solicited,0,,0,
1771335963.849,unsolicited,0,0,0,C0|00|08|00|00|00|07
1771335963.850,unsolicited,0,0,0,C0|00|08|00|00|00|07
1771335963.883,unsolicited,0,0,0,C0|00|08|00|00|00|07
1771335963.884,unsolicited,0,0,0,C0|00|08|00|00|00|07
1771335963.917,unsolicited,0,0,0,C0|00|08|00|00|00|07
1771335963.917,unsolicited,0,0,0,C0|00|08|00|00|00|07
1771335963.918,unsolicited,0,0,0,C0|00|08|00|00|00|07
1771335963.951,unsolicited,0,0,0,C0|00|08|00|00|00|07
1771335963.984,unsolicited,0,0,0,C0|00|08|00|00|00|07
1771335963.984,unsolicited,0,0,0,C0|00|08|00|00|00|07
1771335963.985,unsolicited,0,0,0,C0|00|08|00|00|00|07
1771335964.018,unsolicited,0,0,0,C0|00|08|00|00|00|07
1771335964.053,unsolicited,0,0,0,C0|00|08|00|00|00|07
1771335964.086,unsolicited,0,0,0,C0|00|08|00|00|00|07
1771335964.153,unsolicited,0,0,0,C0|00|08|00|00|00|07
1771335964.187,unsolicited,0,0,0,C0|00|08|00|00|00|07
1771335964.525,unsolicited,0,0,0,C0|00|08|00|00|00|07
1771335964.525,unsolicited,0,0,0,C0|00|08|00|00|00|07
1771335964.559,unsolicited,0,0,0,C0|00|08|00|00|00|07
1771335964.560,unsolicited,0,0,0,C0|00|08|00|00|00|07
1771335964.593,unsolicited,0,0,0,C0|00|08|00|00|00|07
1771335964.627,unsolicited,0,0,0,C0|00|08|00|00|00|07
1771335964.661,unsolicited,0,0,0,C0|00|08|00|00|00|07
1771335964.730,solicited,0,,0,
1771335964.763,unsolicited,0,0,0,C0|00|08|00|00|00|07
1771335964.998,unsolicited,0,0,0,C0|00|08|00|00|00|07
1771335965.031,unsolicited,0,0,0,C0|00|08|00|00|00|07
1771335965.031,unsolicited,0,0,0,C0|00|08|00|00|00|07
1771335966.237,solicited,0,,0,
1771335966.304,unsolicited,0,0,0,C8|00|08|04|00|00|13
1771335966.305,unsolicited,0,0,0,C8|00|08|05|00|00|14
1771335967.045,solicited,1156,,0,
1771335967.380,unsolicited,0,0,1156,C8|00|08|00|00|00|0F
1771335967.581,unsolicited,0,0,1156,C8|00|08|00|00|00|0F
1771335967.583,unsolicited,0,0,1156,C8|00|08|00|00|00|0F
1771335967.583,unsolicited,0,0,1156,C8|00|08|00|00|00|0F
1771335967.615,solicited,1353,,0,
1771335967.751,unsolicited,0,0,1353,C8|00|08|00|00|00|0F
1771335967.852,unsolicited,0,0,1353,C8|00|08|00|00|00|0F
1771335968.055,unsolicited,0,0,1353,C8|00|08|00|00|00|0F
1771335968.055,unsolicited,0,0,1353,C8|00|08|00|00|00|0F
1771335968.089,unsolicited,0,0,1353,C8|00|08|00|00|00|0F
1771335968.090,unsolicited,0,0,1353,C8|00|08|00|00|00|0F
1771335968.090,unsolicited,0,0,1353,C8|00|08|00|00|00|0F
1771335968.155,solicited,1357,,0,
1771335968.158,unsolicited,0,0,1357,C8|00|08|00|00|00|0F
1771335968.461,unsolicited,0,0,1357,C8|00|08|00|00|00|0F
1771335968.461,unsolicited,0,0,1357,C8|00|08|00|00|00|0F
1771335968.661,solicited,1177,,0,
1771335968.663,unsolicited,0,0,1177,C8|00|08|00|00|00|0F
1771335968.728,unsolicited,0,0,1177,C8|00|08|00|00|00|0F
1771335968.896,unsolicited,0,0,1177,C8|00|08|00|00|00|0F
1771335971.419,unsolicited,0,0,1177,C0|00|08|00|00|00|07
1771335971.453,solicited,1341,,0,
1771335971.488,unsolicited,0,0,1341,C0|00|08|00|00|00|07
1771335972.159,unsolicited,0,0,1341,C0|00|08|00|00|00|07
1771335972.192,solicited,1327,,0,
1771335972.194,unsolicited,0,0,1327,C0|00|08|00|00|00|07
1771335972.195,unsolicited,0,0,1327,C0|00|08|00|00|00|07
1771335972.461,unsolicited,0,0,1327,C0|00|08|00|00|00|07
1771335972.530,unsolicited,0,0,1327,C0|00|08|00|00|00|07
1771335972.629,unsolicited,0,0,1327,C0|00|08|00|00|00|07
1771335972.630,unsolicited,0,0,1327,C0|00|08|00|00|00|07
1771335972.664,unsolicited,0,0,1327,C0|00|08|00|00|00|07
1771335972.697,solicited,1345,,0,
1771335972.698,unsolicited,0,0,1345,C0|00|08|00|00|00|07
1771335972.831,unsolicited,0,0,1345,C0|00|08|00|00|00|07
1771335972.865,unsolicited,0,0,1345,C0|00|08|00|00|00|07
1771335972.865,unsolicited,0,0,1345,C0|00|08|00|00|00|07
1771335972.899,unsolicited,0,0,1345,C0|00|08|00|00|00|07
1771335972.967,unsolicited,0,0,1345,C0|00|08|00|00|00|07
1771335973.001,unsolicited,0,0,1345,C0|00|08|00|00|00|07
1771335973.035,unsolicited,0,0,1345,C0|00|08|00|00|00|07
1771335973.069,unsolicited,0,0,1345,C0|00|08|00|00|00|07
1771335973.102,unsolicited,0,0,1345,C0|00|08|00|00|00|07
1771335973.201,unsolicited,0,0,1345,C0|00|08|00|00|00|07
1771335973.201,unsolicited,0,0,1345,C0|00|08|00|00|00|07
1771335973.235,solicited,1346,,0,
1771335973.237,unsolicited,0,0,1346,C0|00|08|00|00|00|07
1771335973.268,unsolicited,0,0,1346,C0|00|08|00|00|00|07
1771335973.805,unsolicited,0,0,1346,C0|00|08|00|00|00|07
1771335973.838,unsolicited,0,0,1346,C0|00|08|00|00|00|07
1771335973.839,solicited,1360,,0,
1771335973.872,unsolicited,0,0,1360,C0|00|08|00|00|00|07
1771335974.009,unsolicited,0,0,1360,C0|00|08|00|00|00|07
1771335974.141,unsolicited,0,0,1360,C0|00|08|00|00|00|07
1771335974.175,unsolicited,0,0,1360,C0|00|08|00|00|00|07
1771335974.175,unsolicited,0,0,1360,C0|00|08|00|00|00|07
1771335974.176,unsolicited,0,0,1360,C0|00|08|00|00|00|07
1771335974.209,unsolicited,0,0,1360,C0|00|08|00|00|00|07
1771335975.011,solicited,1318,,0,
1771335975.045,unsolicited,0,0,1318,C0|00|08|00|00|00|07
1771335975.180,unsolicited,0,0,1318,C0|00|08|00|00|00|07
1771335975.180,unsolicited,0,0,1318,C0|00|08|00|00|00|07
1771335975.383,unsolicited,0,0,1318,C0|00|08|00|00|00|07
1771335976.051,solicited,1280,,0,
1771335976.825,solicited,1289,,0,
1771335976.925,unsolicited,448,7,1289,C0|07|08|00|00|00|0E
1771335976.959,unsolicited,448,7,1289,C0|07|08|00|00|00|0E
1771335977.096,unsolicited,448,7,1289,C0|07|08|00|00|00|0E
1771335977.264,unsolicited,448,7,1289,C0|07|08|00|00|00|0E
1771335977.298,unsolicited,448,7,1289,C0|07|08|00|00|00|0E
1771335977.400,unsolicited,448,7,1289,C0|07|08|00|00|00|0E
1771335977.433,solicited,1298,,448,
1771335977.500,unsolicited,448,7,1298,C0|07|08|00|00|00|0E
1771335977.500,unsolicited,448,7,1298,C0|07|08|00|00|00|0E
1771335977.500,unsolicited,448,7,1298,C0|07|08|00|00|00|0E
1771335977.534,unsolicited,448,7,1298,C0|07|08|00|00|00|0E
1771335977.568,unsolicited,448,7,1298,C0|07|08|00|00|00|0E
1771335977.568,unsolicited,448,7,1298,C0|07|08|00|00|00|0E
1771335977.601,unsolicited,448,7,1298,C0|07|08|00|00|00|0E
1771335977.737,unsolicited,448,7,1298,C0|07|08|00|00|00|0E
1771335977.803,unsolicited,448,7,1298,C0|07|08|00|00|00|0E
1771335977.902,unsolicited,448,7,1298,C0|07|08|00|00|00|0E
1771335978.202,unsolicited,448,7,1298,C0|07|08|00|00|00|0E
1771335978.502,solicited,1205,,448,
1771335978.570,unsolicited,448,7,1205,C0|07|08|00|00|00|0E
1771335978.570,unsolicited,448,7,1205,C0|07|08|00|00|00|0E
1771335979.206,solicited,1268,,448,
1771335979.275,unsolicited,448,7,1268,C0|07|08|00|00|00|0E
1771335979.309,unsolicited,448,7,1268,C0|07|08|00|00|00|0E
1771335979.309,unsolicited,448,7,1268,C0|07|08|00|00|00|0E
1771335979.342,unsolicited,448,7,1268,C0|07|08|00|00|00|0E
1771335979.343,unsolicited,448,7,1268,C0|07|08|00|00|00|0E
1771335979.375,unsolicited,448,7,1268,C0|07|08|00|00|00|0E
1771335979.475,unsolicited,448,7,1268,C0|07|08|00|00|00|0E
1771335979.475,unsolicited,448,7,1268,C0|07|08|00|00|00|0E
1771335979.609,unsolicited,448,7,1268,C0|07|08|00|00|00|0E
1771335979.610,unsolicited,448,7,1268,C0|07|08|00|00|00|0E
1771335979.610,unsolicited,448,7,1268,C0|07|08|00|00|00|0E
1771335981.324,unsolicited,448,7,1268,C0|07|08|00|00|00|0E
1771335981.355,unsolicited,448,7,1268,C0|07|08|00|00|00|0E
1771335981.355,solicited,1266,,448,
1771335981.457,unsolicited,448,7,1266,C0|07|08|00|00|00|0E
1771335981.457,unsolicited,448,7,1266,C0|07|08|00|00|00|0E
1771335981.724,unsolicited,448,7,1266,C0|07|08|00|00|00|0E
1771335983.596,unsolicited,448,7,1266,C0|07|08|00|00|00|0E
1771335983.833,unsolicited,448,7,1266,C0|07|08|00|00|00|0E
1771335983.834,unsolicited,448,7,1266,C0|07|08|00|00|00|0E
1771335983.867,unsolicited,448,7,1266,C0|07|08|00|00|00|0E
1771335984.138,unsolicited,448,7,1266,C0|07|08|00|00|00|0E
1771335984.171,solicited,1225,,448,
1771335984.572,unsolicited,448,7,1225,C0|07|08|00|00|00|0E
1771335984.572,unsolicited,448,7,1225,C0|07|08|00|00|00|0E
1771335984.673,solicited,1219,,448,
1771335984.739,unsolicited,448,7,1219,C0|07|08|00|00|00|0E
1771335984.739,unsolicited,448,7,1219,C0|07|08|00|00|00|0E
1771335984.774,unsolicited,448,7,1219,C0|07|08|00|00|00|0E
1771335984.874,unsolicited,448,7,1219,C0|07|08|00|00|00|0E
1771335984.908,unsolicited,448,7,1219,C0|07|08|00|00|00|0E
1771335985.143,unsolicited,448,7,1219,C0|07|08|00|00|00|0E
1771335985.210,solicited,1222,,448,
1771335985.277,unsolicited,448,7,1222,C0|07|08|00|00|00|0E
1771335985.311,unsolicited,448,7,1222,C0|07|08|00|00|00|0E
1771335985.479,unsolicited,448,7,1222,C0|07|08|00|00|00|0E
1771335986.725,solicited,1185,,448,
1771335986.726,unsolicited,448,7,1185,C0|07|08|00|00|00|0E
1771335986.759,unsolicited,448,7,1185,C0|07|08|00|00|00|0E
1771335986.760,unsolicited,448,7,1185,C0|07|08|00|00|00|0E
1771335987.030,unsolicited,448,7,1185,C0|07|08|00|00|00|0E
1771335987.062,unsolicited,448,7,1185,C0|07|08|00|00|00|0E
1771335987.197,unsolicited,448,7,1185,C0|07|08|00|00|00|0E
1771335987.364,solicited,1232,,448,
1771335987.364,unsolicited,448,7,1232,C0|07|08|00|00|00|0E
1771335987.365,unsolicited,448,7,1232,C0|07|08|00|00|00|0E
1771335987.635,unsolicited,448,7,1232,C0|07|08|00|00|00|0E
1771335987.635,unsolicited,448,7,1232,C0|07|08|00|00|00|0E
1771335987.869,solicited,1196,,448,
1771335988.004,unsolicited,448,7,1196,C0|07|08|00|00|00|0E
1771335988.071,unsolicited,448,7,1196,C0|07|08|00|00|00|0E
1771335988.071,unsolicited,448,7,1196,C0|07|08|00|00|00|0E
1771335988.106,unsolicited,448,7,1196,C0|07|08|00|00|00|0E
1771335988.106,unsolicited,448,7,1196,C0|07|08|00|00|00|0E
1771335988.106,unsolicited,448,7,1196,C0|07|08|00|00|00|0E
1771335988.676,solicited,1175,,448,
1771335988.742,unsolicited,448,7,1175,C0|07|08|00|00|00|0E
1771335988.742,unsolicited,448,7,1175,C0|07|08|00|00|00|0E
1771335989.011,unsolicited,448,7,1175,C0|07|08|00|00|00|0E
1771335989.045,unsolicited,448,7,1175,C0|07|08|00|00|00|0E
1771335989.045,unsolicited,448,7,1175,C0|07|08|00|00|00|0E
1771335989.080,unsolicited,448,7,1175,C0|07|08|00|00|00|0E
1771335989.179,unsolicited,448,7,1175,C0|07|08|00|00|00|0E
1771335989.212,solicited,1217,,448,
1771335989.412,unsolicited,448,7,1217,C0|07|08|00|00|00|0E
1771335989.714,solicited,1235,,448,
1771335990.015,unsolicited,0,0,1235,C0|00|08|00|00|00|07
1771335990.250,solicited,1167,,0,
1771335990.584,unsolicited,0,0,1167,C0|00|08|00|00|00|07
1771335990.586,unsolicited,0,0,1167,C0|00|08|00|00|00|07
1771335990.617,unsolicited,0,0,1167,C0|00|08|00|00|00|07
1771335990.618,unsolicited,0,0,1167,C0|00|08|00|00|00|07
1771335990.719,unsolicited,0,0,1167,C0|00|08|00|00|00|07
1771335990.752,unsolicited,0,0,1167,C0|00|08|00|00|00|07
1771335990.753,unsolicited,0,0,1167,C0|00|08|00|00|00|07
1771335990.786,solicited,327,,0,
1771335991.898,solicited,0,,0,
1771335991.998,unsolicited,0,0,0,C0|00|08|00|00|00|07
1771335992.099,unsolicited,0,0,0,C0|00|08|00|00|00|07
1771335992.199,unsolicited,0,0,0,C0|00|08|00|00|00|07
1771335992.401,unsolicited,0,0,0,C0|00|08|00|00|00|07
1771335992.435,solicited,0,,0,
1771335992.435,unsolicited,0,0,0,C0|00|08|00|00|00|07
1771335992.468,unsolicited,0,0,0,C0|00|08|00|00|00|07
1771335992.635,unsolicited,0,0,0,C0|00|08|00|00|00|07
1771335992.669,unsolicited,0,0,0,C0|00|08|00|00|00|07
1771335992.838,unsolicited,0,0,0,C0|00|08|00|00|00|07
1771335992.872,unsolicited,0,0,0,C0|00|08|00|00|00|07
1771335992.872,unsolicited,0,0,0,C0|00|08|00|00|00|07
1771335992.873,unsolicited,0,0,0,C0|00|08|00|00|00|07
1771335992.906,unsolicited,0,0,0,C0|00|08|00|00|00|07
1771335992.940,solicited,0,,0,
1771335993.207,unsolicited,0,0,0,C0|00|08|00|00|00|07
1771335993.476,solicited,0,,0,
1771335993.476,unsolicited,0,0,0,C0|00|08|00|00|00|07
1771335993.510,unsolicited,0,0,0,C0|00|08|00|00|00|07
1771335993.510,unsolicited,0,0,0,C0|00|08|00|00|00|07
1771335994.050,solicited,0,,0,
1771335994.285,unsolicited,0,0,0,C0|00|08|00|00|00|07
1771335994.353,unsolicited,0,0,0,C0|00|08|00|00|00|07
1771335994.387,unsolicited,0,0,0,C0|00|08|00|00|00|07
1771335994.591,unsolicited,0,0,0,C0|00|08|00|00|00|07
1771335994.623,solicited,0,,0,
1771335995.092,unsolicited,0,0,0,C0|00|08|00|00|00|07
1771335995.160,solicited,0,,0,
1771335996.167,solicited,0,,0,
1771335996.268,unsolicited,0,0,0,C0|00|08|00|00|00|07
1771335996.299,unsolicited,0,0,0,C0|00|08|00|00|00|07
1771335996.299,unsolicited,0,0,0,C0|00|08|00|00|00|07
1771335996.300,unsolicited,0,0,0,C0|00|08|00|00|00|07
1771335996.300,unsolicited,0,0,0,C0|00|08|00|00|00|07
1771335996.398,unsolicited,0,0,0,C0|00|08|00|00|00|07
1771335996.399,unsolicited,0,0,0,C0|00|08|00|00|00|07
1771335996.431,unsolicited,0,0,0,C0|00|08|00|00|00|07
1771335996.531,unsolicited,0,0,0,C0|00|08|00|00|00|07
1771335996.565,unsolicited,0,0,0,C0|00|08|00|00|00|07
1771335996.600,unsolicited,0,0,0,C0|00|08|00|00|00|07
1771335996.632,unsolicited,0,0,0,C0|00|08|00|00|00|07
1771335996.734,solicited,0,,0,
1771335996.833,unsolicited,0,0,0,C0|00|08|00|00|00|07
1771335996.866,unsolicited,0,0,0,C0|00|08|00|00|00|07
1771335996.866,unsolicited,0,0,0,C0|00|08|00|00|00|07
1771335996.901,unsolicited,0,0,0,C0|00|08|00|00|00|07
1771335997.002,unsolicited,0,0,0,C0|00|08|00|00|00|07
1771335997.035,unsolicited,0,0,0,C0|00|08|00|00|00|07
1771335997.035,unsolicited,0,0,0,C0|00|08|00|00|00|07
1771335997.069,unsolicited,0,0,0,C0|00|08|00|00|00|07
1771335997.202,unsolicited,0,0,0,C0|00|08|00|00|00|07
1771335997.236,solicited,0,,0,
1771335997.472,unsolicited,0,0,0,C0|00|08|00|00|00|07
1771335997.538,unsolicited,0,0,0,C0|00|08|00|00|00|07
1771335997.539,unsolicited,0,0,0,C0|00|08|00|00|00|07
1771335997.572,unsolicited,0,0,0,C0|00|08|00|00|00|07
1771335997.572,unsolicited,0,0,0,C0|00|08|00|00|00|07
1771335997.739,solicited,0,,0,
1771335997.840,unsolicited,0,0,0,C0|00|08|00|00|00|07
1771335997.841,unsolicited,0,0,0,C0|00|08|00|00|00|07
1771335998.038,unsolicited,0,0,0,C0|00|08|00|00|00|07
1771335998.039,unsolicited,0,0,0,C0|00|08|00|00|00|07
1771335998.071,unsolicited,0,0,0,C0|00|08|00|00|00|07
1771335998.072,unsolicited,0,0,0,C0|00|08|00|00|00|07
1771335998.072,unsolicited,0,0,0,C0|00|08|00|00|00|07
1771335998.104,unsolicited,0,0,0,C0|00|08|00|00|00|07
1771335998.138,unsolicited,0,0,0,C0|00|08|00|00|00|07
1771335998.139,unsolicited,0,0,0,C0|00|08|00|00|00|07
1771335998.240,solicited,0,,0,
1771335998.438,unsolicited,0,0,0,C0|00|08|00|00|00|07
1771335998.438,unsolicited,0,0,0,C0|00|08|00|00|00|07
1771335998.472,unsolicited,0,0,0,C0|00|08|00|00|00|07
1771335999.479,unsolicited,0,0,0,C0|00|08|00|00|00|07
1771335999.750,solicited,0,,0,
1771336000.120,unsolicited,0,0,0,C0|00|08|00|00|00|07
1771336000.153,unsolicited,0,0,0,C0|00|08|00|00|00|07
1771336000.185,unsolicited,0,0,0,C0|00|08|00|00|00|07
1771336000.186,unsolicited,0,0,0,C0|00|08|00|00|00|07
1771336000.251,unsolicited,0,0,0,C0|00|08|00|00|00|07
1771336000.252,solicited,0,,0,
1771336000.553,unsolicited,0,0,0,C0|00|08|00|00|00|07
1771336000.621,unsolicited,0,0,0,C0|00|08|00|00|00|07
1771336000.656,unsolicited,0,0,0,C0|00|08|00|00|00|07
1771336000.755,solicited,0,,0,
1771336001.091,unsolicited,0,0,0,C0|00|08|00|00|00|07
1771336001.292,solicited,0,,0,
1771336001.359,unsolicited,0,0,0,C0|00|08|00|00|00|07
1771336001.360,unsolicited,0,0,0,C0|00|08|00|00|00|07
1771336001.392,unsolicited,0,0,0,C0|00|08|00|00|00|07
1771336001.393,unsolicited,0,0,0,C0|00|08|00|00|00|07
1771336001.696,unsolicited,0,0,0,C0|00|08|00|00|00|07
1771336001.831,solicited,0,,0,
1771336001.899,unsolicited,0,0,0,C0|00|08|00|00|00|07
1771336002.033,unsolicited,0,0,0,C0|00|08|00|00|00|07
1771336002.033,unsolicited,0,0,0,C0|00|08|00|00|00|07
1771336002.068,unsolicited,0,0,0,C0|00|08|00|00|00|07
1771336002.168,unsolicited,0,0,0,C0|00|08|00|00|00|07
1771336002.168,unsolicited,0,0,0,C0|00|08|00|00|00|07
1771336002.202,unsolicited,0,0,0,C0|00|08|00|00|00|07
1771336002.202,unsolicited,0,0,0,C0|00|08|00|00|00|07
1771336002.203,unsolicited,0,0,0,C0|00|08|00|00|00|07
1771336002.203,unsolicited,0,0,0,C0|00|08|00|00|00|07
1771336002.335,solicited,0,,0,
1771336002.569,unsolicited,0,0,0,C0|00|08|00|00|00|07
1771336002.569,unsolicited,0,0,0,C0|00|08|00|00|00|07
1771336002.603,unsolicited,0,0,0,C0|00|08|00|00|00|07
1771336002.637,unsolicited,0,0,0,C0|00|08|00|00|00|07
1771336002.637,unsolicited,0,0,0,C0|00|08|00|00|00|07
1771336002.638,unsolicited,0,0,0,C0|00|08|00|00|00|07
1771336002.671,unsolicited,0,0,0,C0|00|08|00|00|00|07
1771336002.671,unsolicited,0,0,0,C0|00|08|00|00|00|07
1771336002.671,unsolicited,0,0,0,C0|00|08|00|00|00|07
1771336002.705,unsolicited,0,0,0,C0|00|08|00|00|00|07
1771336002.705,unsolicited,0,0,0,C0|00|08|00|00|00|07
1771336002.705,unsolicited,0,0,0,C0|00|08|00|00|00|07
1771336002.705,unsolicited,0,0,0,C0|00|08|00|00|00|07
1771336002.738,unsolicited,0,0,0,C0|00|08|00|00|00|07
1771336002.772,unsolicited,0,0,0,C0|00|08|00|00|00|07
1771336002.840,solicited,0,,0,
1771336002.907,unsolicited,0,0,0,C0|00|08|00|00|00|07
1771336002.907,unsolicited,0,0,0,C0|00|08|00|00|00|07
1771336002.941,unsolicited,0,0,0,C0|00|08|00|00|00|07
1771336002.941,unsolicited,0,0,0,C0|00|08|00|00|00|07
1771336003.009,unsolicited,0,0,0,C0|00|08|00|00|00|07
1771336003.043,unsolicited,0,0,0,C0|00|08|00|00|00|07
1771336003.077,unsolicited,0,0,0,C0|00|08|00|00|00|07
1771336003.078,unsolicited,0,0,0,C0|00|08|00|00|00|07
1771336003.211,unsolicited,0,0,0,C0|00|08|00|00|00|07
1771336003.345,solicited,0,,0,
1771336003.750,unsolicited,0,0,0,C0|00|08|00|00|00|07
1771336003.852,solicited,0,,0,
1771336006.102,solicited,0,,0,
1771336006.438,unsolicited,0,0,0,C0|00|08|00|00|00|07
1771336006.572,unsolicited,0,0,0,C0|00|08|00|00|00|07
1771336006.606,unsolicited,0,0,0,C0|00|08|00|00|00|07
1771336006.606,solicited,0,,0,
1771336006.807,unsolicited,0,0,0,C0|00|08|00|00|00|07
1771336006.807,unsolicited,0,0,0,C0|00|08|00|00|00|07
1771336006.908,unsolicited,0,0,0,C0|00|08|00|00|00|07
1771336007.041,unsolicited,0,0,0,C0|00|08|00|00|00|07
1771336007.042,unsolicited,0,0,0,C0|00|08|00|00|00|07
1771336007.074,unsolicited,0,0,0,C0|00|08|00|00|00|07
1771336007.108,unsolicited,0,0,0,C0|00|08|00|00|00|07
1771336007.109,solicited,0,,0,
1771336007.142,unsolicited,0,0,0,C0|00|08|00|00|00|07
1771336007.175,unsolicited,0,0,0,C0|00|08|00|00|00|07
1771336007.344,unsolicited,0,0,0,C0|00|08|00|00|00|07
1771336008.559,solicited,0,,0,
1771336008.661,unsolicited,0,0,0,C0|00|08|00|00|00|07
1771336008.661,unsolicited,0,0,0,C0|00|08|00|00|00|07
1771336008.897,unsolicited,0,0,0,C0|00|08|00|00|00|07
1771336008.964,unsolicited,0,0,0,C0|00|08|00|00|00|07
1771336008.997,unsolicited,0,0,0,C0|00|08|00|00|00|07
1771336008.998,unsolicited,0,0,0,C0|00|08|00|00|00|07
1771336008.998,unsolicited,0,0,0,C0|00|08|00|00|00|07
1771336009.031,unsolicited,0,0,0,C0|00|08|00|00|00|07
1771336009.033,unsolicited,0,0,0,C0|00|08|00|00|00|07
1771336009.065,solicited,0,,0,
1771336009.300,unsolicited,0,0,0,C0|00|08|00|00|00|07
1771336009.300,unsolicited,0,0,0,C0|00|08|00|00|00|07
1771336009.333,unsolicited,0,0,0,C0|00|08|00|00|00|07
1771336009.367,unsolicited,0,0,0,C0|00|08|00|00|00|07
1771336009.469,unsolicited,0,0,0,C0|00|08|00|00|00|07
1771336009.503,unsolicited,0,0,0,C0|00|08|00|00|00|07
1771336009.536,unsolicited,0,0,0,C0|00|08|00|00|00|07
1771336009.536,unsolicited,0,0,0,C0|00|08|00|00|00|07
1771336009.602,solicited,0,,0,
1771336009.602,unsolicited,0,0,0,C0|00|08|00|00|00|07
1771336009.636,unsolicited,0,0,0,C0|00|08|00|00|00|07
1771336009.671,unsolicited,0,0,0,C0|00|08|00|00|00|07
1771336009.671,unsolicited,0,0,0,C0|00|08|00|00|00|07
1771336009.705,unsolicited,0,0,0,C0|00|08|00|00|00|07
1771336009.738,unsolicited,0,0,0,C0|00|08|00|00|00|07
1771336009.772,unsolicited,0,0,0,C0|00|08|00|00|00|07
1771336009.805,unsolicited,0,0,0,C0|00|08|00|00|00|07
1771336009.839,unsolicited,0,0,0,C0|00|08|00|00|00|07
1771336009.871,unsolicited,0,0,0,C0|00|08|00|00|00|07
1771336009.904,unsolicited,0,0,0,C0|00|08|00|00|00|07
1771336009.905,unsolicited,0,0,0,C0|00|08|00|00|00|07
1771336012.121,unsolicited,0,0,0,C0|00|08|00|00|00|07
1771336012.155,solicited,0,,0,
1771336012.393,unsolicited,0,0,0,C0|00|08|00|00|00|07
1771336012.494,unsolicited,0,0,0,C0|00|08|00|00|00|07
1771336012.561,unsolicited,0,0,0,C0|00|08|00|00|00|07
1771336012.594,unsolicited,0,0,0,C0|00|08|00|00|00|07
1771336012.594,unsolicited,0,0,0,C0|00|08|00|00|00|07
1771336012.595,unsolicited,0,0,0,C0|00|08|00|00|00|07
1771336012.695,unsolicited,0,0,0,C0|00|08|00|00|00|07
1771336012.695,unsolicited,0,0,0,C0|00|08|00|00|00|07
1771336012.728,solicited,0,,0,
1771336012.761,unsolicited,0,0,0,C0|00|08|00|00|00|07
1771336012.796,unsolicited,0,0,0,C0|00|08|00|00|00|07
1771336012.830,unsolicited,0,0,0,C0|00|08|00|00|00|07
1771336012.863,unsolicited,0,0,0,C0|00|08|00|00|00|07
1771336012.863,unsolicited,0,0,0,C0|00|08|00|00|00|07
1771336012.897,unsolicited,0,0,0,C0|00|08|00|00|00|07
1771336012.931,unsolicited,0,0,0,C0|00|08|00|00|00|07
1771336013.098,unsolicited,0,0,0,C0|00|08|00|00|00|07
1771336013.131,unsolicited,0,0,0,C0|00|08|00|00|00|07
1771336013.132,unsolicited,0,0,0,C0|00|08|00|00|00|07
1771336013.132,unsolicited,0,0,0,C0|00|08|00|00|00|07
1771336013.165,unsolicited,0,0,0,C0|00|08|00|00|00|07
1771336013.199,unsolicited,0,0,0,C0|00|08|00|00|00|07
1771336013.233,solicited,0,,0,
1771336013.334,unsolicited,0,0,0,C0|00|08|00|00|00|07
1771336013.401,unsolicited,0,0,0,C0|00|08|00|00|00|07
1771336013.401,unsolicited,0,0,0,C0|00|08|00|00|00|07
1771336013.401,unsolicited,0,0,0,C0|00|08|00|00|00|07
1771336013.402,unsolicited,0,0,0,C0|00|08|00|00|00|07
1771336013.435,unsolicited,0,0,0,C0|00|08|00|00|00|07
1771336013.436,unsolicited,0,0,0,C0|00|08|00|00|00|07
1771336013.469,unsolicited,0,0,0,C0|00|08|00|00|00|07
1771336013.502,unsolicited,0,0,0,C0|00|08|00|00|00|07
1771336013.502,unsolicited,0,0,0,C0|00|08|00|00|00|07
1771336013.536,unsolicited,0,0,0,C0|00|08|00|00|00|07
1771336013.536,unsolicited,0,0,0,C0|00|08|00|00|00|07
1771336013.570,unsolicited,0,0,0,C0|00|08|00|00|00|07
1771336013.570,unsolicited,0,0,0,C0|00|08|00|00|00|07
1771336013.975,unsolicited,0,0,0,C0|00|08|00|00|00|07
1771336014.009,unsolicited,0,0,0,C0|00|08|00|00|00|07
1771336014.043,unsolicited,0,0,0,C0|00|08|00|00|00|07
1771336014.076,unsolicited,0,0,0,C0|00|08|00|00|00|07
1771336014.076,unsolicited,0,0,0,C0|00|08|00|00|00|07
1771336014.109,unsolicited,0,0,0,C0|00|08|00|00|00|07
1771336014.109,unsolicited,0,0,0,C0|00|08|00|00|00|07
1771336014.478,solicited,0,,0,
1771336014.579,unsolicited,0,0,0,C0|00|08|00|00|00|07
1771336014.748,unsolicited,0,0,0,C0|00|08|00|00|00|07
1771336014.882,unsolicited,0,0,0,C0|00|08|00|00|00|07
1771336014.883,unsolicited,0,0,0,C0|00|08|00|00|00|07
1771336014.915,unsolicited,0,0,0,C0|00|08|00|00|00|07
1771336014.916,unsolicited,0,0,0,C0|00|08|00|00|00|07
1771336014.948,solicited,0,,0,
1771336015.050,unsolicited,0,0,0,C0|00|08|00|00|00|07
1771336015.084,unsolicited,0,0,0,C0|00|08|00|00|00|07
1771336015.084,unsolicited,0,0,0,C0|00|08|00|00|00|07
1771336015.118,unsolicited,0,0,0,C0|00|08|00|00|00|07
1771336015.152,unsolicited,0,0,0,C0|00|08|00|00|00|07
1771336015.186,unsolicited,0,0,0,C0|00|08|00|00|00|07
1771336015.186,unsolicited,0,0,0,C0|00|08|00|00|00|07
1771336015.187,unsolicited,0,0,0,C0|00|08|00|00|00|07
1771336015.353,unsolicited,0,0,0,C0|00|08|00|00|00|07
1771336015.386,unsolicited,0,0,0,C0|00|08|00|00|00|07
1771336015.386,unsolicited,0,0,0,C0|00|08|00|00|00|07
1771336015.488,solicited,0,,0,
1771336016.660,unsolicited,0,0,0,C0|00|08|00|00|00|07
1771336016.692,unsolicited,0,0,0,C0|00|08|00|00|00|07
1771336016.693,unsolicited,0,0,0,C0|00|08|00|00|00|07
1771336016.693,solicited,0,,0,
1771336016.793,unsolicited,0,0,0,C0|00|08|00|00|00|07
1771336017.231,unsolicited,0,0,0,C0|00|08|00|00|00|07
1771336017.265,solicited,0,,0,
1771336017.298,unsolicited,0,0,0,C0|00|08|00|00|00|07
1771336017.332,unsolicited,0,0,0,C0|00|08|00|00|00|07
1771336017.332,unsolicited,0,0,0,C0|00|08|00|00|00|07
1771336017.333,unsolicited,0,0,0,C0|00|08|00|00|00|07
1771336017.365,unsolicited,0,0,0,C0|00|08|00|00|00|07
1771336017.399,unsolicited,0,0,0,C0|00|08|00|00|00|07
1771336017.399,unsolicited,0,0,0,C0|00|08|00|00|00|07
1771336017.466,unsolicited,0,0,0,C0|00|08|00|00|00|07
1771336017.466,unsolicited,0,0,0,C0|00|08|00|00|00|07
1771336017.634,unsolicited,0,0,0,C0|00|08|00|00|00|07
1771336017.769,solicited,0,,0,
1771336017.836,unsolicited,0,0,0,C0|00|08|00|00|00|07
1771336017.870,unsolicited,0,0,0,C0|00|08|00|00|00|07
1771336017.937,unsolicited,0,0,0,C0|00|08|00|00|00|07
1771336017.969,unsolicited,0,0,0,C0|00|08|00|00|00|07
1771336017.969,unsolicited,0,0,0,C0|00|08|00|00|00|07
1771336017.970,unsolicited,0,0,0,C0|00|08|00|00|00|07
1771336018.002,unsolicited,0,0,0,C0|00|08|00|00|00|07
1771336018.036,unsolicited,0,0,0,C0|00|08|00|00|00|07
1771336018.036,unsolicited,0,0,0,C0|00|08|00|00|00|07
1771336019.845,solicited,0,,0,
1771336020.215,unsolicited,0,0,0,C0|00|08|00|00|00|07
1771336020.216,unsolicited,0,0,0,C0|00|08|00|00|00|07
1771336020.283,unsolicited,0,0,0,C0|00|08|00|00|00|07
1771336020.283,unsolicited,0,0,0,C0|00|08|00|00|00|07
1771336020.416,solicited,0,,0,
1771336020.483,unsolicited,0,0,0,C0|00|08|00|00|00|07
1771336020.550,unsolicited,0,0,0,C0|00|08|00|00|00|07
1771336020.584,unsolicited,0,0,0,C0|00|08|00|00|00|07
1771336020.585,unsolicited,0,0,0,C0|00|08|00|00|00|07
1771336020.619,unsolicited,0,0,0,C0|00|08|00|00|00|07
1771336020.619,unsolicited,0,0,0,C0|00|08|00|00|00|07
1771336020.619,unsolicited,0,0,0,C0|00|08|00|00|00|07
1771336020.653,unsolicited,0,0,0,C0|00|08|00|00|00|07
1771336020.653,unsolicited,0,0,0,C0|00|08|00|00|00|07
1771336020.755,unsolicited,0,0,0,C0|00|08|00|00|00|07
1771336020.755,unsolicited,0,0,0,C0|00|08|00|00|00|07
1771336020.921,solicited,0,,0,
1771336021.089,unsolicited,0,0,0,C0|00|08|00|00|00|07
1771336021.122,unsolicited,0,0,0,C0|00|08|00|00|00|07
1771336021.122,unsolicited,0,0,0,C0|00|08|00|00|00|07
1771336021.156,unsolicited,0,0,0,C0|00|08|00|00|00|07
1771336021.157,unsolicited,0,0,0,C0|00|08|00|00|00|07
1771336021.190,unsolicited,0,0,0,C0|00|08|00|00|00|07
1771336021.190,unsolicited,0,0,0,C0|00|08|00|00|00|07
1771336021.191,unsolicited,0,0,0,C0|00|08|00|00|00|07
1771336021.191,unsolicited,0,0,0,C0|00|08|00|00|00|07
1771336021.223,unsolicited,0,0,0,C0|00|08|00|00|00|07
1771336023.007,solicited,0,,0,
1771336023.308,unsolicited,0,0,0,C0|00|08|00|00|00|07
1771336023.343,unsolicited,0,0,0,C0|00|08|00|00|00|07
1771336023.446,unsolicited,0,0,0,C0|00|08|00|00|00|07
1771336023.479,unsolicited,0,0,0,C0|00|08|00|00|00|07
1771336023.779,unsolicited,0,0,0,C0|00|08|00|00|00|07
1771336023.813,unsolicited,0,0,0,C0|00|08|00|00|00|07
1771336023.814,unsolicited,0,0,0,C0|00|08|00|00|00|07
1771336023.814,unsolicited,0,0,0,C0|00|08|00|00|00|07
1771336023.915,unsolicited,0,0,0,C0|00|08|00|00|00|07
1771336023.948,unsolicited,0,0,0,C0|00|08|00|00|00|07
1771336023.948,unsolicited,0,0,0,C0|00|08|00|00|00|07
1771336023.949,unsolicited,0,0,0,C0|00|08|00|00|00|07
1771336023.949,unsolicited,0,0,0,C0|00|08|00|00|00|07
1771336023.981,unsolicited,0,0,0,C0|00|08|00|00|00|07
1771336023.982,unsolicited,0,0,0,C0|00|08|00|00|00|07
1771336024.015,solicited,0,,0,
1771336024.150,unsolicited,0,0,0,C0|00|08|00|00|00|07
1771336024.151,unsolicited,0,0,0,C0|00|08|00|00|00|07
1771336024.183,unsolicited,0,0,0,C0|00|08|00|00|00|07
1771336024.285,unsolicited,0,0,0,C0|00|08|00|00|00|07
1771336024.285,unsolicited,0,0,0,C0|00|08|00|00|00|07
1771336025.557,solicited,0,,0,
1771336025.997,unsolicited,0,0,0,C0|00|08|00|00|00|07
1771336026.029,unsolicited,0,0,0,C0|00|08|00|00|00|07
1771336026.063,solicited,0,,0,
1771336026.196,unsolicited,0,0,0,C0|00|08|00|00|00|07
1771336026.196,unsolicited,0,0,0,C0|00|08|00|00|00|07
1771336026.230,unsolicited,0,0,0,C0|00|08|00|00|00|07
1771336026.230,unsolicited,0,0,0,C0|00|08|00|00|00|07
1771336026.263,unsolicited,0,0,0,C0|00|08|00|00|00|07
1771336026.364,unsolicited,0,0,0,C0|00|08|00|00|00|07
1771336026.397,unsolicited,0,0,0,C0|00|08|00|00|00|07
1771336026.397,unsolicited,0,0,0,C0|00|08|00|00|00|07
1771336026.398,unsolicited,0,0,0,C0|00|08|00|00|00|07
1771336026.431,unsolicited,0,0,0,C0|00|08|00|00|00|07
1771336026.566,solicited,0,,0,
1771336026.600,unsolicited,0,0,0,C0|00|08|00|00|00|07
1771336026.632,unsolicited,0,0,0,C0|00|08|00|00|00|07
1771336026.633,unsolicited,0,0,0,C0|00|08|00|00|00|07
1771336026.666,unsolicited,0,0,0,C0|00|08|00|00|00|07
1771336026.666,unsolicited,0,0,0,C0|00|08|00|00|00|07
1771336026.699,unsolicited,0,0,0,C0|00|08|00|00|00|07
1771336026.699,unsolicited,0,0,0,C0|00|08|00|00|00|07
1771336026.700,unsolicited,0,0,0,C0|00|08|00|00|00|07
1771336026.732,unsolicited,0,0,0,C0|00|08|00|00|00|07
1771336026.834,unsolicited,0,0,0,C0|00|08|00|00|00|07
1771336026.834,unsolicited,0,0,0,C0|00|08|00|00|00|07
1771336026.902,unsolicited,0,0,0,C0|00|08|00|00|00|07
1771336026.902,unsolicited,0,0,0,C0|00|08|00|00|00|07
1771336026.936,unsolicited,0,0,0,C0|00|08|00|00|00|07
1771336026.969,unsolicited,0,0,0,C0|00|08|00|00|00|07
1771336026.969,unsolicited,0,0,0,C0|00|08|00|00|00|07
1771336028.715,solicited,0,,0,
1771336031.304,unsolicited,0,0,0,C0|00|08|00|00|00|07
1771336031.304,unsolicited,0,0,0,C0|00|08|00|00|00|07
1771336031.539,unsolicited,0,0,0,C0|00|08|00|00|00|07
1771336031.872,solicited,0,,0,
1771336031.972,unsolicited,0,0,0,C0|00|08|00|00|00|07
1771336032.105,unsolicited,0,0,0,C0|00|08|00|00|00|07
1771336032.239,unsolicited,0,0,0,C0|00|08|00|00|00|07
1771336032.272,unsolicited,0,0,0,C0|00|08|00|00|00|07
1771336032.272,unsolicited,0,0,0,C0|00|08|00|00|00|07
1771336032.305,unsolicited,0,0,0,C0|00|08|00|00|00|07
1771336032.306,unsolicited,0,0,0,C0|00|08|00|00|00|07
1771336032.338,unsolicited,0,0,0,C0|00|08|00|00|00|07
1771336032.339,unsolicited,0,0,0,C0|00|08|00|00|00|07
1771336032.371,solicited,0,,0,
1771336032.473,unsolicited,0,0,0,C0|00|08|00|00|00|07
1771336032.506,unsolicited,0,0,0,C0|00|08|00|00|00|07
1771336032.540,unsolicited,0,0,0,C0|00|08|00|00|00|07
1771336032.540,unsolicited,0,0,0,C0|00|08|00|00|00|07
1771336032.573,unsolicited,0,0,0,C0|00|08|00|00|00|07
1771336032.607,unsolicited,0,0,0,C0|00|08|00|00|00|07
1771336032.640,unsolicited,0,0,0,C0|00|08|00|00|00|07
1771336032.641,unsolicited,0,0,0,C0|00|08|00|00|00|07
1771336032.641,unsolicited,0,0,0,C0|00|08|00|00|00|07
1771336032.674,unsolicited,0,0,0,C0|00|08|00|00|00|07
1771336032.674,unsolicited,0,0,0,C0|00|08|00|00|00|07
1771336032.674,unsolicited,0,0,0,C0|00|08|00|00|00|07
1771336032.709,unsolicited,0,0,0,C0|00|08|00|00|00|07
1771336032.741,unsolicited,0,0,0,C0|00|08|00|00|00|07
1771336032.775,unsolicited,0,0,0,C0|00|08|00|00|00|07
1771336032.808,unsolicited,0,0,0,C0|00|08|00|00|00|07
1771336034.017,solicited,0,,0,
1771336036.576,unsolicited,0,0,0,C0|00|08|00|00|00|07
1771336036.609,solicited,0,,0,
1771336036.643,unsolicited,0,0,0,C0|00|08|00|00|00|07
1771336038.092,solicited,0,,0,
1771336038.159,unsolicited,0,0,0,C8|00|08|05|00|00|14
1771336038.930,solicited,1236,,0,
1771336039.268,unsolicited,0,0,1236,C8|00|08|00|00|00|0F
1771336041.128,solicited,1157,,0,
1771336041.262,unsolicited,0,0,1157,C8|00|08|00|00|00|0F
1771336041.263,unsolicited,0,0,1157,C8|00|08|00|00|00|0F
1771336041.700,unsolicited,0,0,1157,C0|00|08|00|00|00|07
1771336042.107,unsolicited,0,0,1157,C0|00|08|00|00|00|07
1771336042.239,solicited,1299,,0,
1771336042.509,unsolicited,0,0,1299,C0|00|08|00|00|00|07
1771336043.316,unsolicited,0,0,1299,C0|00|08|00|00|00|07
1771336043.383,solicited,1322,,0,
1771336045.031,solicited,1341,,0,
1771336047.343,solicited,1299,,0,
1771336047.781,unsolicited,448,7,1299,C0|07|08|00|00|00|0E
1771336048.116,unsolicited,448,7,1299,C0|07|08|00|00|00|0E
1771336048.250,unsolicited,448,7,1299,C0|07|08|00|00|00|0E
1771336048.419,solicited,1278,,448,
1771336048.419,unsolicited,448,7,1278,C0|07|08|00|00|00|0E
1771336048.419,unsolicited,448,7,1278,C0|07|08|00|00|00|0E
1771336048.453,unsolicited,448,7,1278,C0|07|08|00|00|00|0E
1771336048.453,unsolicited,448,7,1278,C0|07|08|00|00|00|0E
1771336048.454,unsolicited,448,7,1278,C0|07|08|00|00|00|0E
1771336048.588,unsolicited,448,7,1278,C0|07|08|00|00|00|0E
1771336048.656,unsolicited,448,7,1278,C0|07|08|00|00|00|0E
1771336048.688,unsolicited,448,7,1278,C0|07|08|00|00|00|0E
1771336049.462,unsolicited,448,7,1278,C0|07|08|00|00|00|0E
1771336049.495,solicited,1254,,448,
1771336051.078,solicited,1247,,448,
1771336051.178,unsolicited,448,7,1247,C0|07|08|00|00|00|0E
1771336051.178,unsolicited,448,7,1247,C0|07|08|00|00|00|0E
1771336051.245,unsolicited,448,7,1247,C0|07|08|00|00|00|0E
1771336051.245,unsolicited,448,7,1247,C0|07|08|00|00|00|0E
1771336051.313,unsolicited,448,7,1247,C0|07|08|00|00|00|0E
1771336051.550,unsolicited,448,7,1247,C0|07|08|00|00|00|0E
1771336051.583,solicited,1250,,448,
1771336051.650,unsolicited,448,7,1250,C0|07|08|00|00|00|0E
1771336051.683,unsolicited,448,7,1250,C0|07|08|00|00|00|0E
1771336052.123,unsolicited,448,7,1250,C0|07|08|00|00|00|0E
1771336052.157,solicited,1247,,448,
1771336052.357,unsolicited,448,7,1247,C0|07|08|00|00|00|0E
1771336052.358,unsolicited,448,7,1247,C0|07|08|00|00|00|0E
1771336052.390,unsolicited,448,7,1247,C0|07|08|00|00|00|0E
1771336052.391,unsolicited,448,7,1247,C0|07|08|00|00|00|0E
1771336052.491,unsolicited,448,7,1247,C0|07|08|00|00|00|0E
1771336052.524,unsolicited,448,7,1247,C0|07|08|00|00|00|0E
1771336052.556,unsolicited,448,7,1247,C0|07|08|00|00|00|0E
1771336052.657,solicited,1251,,448,
1771336052.757,unsolicited,448,7,1251,C0|07|08|00|00|00|0E
1771336052.790,unsolicited,448,7,1251,C0|07|08|00|00|00|0E
1771336052.791,unsolicited,448,7,1251,C0|07|08|00|00|00|0E
1771336052.824,unsolicited,448,7,1251,C0|07|08|00|00|00|0E
1771336053.025,unsolicited,448,7,1251,C0|07|08|00|00|00|0E
1771336053.092,unsolicited,448,7,1251,C0|07|08|00|00|00|0E
1771336053.191,unsolicited,448,7,1251,C0|07|08|00|00|00|0E
1771336053.225,solicited,1242,,448,
1771336053.491,unsolicited,448,7,1242,C0|07|08|00|00|00|0E
1771336053.491,unsolicited,448,7,1242,C0|07|08|00|00|00|0E
1771336053.524,unsolicited,448,7,1242,C0|07|08|00|00|00|0E
1771336053.693,unsolicited,448,7,1242,C0|07|08|00|00|00|0E
1771336053.727,solicited,1215,,448,
1771336053.996,unsolicited,448,7,1215,C0|07|08|00|00|00|0E
1771336053.996,unsolicited,448,7,1215,C0|07|08|00|00|00|0E
1771336053.997,unsolicited,448,7,1215,C0|07|08|00|00|00|0E
1771336053.998,unsolicited,448,7,1215,C0|07|08|00|00|00|0E
1771336054.096,unsolicited,448,7,1215,C0|07|08|00|00|00|0E
1771336054.199,unsolicited,448,7,1215,C0|07|08|00|00|00|0E
1771336054.232,solicited,1215,,448,
1771336055.104,solicited,1231,,448,
1771336055.104,unsolicited,448,7,1231,C0|07|08|00|00|00|0E
1771336055.240,unsolicited,448,7,1231,C0|07|08|00|00|00|0E
1771336055.308,unsolicited,448,7,1231,C0|07|08|00|00|00|0E
1771336055.376,unsolicited,448,7,1231,C0|07|08|00|00|00|0E
1771336055.411,unsolicited,448,7,1231,C0|07|08|00|00|00|0E
1771336056.114,unsolicited,448,7,1231,C0|07|08|00|00|00|0E
1771336056.114,unsolicited,448,7,1231,C0|07|08|00|00|00|0E
1771336056.147,unsolicited,448,7,1231,C0|07|08|00|00|00|0E
1771336056.180,solicited,1217,,448,
1771336057.691,solicited,1211,,448,
1771336057.691,unsolicited,448,7,1211,C0|07|08|00|00|00|0E
1771336057.793,unsolicited,448,7,1211,C0|07|08|00|00|00|0E
1771336057.858,unsolicited,448,7,1211,C0|07|08|00|00|00|0E
1771336057.892,unsolicited,448,7,1211,C0|07|08|00|00|00|0E
1771336057.924,unsolicited,448,7,1211,C0|07|08|00|00|00|0E
1771336057.925,unsolicited,448,7,1211,C0|07|08|00|00|00|0E
1771336057.959,unsolicited,448,7,1211,C0|07|08|00|00|00|0E
1771336057.992,unsolicited,448,7,1211,C0|07|08|00|00|00|0E
1771336058.024,unsolicited,448,7,1211,C0|07|08|00|00|00|0E
1771336058.025,unsolicited,448,7,1211,C0|07|08|00|00|00|0E
1771336058.057,unsolicited,448,7,1211,C0|07|08|00|00|00|0E
1771336058.057,unsolicited,448,7,1211,C0|07|08|00|00|00|0E
1771336058.090,unsolicited,448,7,1211,C0|07|08|00|00|00|0E
1771336058.091,unsolicited,448,7,1211,C0|07|08|00|00|00|0E
1771336058.123,unsolicited,448,7,1211,C0|07|08|00|00|00|0E
1771336058.124,unsolicited,448,7,1211,C0|07|08|00|00|00|0E
1771336058.157,unsolicited,448,7,1211,C0|07|08|00|00|00|0E
1771336058.157,unsolicited,448,7,1211,C0|07|08|00|00|00|0E
1771336058.224,solicited,1189,,448,
1771336058.225,unsolicited,448,7,1189,C0|07|08|00|00|00|0E
1771336058.491,unsolicited,448,7,1189,C0|07|08|00|00|00|0E
1771336058.492,unsolicited,448,7,1189,C0|07|08|00|00|00|0E
1771336058.524,unsolicited,448,7,1189,C0|07|08|00|00|00|0E
1771336058.592,unsolicited,448,7,1189,C0|07|08|00|00|00|0E
1771336058.726,solicited,1194,,448,
1771336058.827,unsolicited,448,7,1194,C0|07|08|00|00|00|0E
1771336058.827,unsolicited,448,7,1194,C0|07|08|00|00|00|0E
1771336058.894,unsolicited,448,7,1194,C0|07|08|00|00|00|0E
1771336058.962,unsolicited,448,7,1194,C0|07|08|00|00|00|0E
1771336058.963,unsolicited,448,7,1194,C0|07|08|00|00|00|0E
1771336059.029,unsolicited,448,7,1194,C0|07|08|00|00|00|0E
1771336059.029,unsolicited,448,7,1194,C0|07|08|00|00|00|0E
1771336059.232,solicited,1207,,448,
1771336059.233,unsolicited,448,7,1207,C0|07|08|00|00|00|0E
1771336061.852,solicited,1191,,448,
1771336062.291,unsolicited,0,0,1191,C0|00|08|00|00|00|07
1771336062.325,unsolicited,0,0,1191,C0|00|08|00|00|00|07
1771336062.459,unsolicited,0,0,1191,C0|00|08|00|00|00|07
1771336062.493,unsolicited,0,0,1191,C0|00|08|00|00|00|07
1771336062.493,solicited,389,,0,
1771336062.527,unsolicited,0,0,389,C0|00|08|00|00|00|07
1771336062.528,unsolicited,0,0,389,C0|00|08|00|00|00|07
1771336062.662,unsolicited,0,0,389,C0|00|08|00|00|00|07
1771336062.930,unsolicited,0,0,389,C0|00|08|00|00|00|07
1771336062.997,unsolicited,0,0,389,C0|00|08|00|00|00|07
1771336062.998,unsolicited,0,0,389,C0|00|08|00|00|00|07
1771336063.031,solicited,114,,0,
1771336063.065,unsolicited,0,0,114,C0|00|08|00|00|00|07
1771336063.335,unsolicited,0,0,114,C0|00|08|00|00|00|07
1771336063.605,solicited,114,,0,
1771336063.906,unsolicited,0,0,114,C0|00|08|00|00|00|07
1771336064.074,unsolicited,0,0,114,C0|00|08|00|00|00|07
1771336064.309,solicited,0,,0,
1771336064.646,unsolicited,0,0,0,C0|00|08|00|00|00|07
1771336064.780,unsolicited,0,0,0,C0|00|08|00|00|00|07
1771336064.881,unsolicited,0,0,0,C0|00|08|00|00|00|07
1771336064.915,solicited,0,,0,
1771336064.915,unsolicited,0,0,0,C0|00|08|00|00|00|07
1771336064.915,unsolicited,0,0,0,C0|00|08|00|00|00|07
1771336065.182,unsolicited,0,0,0,C0|00|08|00|00|00|07
1771336065.283,unsolicited,0,0,0,C0|00|08|00|00|00|07
1771336065.283,unsolicited,0,0,0,C0|00|08|00|00|00|07
1771336065.316,unsolicited,0,0,0,C0|00|08|00|00|00|07
1771336065.316,unsolicited,0,0,0,C0|00|08|00|00|00|07
1771336065.348,unsolicited,0,0,0,C0|00|08|00|00|00|07
1771336065.483,unsolicited,0,0,0,C0|00|08|00|00|00|07
1771336065.517,solicited,0,,0,
1771336065.753,unsolicited,0,0,0,C0|00|08|00|00|00|07
1771336065.753,unsolicited,0,0,0,C0|00|08|00|00|00|07
1771336065.787,unsolicited,0,0,0,C0|00|08|00|00|00|07
1771336065.821,unsolicited,0,0,0,C0|00|08|00|00|00|07
1771336065.989,unsolicited,0,0,0,C0|00|08|00|00|00|07
1771336066.021,unsolicited,0,0,0,C0|00|08|00|00|00|07
1771336066.021,unsolicited,0,0,0,C0|00|08|00|00|00|07
1771336066.022,solicited,0,,0,
1771336066.054,unsolicited,0,0,0,C0|00|08|00|00|00|07
1771336066.055,unsolicited,0,0,0,C0|00|08|00|00|00|07
1771336068.231,unsolicited,0,0,0,C0|00|08|00|00|00|07
1771336068.468,unsolicited,0,0,0,C0|00|08|00|00|00|07
1771336068.501,unsolicited,0,0,0,C0|00|08|00|00|00|07
1771336068.771,unsolicited,0,0,0,C0|00|08|00|00|00|07
1771336068.805,solicited,0,,0,
1771336068.972,unsolicited,0,0,0,C0|00|08|00|00|00|07
1771336068.973,unsolicited,0,0,0,C0|00|08|00|00|00|07
1771336068.973,unsolicited,0,0,0,C0|00|08|00|00|00|07
1771336069.006,unsolicited,0,0,0,C0|00|08|00|00|00|07
1771336069.006,unsolicited,0,0,0,C0|00|08|00|00|00|07
1771336069.039,unsolicited,0,0,0,C0|00|08|00|00|00|07
1771336069.072,unsolicited,0,0,0,C0|00|08|00|00|00|07
1771336069.206,unsolicited,0,0,0,C0|00|08|00|00|00|07
1771336069.241,unsolicited,0,0,0,C0|00|08|00|00|00|07
1771336069.241,unsolicited,0,0,0,C0|00|08|00|00|00|07
1771336069.241,unsolicited,0,0,0,C0|00|08|00|00|00|07
1771336069.274,unsolicited,0,0,0,C0|00|08|00|00|00|07
1771336069.307,solicited,0,,0,
1771336069.474,unsolicited,0,0,0,C0|00|08|00|00|00|07
1771336069.742,unsolicited,0,0,0,C0|00|08|00|00|00|07
1771336069.742,unsolicited,0,0,0,C0|00|08|00|00|00|07
1771336069.775,unsolicited,0,0,0,C0|00|08|00|00|00|07
1771336069.776,unsolicited,0,0,0,C0|00|08|00|00|00|07
1771336069.776,unsolicited,0,0,0,C0|00|08|00|00|00|07
1771336069.809,unsolicited,0,0,0,C0|00|08|00|00|00|07
1771336070.111,unsolicited,0,0,0,C0|00|08|00|00|00|07
1771336070.146,unsolicited,0,0,0,C0|00|08|00|00|00|07
1771336070.146,unsolicited,0,0,0,C0|00|08|00|00|00|07
1771336070.179,unsolicited,0,0,0,C0|00|08|00|00|00|07
1771336070.329,unsolicited,0,0,0,C0|00|08|00|00|00|07
1771336070.330,unsolicited,0,0,0,C0|00|08|00|00|00|07
1771336070.363,solicited,0,,0,
1771336070.363,unsolicited,0,0,0,C0|00|08|00|00|00|07
1771336070.867,solicited,0,,0,
1771336073.291,solicited,0,,0,
1771336076.823,unsolicited,0,0,0,C0|00|08|00|00|00|07
1771336077.395,solicited,0,,0,
1771336077.794,unsolicited,0,0,0,C0|00|08|00|00|00|07
1771336077.827,unsolicited,0,0,0,C0|00|08|00|00|00|07
1771336077.828,unsolicited,0,0,0,C0|00|08|00|00|00|07
1771336077.828,unsolicited,0,0,0,C0|00|08|00|00|00|07
1771336077.895,unsolicited,0,0,0,C0|00|08|00|00|00|07
1771336077.928,solicited,0,,0,
1771336077.995,unsolicited,0,0,0,C0|00|08|00|00|00|07
1771336078.129,unsolicited,0,0,0,C0|00|08|00|00|00|07
1771336078.130,unsolicited,0,0,0,C0|00|08|00|00|00|07
1771336078.130,unsolicited,0,0,0,C0|00|08|00|00|00|07
1771336078.165,unsolicited,0,0,0,C0|00|08|00|00|00|07
1771336078.197,unsolicited,0,0,0,C0|00|08|00|00|00|07
1771336078.233,unsolicited,0,0,0,C0|00|08|00|00|00|07
1771336078.265,unsolicited,0,0,0,C0|00|08|00|00|00|07
1771336078.965,solicited,0,,0,
1771336079.101,unsolicited,0,0,0,C0|00|08|00|00|00|07
1771336079.101,unsolicited,0,0,0,C0|00|08|00|00|00|07
1771336079.977,solicited,0,,0,
1771336081.689,solicited,0,,0,
1771336081.959,unsolicited,0,0,0,C0|00|08|00|00|00|07
1771336082.091,unsolicited,0,0,0,C0|00|08|00|00|00|07
1771336082.158,unsolicited,0,0,0,C0|00|08|00|00|00|07
1771336082.192,unsolicited,0,0,0,C0|00|08|00|00|00|07
1771336082.192,solicited,0,,0,
1771336082.259,unsolicited,0,0,0,C0|00|08|00|00|00|07
1771336082.293,unsolicited,0,0,0,C0|00|08|00|00|00|07
1771336082.328,unsolicited,0,0,0,C0|00|08|00|00|00|07
1771336082.328,unsolicited,0,0,0,C0|00|08|00|00|00|07
1771336082.701,solicited,0,,0,
1771336082.735,unsolicited,0,0,0,C0|00|08|00|00|00|07
1771336082.767,unsolicited,0,0,0,C0|00|08|00|00|00|07
1771336083.003,unsolicited,0,0,0,C0|00|08|00|00|00|07
1771336083.037,unsolicited,0,0,0,C0|00|08|00|00|00|07
1771336083.206,unsolicited,0,0,0,C0|00|08|00|00|00|07
1771336083.238,solicited,0,,0,
1771336083.272,unsolicited,0,0,0,C0|00|08|00|00|00|07
1771336083.438,unsolicited,0,0,0,C0|00|08|00|00|00|07
1771336083.439,unsolicited,0,0,0,C0|00|08|00|00|00|07
1771336083.472,unsolicited,0,0,0,C0|00|08|00|00|00|07
1771336083.506,unsolicited,0,0,0,C0|00|08|00|00|00|07
1771336083.708,unsolicited,0,0,0,C0|00|08|00|00|00|07
1771336083.741,solicited,0,,0,
1771336086.726,unsolicited,0,0,0,C0|00|08|00|00|00|07
1771336088.067,solicited,0,,0,
1771336088.135,unsolicited,0,0,0,C0|00|08|00|00|00|07
1771336088.404,unsolicited,0,0,0,C0|00|08|00|00|00|07
1771336088.537,unsolicited,0,0,0,C0|00|08|00|00|00|07
1771336088.570,solicited,0,,0,
1771336088.806,unsolicited,0,0,0,C0|00|08|00|00|00|07
1771336088.975,unsolicited,0,0,0,C0|00|08|00|00|00|07
1771336089.008,unsolicited,0,0,0,C0|00|08|00|00|00|07
1771336089.008,unsolicited,0,0,0,C0|00|08|00|00|00|07
1771336089.075,unsolicited,0,0,0,C0|00|08|00|00|00|07
1771336089.108,solicited,0,,0,
1771336089.175,unsolicited,0,0,0,C0|00|08|00|00|00|07
1771336089.308,unsolicited,0,0,0,C0|00|08|00|00|00|07
1771336089.308,unsolicited,0,0,0,C0|00|08|00|00|00|07
1771336089.342,unsolicited,0,0,0,C0|00|08|00|00|00|07
1771336089.375,unsolicited,0,0,0,C0|00|08|00|00|00|07
1771336089.641,solicited,0,,0,
1771336090.011,unsolicited,0,0,0,C0|00|08|00|00|00|07
1771336090.046,unsolicited,0,0,0,C0|00|08|00|00|00|07
1771336090.177,solicited,0,,0,
1771336090.444,unsolicited,0,0,0,C0|00|08|00|00|00|07
1771336090.545,unsolicited,0,0,0,C0|00|08|00|00|00|07
1771336090.545,unsolicited,0,0,0,C0|00|08|00|00|00|07
1771336090.611,unsolicited,0,0,0,C0|00|08|00|00|00|07
1771336090.612,unsolicited,0,0,0,C0|00|08|00|00|00|07
1771336090.915,unsolicited,0,0,0,C0|00|08|00|00|00|07
1771336090.948,solicited,0,,0,
1771336090.982,unsolicited,0,0,0,C0|00|08|00|00|00|07
1771336091.016,unsolicited,0,0,0,C0|00|08|00|00|00|07
1771336091.050,unsolicited,0,0,0,C0|00|08|00|00|00|07
1771336091.084,unsolicited,0,0,0,C0|00|08|00|00|00|07
1771336091.285,unsolicited,0,0,0,C0|00|08|00|00|00|07
1771336092.460,unsolicited,0,0,0,C0|00|08|00|00|00|07
1771336092.492,solicited,0,,0,
1771336092.593,unsolicited,0,0,0,C0|00|08|00|00|00|07
1771336092.861,unsolicited,0,0,0,C0|00|08|00|00|00|07
1771336092.895,unsolicited,0,0,0,C0|00|08|00|00|00|07
1771336092.895,unsolicited,0,0,0,C0|00|08|00|00|00|07
1771336093.061,solicited,0,,0,
1771336093.128,unsolicited,0,0,0,C0|00|08|00|00|00|07
1771336093.262,unsolicited,0,0,0,C0|00|08|00|00|00|07
1771336093.262,unsolicited,0,0,0,C0|00|08|00|00|00|07
1771336093.294,unsolicited,0,0,0,C0|00|08|00|00|00|07
1771336093.295,unsolicited,0,0,0,C0|00|08|00|00|00|07
1771336093.328,unsolicited,0,0,0,C0|00|08|00|00|00|07
1771336093.329,unsolicited,0,0,0,C0|00|08|00|00|00|07
1771336093.362,unsolicited,0,0,0,C0|00|08|00|00|00|07
1771336093.363,unsolicited,0,0,0,C0|00|08|00|00|00|07
1771336093.363,unsolicited,0,0,0,C0|00|08|00|00|00|07
1771336093.496,unsolicited,0,0,0,C0|00|08|00|00|00|07
1771336093.530,unsolicited,0,0,0,C0|00|08|00|00|00|07
1771336093.531,unsolicited,0,0,0,C0|00|08|00|00|00|07
1771336093.531,unsolicited,0,0,0,C0|00|08|00|00|00|07
1771336093.564,solicited,0,,0,
1771336093.598,unsolicited,0,0,0,C0|00|08|00|00|00|07
1771336093.731,unsolicited,0,0,0,C0|00|08|00|00|00|07
1771336093.732,unsolicited,0,0,0,C0|00|08|00|00|00|07
1771336093.765,unsolicited,0,0,0,C0|00|08|00|00|00|07
1771336093.765,unsolicited,0,0,0,C0|00|08|00|00|00|07
1771336093.799,unsolicited,0,0,0,C0|00|08|00|00|00|07
1771336093.799,unsolicited,0,0,0,C0|00|08|00|00|00|07
1771336093.833,unsolicited,0,0,0,C0|00|08|00|00|00|07
1771336093.833,unsolicited,0,0,0,C0|00|08|00|00|00|07
1771336093.833,unsolicited,0,0,0,C0|00|08|00|00|00|07
1771336093.834,unsolicited,0,0,0,C0|00|08|00|00|00|07
1771336093.867,unsolicited,0,0,0,C0|00|08|00|00|00|07
1771336093.868,unsolicited,0,0,0,C0|00|08|00|00|00|07
1771336093.900,unsolicited,0,0,0,C0|00|08|00|00|00|07
1771336094.102,unsolicited,0,0,0,C0|00|08|00|00|00|07
1771336094.136,unsolicited,0,0,0,C0|00|08|00|00|00|07
1771336094.337,unsolicited,0,0,0,C0|00|08|00|00|00|07
1771336094.371,unsolicited,0,0,0,C0|00|08|00|00|00|07
1771336094.472,unsolicited,0,0,0,C0|00|08|00|00|00|07
1771336094.573,unsolicited,0,0,0,C0|00|08|00|00|00|07
1771336094.606,unsolicited,0,0,0,C0|00|08|00|00|00|07
1771336094.607,unsolicited,0,0,0,C0|00|08|00|00|00|07
1771336094.639,solicited,0,,0,
1771336095.507,unsolicited,0,0,0,C0|00|08|00|00|00|07
1771336095.842,unsolicited,0,0,0,C0|00|08|00|00|00|07
1771336095.874,unsolicited,0,0,0,C0|00|08|00|00|00|07
1771336096.041,solicited,0,,0,
1771336096.073,unsolicited,0,0,0,C0|00|08|00|00|00|07
1771336096.073,unsolicited,0,0,0,C0|00|08|00|00|00|07
1771336096.139,unsolicited,0,0,0,C0|00|08|00|00|00|07
1771336096.140,unsolicited,0,0,0,C0|00|08|00|00|00|07
1771336096.179,unsolicited,0,0,0,C0|00|08|00|00|00|07
1771336096.179,unsolicited,0,0,0,C0|00|08|00|00|00|07
1771336096.193,unsolicited,0,0,0,C0|00|08|00|00|00|07
1771336096.195,unsolicited,0,0,0,C0|00|08|00|00|00|07
1771336096.247,unsolicited,0,0,0,C0|00|08|00|00|00|07
1771336096.282,unsolicited,0,0,0,C0|00|08|00|00|00|07
1771336096.283,unsolicited,0,0,0,C0|00|08|00|00|00|07
1771336096.316,unsolicited,0,0,0,C0|00|08|00|00|00|07
1771336096.316,unsolicited,0,0,0,C0|00|08|00|00|00|07
1771336096.317,unsolicited,0,0,0,C0|00|08|00|00|00|07
1771336096.349,unsolicited,0,0,0,C0|00|08|00|00|00|07
1771336096.349,unsolicited,0,0,0,C0|00|08|00|00|00|07
1771336096.349,unsolicited,0,0,0,C0|00|08|00|00|00|07
1771336096.383,unsolicited,0,0,0,C0|00|08|00|00|00|07
1771336096.451,unsolicited,0,0,0,C0|00|08|00|00|00|07
1771336096.483,unsolicited,0,0,0,C0|00|08|00|00|00|07
1771336096.550,unsolicited,0,0,0,C0|00|08|00|00|00|07
1771336096.550,unsolicited,0,0,0,C0|00|08|00|00|00|07
1771336096.583,solicited,0,,0,
1771336096.651,unsolicited,0,0,0,C0|00|08|00|00|00|07
1771336096.886,unsolicited,0,0,0,C0|00|08|00|00|00|07
1771336096.887,unsolicited,0,0,0,C0|00|08|00|00|00|07
1771336096.921,unsolicited,0,0,0,C0|00|08|00|00|00|07
1771336096.921,unsolicited,0,0,0,C0|00|08|00|00|00|07
1771336096.921,unsolicited,0,0,0,C0|00|08|00|00|00|07
1771336096.953,unsolicited,0,0,0,C0|00|08|00|00|00|07
1771336097.359,unsolicited,0,0,0,C0|00|08|00|00|00|07
1771336097.393,unsolicited,0,0,0,C0|00|08|00|00|00|07
1771336097.394,unsolicited,0,0,0,C0|00|08|00|00|00|07
1771336097.595,unsolicited,0,0,0,C0|00|08|00|00|00|07
1771336097.596,unsolicited,0,0,0,C0|00|08|00|00|00|07
1771336097.863,unsolicited,0,0,0,C0|00|08|00|00|00|07
1771336098.130,unsolicited,0,0,0,C0|00|08|00|00|00|07
1771336098.165,unsolicited,0,0,0,C0|00|08|00|00|00|07
1771336098.165,solicited,0,,0,
1771336098.333,unsolicited,0,0,0,C0|00|08|00|00|00|07
1771336098.534,unsolicited,0,0,0,C0|00|08|00|00|00|07
1771336098.701,solicited,0,,0,
1771336099.005,unsolicited,0,0,0,C0|00|08|00|00|00|07
1771336099.608,unsolicited,0,0,0,C0|00|08|00|00|00|07
1771336099.608,solicited,0,,0,
1771336099.744,unsolicited,0,0,0,C0|00|08|00|00|00|07
1771336099.744,unsolicited,0,0,0,C0|00|08|00|00|00|07
1771336099.844,unsolicited,0,0,0,C0|00|08|00|00|00|07
1771336100.621,solicited,0,,0,
1771336100.721,unsolicited,0,0,0,C0|00|08|00|00|00|07
1771336100.987,unsolicited,0,0,0,C0|00|08|00|00|00|07
1771336102.196,solicited,0,,0,
1771336102.871,solicited,0,,0,
1771336103.342,unsolicited,0,0,0,C0|00|08|00|00|00|07
1771336103.375,solicited,0,,0,
1771336103.611,unsolicited,0,0,0,C0|00|08|00|00|00|07
1771336103.709,unsolicited,0,0,0,C0|00|08|00|00|00|07
1771336103.710,unsolicited,0,0,0,C0|00|08|00|00|00|07
1771336103.710,unsolicited,0,0,0,C0|00|08|00|00|00|07
1771336103.742,unsolicited,0,0,0,C0|00|08|00|00|00|07
1771336103.743,unsolicited,0,0,0,C0|00|08|00|00|00|07
1771336103.809,unsolicited,0,0,0,C0|00|08|00|00|00|07
1771336103.810,unsolicited,0,0,0,C0|00|08|00|00|00|07
1771336104.146,unsolicited,0,0,0,C0|00|08|00|00|00|07
1771336104.817,solicited,0,,0,
1771336104.885,unsolicited,0,0,0,C0|00|08|00|00|00|07
1771336105.186,unsolicited,0,0,0,C0|00|08|00|00|00|07
1771336105.187,unsolicited,0,0,0,C0|00|08|00|00|00|07
1771336105.253,unsolicited,0,0,0,C0|00|08|00|00|00|07
1771336105.725,unsolicited,0,0,0,C0|00|08|00|00|00|07
1771336105.757,unsolicited,0,0,0,C0|00|08|00|00|00|07
1771336105.858,unsolicited,0,0,0,C0|00|08|00|00|00|07
1771336105.891,solicited,0,,0,
1771336106.530,unsolicited,0,0,0,C0|00|08|00|00|00|07
1771336106.530,solicited,0,,0,
1771336106.697,unsolicited,0,0,0,C0|00|08|00|00|00|07
1771336106.730,unsolicited,0,0,0,C0|00|08|00|00|00|07
1771336106.731,unsolicited,0,0,0,C0|00|08|00|00|00|07
1771336106.731,unsolicited,0,0,0,C0|00|08|00|00|00|07
1771336106.764,unsolicited,0,0,0,C0|00|08|00|00|00|07
1771336106.765,unsolicited,0,0,0,C0|00|08|00|00|00|07
1771336106.765,unsolicited,0,0,0,C0|00|08|00|00|00|07
1771336106.798,unsolicited,0,0,0,C0|00|08|00|00|00|07
1771336106.832,unsolicited,0,0,0,C0|00|08|00|00|00|07
1771336106.832,unsolicited,0,0,0,C0|00|08|00|00|00|07
1771336106.866,unsolicited,0,0,0,C0|00|08|00|00|00|07
1771336106.867,unsolicited,0,0,0,C0|00|08|00|00|00|07
1771336107.535,unsolicited,0,0,0,C0|00|08|00|00|00|07
1771336107.569,solicited,0,,0,
1771336107.635,unsolicited,0,0,0,C0|00|08|00|00|00|07
1771336108.544,unsolicited,0,0,0,C0|00|08|00|00|00|07
1771336108.576,solicited,0,,0,
1771336108.779,unsolicited,0,0,0,C0|00|08|00|00|00|07
1771336108.779,unsolicited,0,0,0,C0|00|08|00|00|00|07
1771336108.881,unsolicited,0,0,0,C0|00|08|00|00|00|07
1771336108.881,unsolicited,0,0,0,C0|00|08|00|00|00|07
1771336108.914,unsolicited,0,0,0,C0|00|08|00|00|00|07
1771336108.915,unsolicited,0,0,0,C0|00|08|00|00|00|07
1771336109.681,unsolicited,0,0,0,C0|00|08|00|00|00|07
1771336109.714,solicited,0,,0,
1771336110.049,unsolicited,0,0,0,C0|00|08|00|00|00|07
1771336110.050,unsolicited,0,0,0,C0|00|08|00|00|00|07
1771336110.182,unsolicited,0,0,0,C0|00|08|00|00|00|07
1771336110.216,unsolicited,0,0,0,C0|00|08|00|00|00|07
1771336110.216,solicited,0,,0,
1771336110.249,unsolicited,0,0,0,C0|00|08|00|00|00|07
1771336110.283,unsolicited,0,0,0,C0|00|08|00|00|00|07
1771336110.384,unsolicited,0,0,0,C0|00|08|00|00|00|07
1771336110.384,unsolicited,0,0,0,C0|00|08|00|00|00|07
1771336110.417,unsolicited,0,0,0,C0|00|08|00|00|00|07
1771336110.418,unsolicited,0,0,0,C0|00|08|00|00|00|07
1771336110.451,unsolicited,0,0,0,C0|00|08|00|00|00|07
1771336110.518,unsolicited,0,0,0,C0|00|08|00|00|00|07
1771336110.518,unsolicited,0,0,0,C0|00|08|00|00|00|07
1771336110.618,unsolicited,0,0,0,C0|00|08|00|00|00|07
1771336110.618,unsolicited,0,0,0,C0|00|08|00|00|00|07
1771336110.618,unsolicited,0,0,0,C0|00|08|00|00|00|07
1771336110.684,unsolicited,0,0,0,C0|00|08|00|00|00|07
1771336110.751,solicited,0,,0,
1771336110.852,unsolicited,0,0,0,C0|00|08|00|00|00|07
1771336110.885,unsolicited,0,0,0,C0|00|08|00|00|00|07
1771336110.985,unsolicited,0,0,0,C0|00|08|00|00|00|07
1771336111.692,unsolicited,0,0,0,C0|00|08|00|00|00|07
1771336111.725,solicited,0,,0,
1771336112.063,unsolicited,0,0,0,C0|00|08|00|00|00|07
1771336112.702,unsolicited,0,0,0,C0|00|08|00|00|00|07
1771336112.703,unsolicited,0,0,0,C0|00|08|00|00|00|07
1771336112.735,solicited,0,,0,
1771336113.038,unsolicited,0,0,0,C0|00|08|00|00|00|07
1771336113.105,unsolicited,0,0,0,C0|00|08|00|00|00|07
1771336113.776,solicited,0,,0,
1771336113.809,unsolicited,0,0,0,C0|00|08|00|00|00|07
1771336114.044,unsolicited,0,0,0,C0|00|08|00|00|00|07
1771336114.044,unsolicited,0,0,0,C0|00|08|00|00|00|07
1771336114.044,unsolicited,0,0,0,C0|00|08|00|00|00|07
1771336114.078,unsolicited,0,0,0,C0|00|08|00|00|00|07
1771336114.078,unsolicited,0,0,0,C0|00|08|00|00|00|07
1771336114.110,unsolicited,0,0,0,C0|00|08|00|00|00|07
1771336114.144,unsolicited,0,0,0,C0|00|08|00|00|00|07
1771336114.144,unsolicited,0,0,0,C0|00|08|00|00|00|07
1771336114.277,unsolicited,0,0,0,C0|00|08|00|00|00|07
1771336114.277,solicited,0,,0,
1771336114.310,unsolicited,0,0,0,C0|00|08|00|00|00|07
1771336114.578,unsolicited,0,0,0,C0|00|08|00|00|00|07
1771336114.680,unsolicited,0,0,0,C0|00|08|00|00|00|07
1771336114.681,unsolicited,0,0,0,C0|00|08|00|00|00|07
1771336114.681,unsolicited,0,0,0,C0|00|08|00|00|00|07
1771336114.714,unsolicited,0,0,0,C0|00|08|00|00|00|07
1771336114.815,unsolicited,0,0,0,C0|00|08|00|00|00|07
1771336114.815,unsolicited,0,0,0,C0|00|08|00|00|00|07
1771336115.152,unsolicited,0,0,0,C0|00|08|00|00|00|07
1771336115.185,unsolicited,0,0,0,C0|00|08|00|00|00|07
1771336115.252,unsolicited,0,0,0,C0|00|08|00|00|00|07
1771336115.452,solicited,0,,0,
1771336115.453,unsolicited,0,0,0,C0|00|08|00|00|00|07
1771336115.554,unsolicited,0,0,0,C0|00|08|00|00|00|07
1771336115.621,unsolicited,0,0,0,C0|00|08|00|00|00|07
1771336115.621,unsolicited,0,0,0,C0|00|08|00|00|00|07
1771336115.654,unsolicited,0,0,0,C0|00|08|00|00|00|07
1771336115.721,unsolicited,0,0,0,C0|00|08|00|00|00|07
1771336115.755,unsolicited,0,0,0,C0|00|08|00|00|00|07
1771336116.123,solicited,0,,0,
1771336116.123,unsolicited,0,0,0,C0|00|08|00|00|00|07
1771336116.123,unsolicited,0,0,0,C0|00|08|00|00|00|07
1771336116.157,unsolicited,0,0,0,C0|00|08|00|00|00|07
1771336116.158,unsolicited,0,0,0,C0|00|08|00|00|00|07
1771336116.190,unsolicited,0,0,0,C0|00|08|00|00|00|07
1771336116.393,unsolicited,0,0,0,C0|00|08|00|00|00|07
1771336116.491,unsolicited,0,0,0,C0|00|08|00|00|00|07
1771336116.591,unsolicited,0,0,0,C0|00|08|00|00|00|07
1771336116.624,unsolicited,0,0,0,C0|00|08|00|00|00|07
1771336116.624,solicited,0,,0,
1771336116.658,unsolicited,0,0,0,C0|00|08|00|00|00|07
1771336116.660,unsolicited,0,0,0,C0|00|08|00|00|00|07
1771336116.692,unsolicited,0,0,0,C0|00|08|00|00|00|07
1771336116.895,unsolicited,0,0,0,C0|00|08|00|00|00|07
1771336116.928,unsolicited,0,0,0,C0|00|08|00|00|00|07
1771336116.962,unsolicited,0,0,0,C0|00|08|00|00|00|07
1771336116.963,unsolicited,0,0,0,C0|00|08|00|00|00|07
1771336116.963,unsolicited,0,0,0,C0|00|08|00|00|00|07
1771336117.131,unsolicited,0,0,0,C0|00|08|00|00|00|07
1771336117.131,unsolicited,0,0,0,C0|00|08|00|00|00|07
1771336117.164,solicited,0,,0,
1771336117.164,unsolicited,0,0,0,C0|00|08|00|00|00|07
1771336117.197,unsolicited,0,0,0,C0|00|08|00|00|00|07
1771336117.231,unsolicited,0,0,0,C0|00|08|00|00|00|07
1771336117.232,unsolicited,0,0,0,C0|00|08|00|00|00|07
1771336117.499,unsolicited,0,0,0,C0|00|08|00|00|00|07
1771336117.500,unsolicited,0,0,0,C0|00|08|00|00|00|07
1771336117.532,unsolicited,0,0,0,C0|00|08|00|00|00|07
1771336117.666,unsolicited,0,0,0,C0|00|08|00|00|00|07
1771336117.734,solicited,0,,0,
1771336117.734,unsolicited,0,0,0,C0|00|08|00|00|00|07
1771336117.768,unsolicited,0,0,0,C0|00|08|00|00|00|07
1771336117.835,unsolicited,0,0,0,C0|00|08|00|00|00|07
1771336117.836,unsolicited,0,0,0,C0|00|08|00|00|00|07
1771336118.101,unsolicited,0,0,0,C0|00|08|00|00|00|07
1771336118.134,unsolicited,0,0,0,C0|00|08|00|00|00|07
1771336118.135,unsolicited,0,0,0,C0|00|08|00|00|00|07
1771336118.167,unsolicited,0,0,0,C0|00|08|00|00|00|07
1771336118.200,unsolicited,0,0,0,C0|00|08|00|00|00|07
1771336118.202,unsolicited,0,0,0,C0|00|08|00|00|00|07
1771336118.234,solicited,0,,0,
1771336118.975,solicited,0,,0,
1771336119.076,unsolicited,0,0,0,C0|00|08|00|00|00|07
1771336119.110,unsolicited,0,0,0,C0|00|08|00|00|00|07
1771336119.144,unsolicited,0,0,0,C0|00|08|00|00|00|07
1771336119.144,unsolicited,0,0,0,C0|00|08|00|00|00|07
1771336121.158,unsolicited,0,0,0,C0|00|08|00|00|00|07
1771336121.192,solicited,0,,0,
1771336121.360,unsolicited,0,0,0,C0|00|08|00|00|00|07
1771336121.361,unsolicited,0,0,0,C0|00|08|00|00|00|07
1771336121.393,unsolicited,0,0,0,C0|00|08|00|00|00|07
1771336121.394,unsolicited,0,0,0,C0|00|08|00|00|00|07
1771336121.429,unsolicited,0,0,0,C0|00|08|00|00|00|07
1771336121.564,unsolicited,0,0,0,C8|00|08|01|00|00|10
1771336121.564,unsolicited,0,0,0,C8|00|08|01|00|00|10
1771336121.731,unsolicited,0,0,0,C8|00|08|04|00|00|13
1771336121.798,solicited,0,,0,
1771336121.899,unsolicited,0,0,0,C8|00|08|06|00|00|15
1771336121.899,unsolicited,0,0,0,C8|00|08|07|00|00|16
1771336122.100,unsolicited,0,0,0,C8|00|08|07|00|00|16
1771336122.334,solicited,1076,,0,
1771336123.745,solicited,1317,,0,
1771336123.745,unsolicited,0,0,1317,C8|00|08|00|00|00|0F
1771336124.380,solicited,1133,,0,
1771336124.515,unsolicited,0,0,1133,C8|00|08|00|00|00|0F
1771336124.517,unsolicited,0,0,1133,C8|00|08|00|00|00|0F
1771336124.649,unsolicited,0,0,1133,C8|00|08|00|00|00|0F
1771336124.682,unsolicited,0,0,1133,C8|00|08|00|00|00|0F
1771336124.683,unsolicited,0,0,1133,C8|00|08|00|00|00|0F
1771336124.683,unsolicited,0,0,1133,C8|00|08|00|00|00|0F
1771336124.715,unsolicited,0,0,1133,C8|00|08|00|00|00|0F
1771336124.749,unsolicited,0,0,1133,C8|00|08|00|00|00|0F
1771336124.815,unsolicited,0,0,1133,C8|00|08|00|00|00|0F
1771336124.847,unsolicited,0,0,1133,C8|00|08|00|00|00|0F
1771336124.848,unsolicited,0,0,1133,C8|00|08|00|00|00|0F
1771336124.881,unsolicited,0,0,1133,C8|00|08|00|00|00|0F
1771336124.881,unsolicited,0,0,1133,C8|00|08|00|00|00|0F
1771336124.915,solicited,1138,,0,
1771336124.916,unsolicited,0,0,1138,C8|00|08|00|00|00|0F
1771336125.183,unsolicited,0,0,1138,C0|00|08|00|00|00|07
1771336125.184,unsolicited,0,0,1138,C0|00|08|00|00|00|07
1771336125.217,unsolicited,0,0,1138,C0|00|08|00|00|00|07
1771336125.351,unsolicited,0,0,1138,C0|00|08|00|00|00|07
1771336125.385,unsolicited,0,0,1138,C0|00|08|00|00|00|07
1771336125.385,unsolicited,0,0,1138,C0|00|08|00|00|00|07
1771336125.418,solicited,1232,,0,
1771336125.422,unsolicited,0,0,1232,C0|00|08|00|00|00|07
1771336125.622,unsolicited,0,0,1232,C0|00|08|00|00|00|07
1771336125.857,unsolicited,0,0,1232,C0|00|08|00|00|00|07
1771336125.857,unsolicited,0,0,1232,C0|00|08|00|00|00|07
1771336125.857,unsolicited,0,0,1232,C0|00|08|00|00|00|07
1771336126.162,unsolicited,512,8,1232,C0|08|08|00|00|00|0F
1771336126.164,unsolicited,512,8,1232,C0|08|08|00|00|00|0F
1771336126.196,solicited,1321,,512,
1771336126.263,unsolicited,512,8,1321,C0|08|08|00|00|00|0F
1771336126.501,unsolicited,512,8,1321,C0|08|08|00|00|00|0F
1771336126.501,unsolicited,512,8,1321,C0|08|08|00|00|00|0F
1771336126.568,unsolicited,512,8,1321,C0|08|08|00|00|00|0F
1771336126.602,unsolicited,512,8,1321,C0|08|08|00|00|00|0F
1771336126.636,unsolicited,512,8,1321,C0|08|08|00|00|00|0F
1771336126.636,unsolicited,512,8,1321,C0|08|08|00|00|00|0F
1771336126.638,unsolicited,512,8,1321,C0|08|08|00|00|00|0F
1771336126.738,unsolicited,512,8,1321,C0|08|08|00|00|00|0F
1771336126.772,solicited,1294,,512,
1771336126.772,unsolicited,512,8,1294,C0|08|08|00|00|00|0F
1771336126.874,unsolicited,448,7,1294,C0|07|08|00|00|00|0E
1771336127.007,unsolicited,448,7,1294,C0|07|08|00|00|00|0E
1771336127.109,unsolicited,448,7,1294,C0|07|08|00|00|00|0E
1771336127.377,solicited,1295,,448,
1771336127.444,unsolicited,448,7,1295,C0|07|08|00|00|00|0E
1771336127.612,unsolicited,448,7,1295,C0|07|08|00|00|00|0E
1771336127.612,unsolicited,448,7,1295,C0|07|08|00|00|00|0E
1771336127.746,unsolicited,448,7,1295,C0|07|08|00|00|00|0E
1771336127.780,unsolicited,448,7,1295,C0|07|08|00|00|00|0E
1771336127.814,unsolicited,448,7,1295,C0|07|08|00|00|00|0E
1771336127.814,unsolicited,448,7,1295,C0|07|08|00|00|00|0E
1771336127.814,unsolicited,448,7,1295,C0|07|08|00|00|00|0E
1771336127.814,unsolicited,448,7,1295,C0|07|08|00|00|00|0E
1771336127.948,solicited,1271,,448,
1771336128.180,unsolicited,448,7,1271,C0|07|08|00|00|00|0E
1771336128.214,unsolicited,448,7,1271,C0|07|08|00|00|00|0E
1771336128.446,unsolicited,448,7,1271,C0|07|08|00|00|00|0E
1771336128.479,solicited,1278,,448,
1771336128.480,unsolicited,448,7,1278,C0|07|08|00|00|00|0E
1771336128.512,unsolicited,448,7,1278,C0|07|08|00|00|00|0E
1771336129.281,solicited,1271,,448,
1771336129.517,unsolicited,448,7,1271,C0|07|08|00|00|00|0E
1771336130.288,solicited,1277,,448,
1771336130.354,unsolicited,448,7,1277,C0|07|08|00|00|00|0E
1771336130.660,unsolicited,448,7,1277,C0|07|08|00|00|00|0E
1771336131.967,unsolicited,448,7,1277,C0|07|08|00|00|00|0E
1771336131.968,solicited,1219,,448,
1771336132.067,unsolicited,448,7,1219,C0|07|08|00|00|00|0E
1771336132.134,unsolicited,448,7,1219,C0|07|08|00|00|00|0E
1771336132.202,unsolicited,448,7,1219,C0|07|08|00|00|00|0E
1771336132.236,unsolicited,448,7,1219,C0|07|08|00|00|00|0E
1771336132.236,unsolicited,448,7,1219,C0|07|08|00|00|00|0E
1771336132.236,unsolicited,448,7,1219,C0|07|08|00|00|00|0E
1771336132.237,unsolicited,448,7,1219,C0|07|08|00|00|00|0E
1771336132.269,unsolicited,448,7,1219,C0|07|08|00|00|00|0E
1771336132.607,unsolicited,448,7,1219,C0|07|08|00|00|00|0E
1771336132.640,unsolicited,448,7,1219,C0|07|08|00|00|00|0E
1771336132.641,solicited,1258,,448,
1771336132.641,unsolicited,448,7,1258,C0|07|08|00|00|00|0E
1771336132.741,unsolicited,448,7,1258,C0|07|08|00|00|00|0E
1771336132.742,unsolicited,448,7,1258,C0|07|08|00|00|00|0E
1771336132.809,unsolicited,448,7,1258,C0|07|08|00|00|00|0E
1771336132.909,unsolicited,448,7,1258,C0|07|08|00|00|00|0E
1771336132.943,unsolicited,448,7,1258,C0|07|08|00|00|00|0E
1771336132.976,unsolicited,448,7,1258,C0|07|08|00|00|00|0E
1771336132.977,unsolicited,448,7,1258,C0|07|08|00|00|00|0E
1771336134.916,unsolicited,448,7,1258,C0|07|08|00|00|00|0E
1771336137.078,unsolicited,448,7,1258,C0|07|08|00|00|00|0E
1771336137.984,solicited,1227,,448,
1771336137.985,unsolicited,448,7,1227,C0|07|08|00|00|00|0E
1771336138.659,solicited,1164,,448,
1771336138.861,unsolicited,448,7,1164,C0|07|08|00|00|00|0E
1771336138.962,unsolicited,448,7,1164,C0|07|08|00|00|00|0E
1771336138.962,unsolicited,448,7,1164,C0|07|08|00|00|00|0E
1771336138.995,unsolicited,448,7,1164,C0|07|08|00|00|00|0E
1771336139.029,unsolicited,448,7,1164,C0|07|08|00|00|00|0E
1771336139.029,unsolicited,448,7,1164,C0|07|08|00|00|00|0E
1771336139.666,unsolicited,448,7,1164,C0|07|08|00|00|00|0E
1771336139.666,solicited,1212,,448,
1771336139.734,unsolicited,448,7,1212,C0|07|08|00|00|00|0E
1771336139.734,unsolicited,448,7,1212,C0|07|08|00|00|00|0E
1771336140.706,solicited,1183,,448,
1771336140.773,unsolicited,448,7,1183,C0|07|08|00|00|00|0E
1771336140.773,unsolicited,448,7,1183,C0|07|08|00|00|00|0E
1771336140.805,unsolicited,448,7,1183,C0|07|08|00|00|00|0E
1771336140.806,unsolicited,448,7,1183,C0|07|08|00|00|00|0E
1771336140.839,unsolicited,448,7,1183,C0|07|08|00|00|00|0E
1771336140.872,unsolicited,448,7,1183,C0|07|08|00|00|00|0E
1771336140.939,unsolicited,448,7,1183,C0|07|08|00|00|00|0E
1771336141.005,unsolicited,448,7,1183,C0|07|08|00|00|00|0E
1771336141.006,unsolicited,448,7,1183,C0|07|08|00|00|00|0E
1771336141.006,unsolicited,448,7,1183,C0|07|08|00|00|00|0E
1771336141.039,unsolicited,448,7,1183,C0|07|08|00|00|00|0E
1771336141.039,unsolicited,448,7,1183,C0|07|08|00|00|00|0E
1771336141.683,unsolicited,0,0,1183,C0|00|08|00|00|00|07
1771336141.714,solicited,1190,,0,
1771336141.884,unsolicited,0,0,1190,C0|00|08|00|00|00|07
1771336142.319,solicited,295,,0,
1771336142.322,unsolicited,0,0,295,C0|00|08|00|00|00|07
1771336142.351,unsolicited,0,0,295,C0|00|08|00|00|00|07
1771336142.352,unsolicited,0,0,295,C0|00|08|00|00|00|07
1771336142.688,unsolicited,0,0,295,C0|00|08|00|00|00|07
1771336142.688,unsolicited,0,0,295,C0|00|08|00|00|00|07
1771336142.722,unsolicited,0,0,295,C0|00|08|00|00|00|07
1771336142.755,unsolicited,0,0,295,C0|00|08|00|00|00|07
1771336142.790,unsolicited,0,0,295,C0|00|08|00|00|00|07
1771336143.055,unsolicited,0,0,295,C0|00|08|00|00|00|07
1771336143.257,unsolicited,0,0,295,C0|00|08|00|00|00|07
1771336143.258,unsolicited,0,0,295,C0|00|08|00|00|00|07
1771336145.000,solicited,0,,0,
1771336145.331,unsolicited,0,0,0,C0|00|08|00|00|00|07
1771336145.530,solicited,0,,0,
1771336145.531,unsolicited,0,0,0,C0|00|08|00|00|00|07
1771336145.531,unsolicited,0,0,0,C0|00|08|00|00|00|07
1771336145.564,unsolicited,0,0,0,C0|00|08|00|00|00|07
1771336145.564,unsolicited,0,0,0,C0|00|08|00|00|00|07
1771336145.631,unsolicited,0,0,0,C0|00|08|00|00|00|07
1771336145.799,unsolicited,0,0,0,C0|00|08|00|00|00|07
1771336145.831,unsolicited,0,0,0,C0|00|08|00|00|00|07
1771336146.941,unsolicited,0,0,0,C0|00|08|00|00|00|07
1771336146.941,unsolicited,0,0,0,C0|00|08|00|00|00|07
1771336147.007,solicited,0,,0,
1771336147.513,unsolicited,0,0,0,C0|00|08|00|00|00|07
1771336147.548,solicited,0,,0,
1771336147.581,unsolicited,0,0,0,C0|00|08|00|00|00|07
1771336147.749,unsolicited,0,0,0,C0|00|08|00|00|00|07
1771336147.750,unsolicited,0,0,0,C0|00|08|00|00|00|07
1771336147.784,unsolicited,0,0,0,C0|00|08|00|00|00|07
1771336148.117,solicited,0,,0,
1771336148.151,unsolicited,0,0,0,C0|00|08|00|00|00|07
1771336148.151,unsolicited,0,0,0,C0|00|08|00|00|00|07
1771336148.251,unsolicited,0,0,0,C0|00|08|00|00|00|07
1771336148.384,unsolicited,0,0,0,C0|00|08|00|00|00|07
1771336148.618,unsolicited,0,0,0,C0|00|08|00|00|00|07
1771336148.618,unsolicited,0,0,0,C0|00|08|00|00|00|07
1771336148.651,solicited,0,,0,
1771336148.752,unsolicited,0,0,0,C0|00|08|00|00|00|07
1771336148.752,unsolicited,0,0,0,C0|00|08|00|00|00|07
1771336148.786,unsolicited,0,0,0,C0|00|08|00|00|00|07
1771336148.786,unsolicited,0,0,0,C0|00|08|00|00|00|07
1771336148.786,unsolicited,0,0,0,C0|00|08|00|00|00|07
1771336148.819,unsolicited,0,0,0,C0|00|08|00|00|00|07
1771336148.820,unsolicited,0,0,0,C0|00|08|00|00|00|07
1771336148.852,unsolicited,0,0,0,C0|00|08|00|00|00|07
1771336148.852,unsolicited,0,0,0,C0|00|08|00|00|00|07
1771336148.853,unsolicited,0,0,0,C0|00|08|00|00|00|07
1771336148.885,unsolicited,0,0,0,C0|00|08|00|00|00|07
1771336149.087,unsolicited,0,0,0,C0|00|08|00|00|00|07
1771336149.120,unsolicited,0,0,0,C0|00|08|00|00|00|07
1771336149.186,solicited,0,,0,
1771336149.187,unsolicited,0,0,0,C0|00|08|00|00|00|07
1771336149.420,unsolicited,0,0,0,C0|00|08|00|00|00|07
1771336150.229,unsolicited,0,0,0,C0|00|08|00|00|00|07
1771336150.465,unsolicited,0,0,0,C0|00|08|00|00|00|07
1771336150.499,unsolicited,0,0,0,C0|00|08|00|00|00|07
1771336150.500,unsolicited,0,0,0,C0|00|08|00|00|00|07
1771336150.734,unsolicited,0,0,0,C0|00|08|00|00|00|07
1771336150.768,solicited,0,,0,
1771336150.802,unsolicited,0,0,0,C0|00|08|00|00|00|07
1771336150.901,unsolicited,0,0,0,C0|00|08|00|00|00|07
1771336150.902,unsolicited,0,0,0,C0|00|08|00|00|00|07
1771336150.935,unsolicited,0,0,0,C0|00|08|00|00|00|07
1771336151.441,unsolicited,0,0,0,C0|00|08|00|00|00|07
1771336151.474,solicited,0,,0,
1771336151.575,unsolicited,0,0,0,C0|00|08|00|00|00|07
1771336151.606,unsolicited,0,0,0,C0|00|08|00|00|00|07
1771336151.708,unsolicited,0,0,0,C0|00|08|00|00|00|07
1771336151.741,unsolicited,0,0,0,C0|00|08|00|00|00|07
1771336151.742,unsolicited,0,0,0,C0|00|08|00|00|00|07
1771336151.841,unsolicited,0,0,0,C0|00|08|00|00|00|07
1771336151.944,solicited,0,,0,
1771336152.144,unsolicited,0,0,0,C0|00|08|00|00|00|07
1771336152.210,unsolicited,0,0,0,C0|00|08|00|00|00|07
1771336152.311,unsolicited,0,0,0,C0|00|08|00|00|00|07
1771336152.344,unsolicited,0,0,0,C0|00|08|00|00|00|07
1771336152.445,unsolicited,0,0,0,C0|00|08|00|00|00|07
1771336152.782,unsolicited,0,0,0,C0|00|08|00|00|00|07
1771336152.814,unsolicited,0,0,0,C0|00|08|00|00|00|07
1771336152.881,unsolicited,0,0,0,C0|00|08|00|00|00|07
1771336153.014,unsolicited,0,0,0,C0|00|08|00|00|00|07
1771336153.048,solicited,0,,0,
1771336153.316,unsolicited,0,0,0,C0|00|08|00|00|00|07
1771336153.316,unsolicited,0,0,0,C0|00|08|00|00|00|07
1771336153.551,unsolicited,0,0,0,C0|00|08|00|00|00|07
1771336153.584,solicited,0,,0,
1771336153.652,unsolicited,0,0,0,C0|00|08|00|00|00|07
1771336153.684,unsolicited,0,0,0,C0|00|08|00|00|00|07
1771336153.684,unsolicited,0,0,0,C0|00|08|00|00|00|07
1771336153.718,unsolicited,0,0,0,C0|00|08|00|00|00|07
1771336153.718,unsolicited,0,0,0,C0|00|08|00|00|00|07
1771336154.386,unsolicited,0,0,0,C0|00|08|00|00|00|07
1771336154.419,solicited,0,,0,
1771336154.624,unsolicited,0,0,0,C0|00|08|00|00|00|07
1771336154.658,unsolicited,0,0,0,C0|00|08|00|00|00|07
1771336154.827,unsolicited,0,0,0,C0|00|08|00|00|00|07
1771336154.859,unsolicited,0,0,0,C0|00|08|00|00|00|07
1771336154.860,unsolicited,0,0,0,C0|00|08|00|00|00|07
1771336154.927,unsolicited,0,0,0,C0|00|08|00|00|00|07
1771336154.960,solicited,0,,0,
1771336155.027,unsolicited,0,0,0,C0|00|08|00|00|00|07
1771336155.094,unsolicited,0,0,0,C0|00|08|00|00|00|07
1771336155.195,unsolicited,0,0,0,C0|00|08|00|00|00|07
1771336155.195,unsolicited,0,0,0,C0|00|08|00|00|00|07
1771336155.195,unsolicited,0,0,0,C0|00|08|00|00|00|07
1771336155.598,unsolicited,0,0,0,C0|00|08|00|00|00|07
1771336155.632,solicited,0,,0,
1771336155.699,unsolicited,0,0,0,C0|00|08|00|00|00|07
1771336155.699,unsolicited,0,0,0,C0|00|08|00|00|00|07
1771336155.699,unsolicited,0,0,0,C0|00|08|00|00|00|07
1771336155.967,unsolicited,0,0,0,C0|00|08|00|00|00|07
1771336155.968,unsolicited,0,0,0,C0|00|08|00|00|00|07
1771336156.000,unsolicited,0,0,0,C0|00|08|00|00|00|07
1771336156.033,unsolicited,0,0,0,C0|00|08|00|00|00|07
1771336156.035,unsolicited,0,0,0,C0|00|08|00|00|00|07
1771336156.134,unsolicited,0,0,0,C0|00|08|00|00|00|07
1771336156.168,solicited,0,,0,
1771336156.493,unsolicited,0,0,0,C0|00|08|00|00|00|07
1771336156.594,unsolicited,0,0,0,C0|00|08|00|00|00|07
1771336156.594,unsolicited,0,0,0,C0|00|08|00|00|00|07
1771336156.628,unsolicited,0,0,0,C0|00|08|00|00|00|07
1771336156.660,unsolicited,0,0,0,C0|00|08|00|00|00|07
1771336156.694,unsolicited,0,0,0,C0|00|08|00|00|00|07
1771336156.694,solicited,0,,0,
1771336156.862,unsolicited,0,0,0,C0|00|08|00|00|00|07
1771336156.893,unsolicited,0,0,0,C0|00|08|00|00|00|07
1771336156.960,unsolicited,0,0,0,C0|00|08|00|00|00|07
1771336156.993,unsolicited,0,0,0,C0|00|08|00|00|00|07
1771336157.194,unsolicited,0,0,0,C0|00|08|00|00|00|07
1771336157.195,unsolicited,0,0,0,C0|00|08|00|00|00|07
1771336157.228,solicited,0,,0,
1771336157.396,unsolicited,0,0,0,C0|00|08|00|00|00|07
1771336157.863,solicited,0,,0,
1771336157.964,unsolicited,0,0,0,C0|00|08|00|00|00|07
1771336158.030,unsolicited,0,0,0,C0|00|08|00|00|00|07
1771336158.030,unsolicited,0,0,0,C0|00|08|00|00|00|07
1771336158.065,unsolicited,0,0,0,C0|00|08|00|00|00|07
1771336158.065,unsolicited,0,0,0,C0|00|08|00|00|00|07
1771336158.065,unsolicited,0,0,0,C0|00|08|00|00|00|07
1771336158.098,unsolicited,0,0,0,C0|00|08|00|00|00|07
1771336158.098,unsolicited,0,0,0,C0|00|08|00|00|00|07
1771336158.132,unsolicited,0,0,0,C0|00|08|00|00|00|07
1771336158.132,unsolicited,0,0,0,C0|00|08|00|00|00|07
1771336158.165,unsolicited,0,0,0,C0|00|08|00|00|00|07
1771336158.165,unsolicited,0,0,0,C0|00|08|00|00|00|07
1771336158.199,unsolicited,0,0,0,C0|00|08|00|00|00|07
1771336158.201,unsolicited,0,0,0,C0|00|08|00|00|00|07
1771336158.202,unsolicited,0,0,0,C0|00|08|00|00|00|07
1771336158.232,unsolicited,0,0,0,C0|00|08|00|00|00|07
1771336158.233,unsolicited,0,0,0,C0|00|08|00|00|00|07
1771336158.402,solicited,0,,0,
1771336158.707,unsolicited,0,0,0,C0|00|08|00|00|00|07
1771336158.740,unsolicited,0,0,0,C0|00|08|00|00|00|07
1771336158.774,unsolicited,0,0,0,C0|00|08|00|00|00|07
1771336158.808,unsolicited,0,0,0,C0|00|08|00|00|00|07
1771336158.809,unsolicited,0,0,0,C0|00|08|00|00|00|07
1771336158.842,unsolicited,0,0,0,C0|00|08|00|00|00|07
1771336159.178,unsolicited,0,0,0,C0|00|08|00|00|00|07
1771336159.178,unsolicited,0,0,0,C0|00|08|00|00|00|07
1771336159.781,unsolicited,0,0,0,C0|00|08|00|00|00|07
1771336159.814,solicited,0,,0,
1771336160.853,solicited,0,,0,
1771336161.358,solicited,0,,0,
1771336161.523,unsolicited,0,0,0,C0|00|08|00|00|00|07
1771336161.624,unsolicited,0,0,0,C0|00|08|00|00|00|07
1771336161.658,unsolicited,0,0,0,C0|00|08|00|00|00|07
1771336161.690,unsolicited,0,0,0,C0|00|08|00|00|00|07
1771336161.826,unsolicited,0,0,0,C0|00|08|00|00|00|07
1771336161.860,solicited,0,,0,
1771336162.262,unsolicited,0,0,0,C0|00|08|00|00|00|07
1771336163.066,solicited,0,,0,
1771336163.167,unsolicited,0,0,0,C0|00|08|00|00|00|07
1771336163.201,unsolicited,0,0,0,C0|00|08|00|00|00|07
1771336163.369,unsolicited,0,0,0,C0|00|08|00|00|00|07
1771336163.601,solicited,0,,0,
1771336163.602,unsolicited,0,0,0,C0|00|08|00|00|00|07
1771336163.669,unsolicited,0,0,0,C0|00|08|00|00|00|07
1771336163.669,unsolicited,0,0,0,C0|00|08|00|00|00|07
1771336163.767,unsolicited,0,0,0,C0|00|08|00|00|00|07
1771336163.769,unsolicited,0,0,0,C0|00|08|00|00|00|07
1771336163.769,unsolicited,0,0,0,C0|00|08|00|00|00|07
1771336163.970,unsolicited,0,0,0,C0|00|08|00|00|00|07
1771336163.970,unsolicited,0,0,0,C0|00|08|00|00|00|07
1771336164.003,unsolicited,0,0,0,C0|00|08|00|00|00|07
1771336164.003,unsolicited,0,0,0,C0|00|08|00|00|00|07
1771336164.036,unsolicited,0,0,0,C0|00|08|00|00|00|07
1771336164.037,unsolicited,0,0,0,C0|00|08|00|00|00|07
1771336164.037,unsolicited,0,0,0,C0|00|08|00|00|00|07
1771336164.270,unsolicited,0,0,0,C0|00|08|00|00|00|07
1771336164.270,unsolicited,0,0,0,C0|00|08|00|00|00|07
1771336164.304,unsolicited,0,0,0,C0|00|08|00|00|00|07
1771336164.304,solicited,0,,0,
1771336164.372,unsolicited,0,0,0,C0|00|08|00|00|00|07
1771336164.505,unsolicited,0,0,0,C0|00|08|00|00|00|07
1771336164.605,unsolicited,0,0,0,C0|00|08|00|00|00|07
1771336164.606,unsolicited,0,0,0,C0|00|08|00|00|00|07
1771336164.673,unsolicited,0,0,0,C0|00|08|00|00|00|07
1771336164.706,unsolicited,0,0,0,C0|00|08|00|00|00|07
1771336164.707,unsolicited,0,0,0,C0|00|08|00|00|00|07
1771336164.707,unsolicited,0,0,0,C0|00|08|00|00|00|07
1771336164.740,unsolicited,0,0,0,C0|00|08|00|00|00|07
1771336164.741,unsolicited,0,0,0,C0|00|08|00|00|00|07
1771336164.773,unsolicited,0,0,0,C0|00|08|00|00|00|07
1771336164.807,solicited,0,,0,
1771336164.974,unsolicited,0,0,0,C0|00|08|00|00|00|07
1771336164.974,unsolicited,0,0,0,C0|00|08|00|00|00|07
1771336165.008,unsolicited,0,0,0,C0|00|08|00|00|00|07
1771336165.174,unsolicited,0,0,0,C0|00|08|00|00|00|07
1771336165.174,unsolicited,0,0,0,C0|00|08|00|00|00|07
1771336165.208,unsolicited,0,0,0,C0|00|08|00|00|00|07
1771336165.208,unsolicited,0,0,0,C0|00|08|00|00|00|07
1771336165.242,unsolicited,0,0,0,C0|00|08|00|00|00|07
1771336165.242,unsolicited,0,0,0,C0|00|08|00|00|00|07
1771336165.275,unsolicited,0,0,0,C0|00|08|00|00|00|07
1771336165.276,unsolicited,0,0,0,C0|00|08|00|00|00|07
1771336165.375,solicited,0,,0,
1771336166.046,solicited,0,,0,
1771336166.383,unsolicited,0,0,0,C0|00|08|00|00|00|07
1771336167.052,solicited,0,,0,
1771336167.052,unsolicited,0,0,0,C0|00|08|00|00|00|07
1771336167.153,unsolicited,0,0,0,C0|00|08|00|00|00|07
1771336167.153,unsolicited,0,0,0,C0|00|08|00|00|00|07
1771336167.185,unsolicited,0,0,0,C0|00|08|00|00|00|07
1771336167.186,unsolicited,0,0,0,C0|00|08|00|00|00|07
1771336167.186,unsolicited,0,0,0,C0|00|08|00|00|00|07
1771336167.218,unsolicited,0,0,0,C0|00|08|00|00|00|07
1771336167.219,unsolicited,0,0,0,C0|00|08|00|00|00|07
1771336167.318,unsolicited,0,0,0,C0|00|08|00|00|00|07
1771336167.353,unsolicited,0,0,0,C0|00|08|00|00|00|07
1771336167.385,unsolicited,0,0,0,C0|00|08|00|00|00|07
1771336167.418,unsolicited,0,0,0,C0|00|08|00|00|00|07
1771336167.420,unsolicited,0,0,0,C0|00|08|00|00|00|07
1771336167.451,unsolicited,0,0,0,C0|00|08|00|00|00|07
1771336167.621,unsolicited,0,0,0,C0|00|08|00|00|00|07
1771336167.655,solicited,0,,0,
1771336167.723,unsolicited,0,0,0,C0|00|08|00|00|00|07
1771336167.723,unsolicited,0,0,0,C0|00|08|00|00|00|07
1771336167.757,unsolicited,0,0,0,C0|00|08|00|00|00|07
1771336167.992,unsolicited,0,0,0,C0|00|08|00|00|00|07
1771336167.993,unsolicited,0,0,0,C0|00|08|00|00|00|07
1771336167.993,unsolicited,0,0,0,C0|00|08|00|00|00|07
1771336168.158,solicited,0,,0,
1771336169.326,solicited,0,,0,
1771336169.532,unsolicited,0,0,0,C0|00|08|00|00|00|07
1771336169.564,unsolicited,0,0,0,C0|00|08|00|00|00|07
1771336169.664,unsolicited,0,0,0,C0|00|08|00|00|00|07
1771336169.664,unsolicited,0,0,0,C0|00|08|00|00|00|07
1771336169.765,unsolicited,0,0,0,C0|00|08|00|00|00|07
1771336169.832,solicited,0,,0,
1771336170.167,unsolicited,0,0,0,C0|00|08|00|00|00|07
1771336170.167,unsolicited,0,0,0,C0|00|08|00|00|00|07
1771336170.168,unsolicited,0,0,0,C0|00|08|00|00|00|07
1771336170.200,unsolicited,0,0,0,C0|00|08|00|00|00|07
1771336170.467,solicited,0,,0,
1771336171.070,unsolicited,0,0,0,C0|00|08|00|00|00|07
1771336171.103,unsolicited,0,0,0,C0|00|08|00|00|00|07
1771336171.135,solicited,0,,0,
1771336171.301,unsolicited,0,0,0,C0|00|08|00|00|00|07
1771336172.110,unsolicited,0,0,0,C0|00|08|00|00|00|07
1771336172.143,unsolicited,0,0,0,C0|00|08|00|00|00|07
1771336172.143,solicited,0,,0,
1771336172.676,unsolicited,0,0,0,C0|00|08|00|00|00|07
1771336172.909,unsolicited,0,0,0,C0|00|08|00|00|00|07
1771336172.943,unsolicited,0,0,0,C0|00|08|00|00|00|07
1771336173.175,unsolicited,0,0,0,C0|00|08|00|00|00|07
1771336173.176,unsolicited,0,0,0,C0|00|08|00|00|00|07
1771336173.176,unsolicited,0,0,0,C0|00|08|00|00|00|07
1771336173.274,unsolicited,0,0,0,C0|00|08|00|00|00|07
1771336173.275,solicited,0,,0,
1771336175.381,solicited,0,,0,
1771336175.415,unsolicited,0,0,0,C0|00|08|00|00|00|07
1771336175.883,unsolicited,0,0,0,C0|00|08|00|00|00|07
1771336175.883,unsolicited,0,0,0,C0|00|08|00|00|00|07
1771336175.883,solicited,0,,0,
1771336176.349,unsolicited,0,0,0,C0|00|08|00|00|00|07
1771336176.350,unsolicited,0,0,0,C0|00|08|00|00|00|07
1771336176.383,unsolicited,0,0,0,C0|00|08|00|00|00|07
1771336176.384,unsolicited,0,0,0,C0|00|08|00|00|00|07
1771336176.617,unsolicited,0,0,0,C0|00|08|00|00|00|07
1771336176.617,unsolicited,0,0,0,C0|00|08|00|00|00|07
1771336176.649,unsolicited,0,0,0,C0|00|08|00|00|00|07
1771336176.783,unsolicited,0,0,0,C0|00|08|00|00|00|07
1771336176.850,unsolicited,0,0,0,C0|00|08|00|00|00|07
1771336176.884,unsolicited,0,0,0,C0|00|08|00|00|00|07
1771336176.918,unsolicited,0,0,0,C0|00|08|00|00|00|07
1771336176.918,solicited,0,,0,
1771336176.952,unsolicited,0,0,0,C0|00|08|00|00|00|07
1771336176.952,unsolicited,0,0,0,C0|00|08|00|00|00|07
1771336177.119,unsolicited,0,0,0,C0|00|08|00|00|00|07
1771336177.152,unsolicited,0,0,0,C0|00|08|00|00|00|07
1771336177.153,unsolicited,0,0,0,C0|00|08|00|00|00|07
1771336177.186,unsolicited,0,0,0,C0|00|08|00|00|00|07
1771336177.220,unsolicited,0,0,0,C0|00|08|00|00|00|07
1771336177.220,unsolicited,0,0,0,C0|00|08|00|00|00|07
1771336177.355,unsolicited,0,0,0,C0|00|08|00|00|00|07
1771336177.420,solicited,0,,0,
1771336177.755,unsolicited,0,0,0,C0|00|08|00|00|00|07
1771336177.822,unsolicited,0,0,0,C0|00|08|00|00|00|07
1771336177.823,unsolicited,0,0,0,C0|00|08|00|00|00|07
1771336177.856,unsolicited,0,0,0,C0|00|08|00|00|00|07
1771336177.857,unsolicited,0,0,0,C0|00|08|00|00|00|07
1771336177.890,unsolicited,0,0,0,C0|00|08|00|00|00|07
1771336177.891,unsolicited,0,0,0,C0|00|08|00|00|00|07
1771336177.891,unsolicited,0,0,0,C0|00|08|00|00|00|07
1771336177.957,solicited,0,,0,
1771336178.191,unsolicited,0,0,0,C0|00|08|00|00|00|07
1771336178.325,unsolicited,0,0,0,C0|00|08|00|00|00|07
1771336178.359,unsolicited,0,0,0,C0|00|08|00|00|00|07
1771336178.426,unsolicited,0,0,0,C0|00|08|00|00|00|07
1771336178.460,solicited,0,,0,
1771336178.494,unsolicited,0,0,0,C0|00|08|00|00|00|07
1771336178.527,unsolicited,0,0,0,C0|00|08|00|00|00|07
1771336178.528,unsolicited,0,0,0,C0|00|08|00|00|00|07
1771336178.561,unsolicited,0,0,0,C0|00|08|00|00|00|07
1771336178.561,unsolicited,0,0,0,C0|00|08|00|00|00|07
1771336178.594,unsolicited,0,0,0,C0|00|08|00|00|00|07
1771336178.627,unsolicited,0,0,0,C0|00|08|00|00|00|07
1771336178.660,unsolicited,0,0,0,C0|00|08|00|00|00|07
1771336178.861,unsolicited,0,0,0,C0|00|08|00|00|00|07
1771336178.862,unsolicited,0,0,0,C0|00|08|00|00|00|07
1771336178.863,unsolicited,0,0,0,C0|00|08|00|00|00|07
1771336178.994,solicited,0,,0,
1771336179.027,unsolicited,0,0,0,C0|00|08|00|00|00|07
1771336183.955,solicited,0,,0,
1771336183.988,unsolicited,0,0,0,C0|00|08|00|00|00|07
1771336184.491,unsolicited,0,0,0,C0|00|08|00|00|00|07
1771336184.491,unsolicited,0,0,0,C0|00|08|00|00|00|07
1771336184.725,unsolicited,0,0,0,C0|00|08|00|00|00|07
1771336184.725,unsolicited,0,0,0,C0|00|08|00|00|00|07
1771336184.757,unsolicited,0,0,0,C0|00|08|00|00|00|07
1771336184.858,unsolicited,0,0,0,C0|00|08|00|00|00|07
1771336184.859,unsolicited,0,0,0,C0|00|08|00|00|00|07
1771336184.892,unsolicited,0,0,0,C0|00|08|00|00|00|07
1771336184.927,unsolicited,0,0,0,C0|00|08|00|00|00|07
1771336185.227,unsolicited,0,0,0,C0|00|08|00|00|00|07
1771336185.260,unsolicited,0,0,0,C0|00|08|00|00|00|07
1771336185.395,unsolicited,0,0,0,C0|00|08|00|00|00|07
1771336185.427,unsolicited,0,0,0,C0|00|08|00|00|00|07
1771336185.461,unsolicited,0,0,0,C0|00|08|00|00|00|07
1771336185.495,unsolicited,0,0,0,C0|00|08|00|00|00|07
1771336185.728,unsolicited,0,0,0,C0|00|08|00|00|00|07
1771336185.760,unsolicited,0,0,0,C0|00|08|00|00|00|07
1771336185.794,unsolicited,0,0,0,C0|00|08|00|00|00|07
1771336185.795,unsolicited,0,0,0,C0|00|08|00|00|00|07
1771336185.795,unsolicited,0,0,0,C0|00|08|00|00|00|07
1771336185.827,unsolicited,0,0,0,C0|00|08|00|00|00|07
1771336185.827,unsolicited,0,0,0,C0|00|08|00|00|00|07
1771336185.860,unsolicited,0,0,0,C0|00|08|00|00|00|07
1771336185.861,unsolicited,0,0,0,C0|00|08|00|00|00|07
1771336186.264,solicited,0,,0,
1771336186.434,unsolicited,0,0,0,C0|00|08|00|00|00|07
1771336186.534,unsolicited,0,0,0,C0|00|08|00|00|00|07
1771336186.601,unsolicited,0,0,0,C0|00|08|00|00|00|07
1771336186.701,unsolicited,0,0,0,C0|00|08|00|00|00|07
1771336186.702,unsolicited,0,0,0,C0|00|08|00|00|00|07
1771336186.768,solicited,0,,0,
1771336186.800,unsolicited,0,0,0,C0|00|08|00|00|00|07
1771336186.867,unsolicited,0,0,0,C0|00|08|00|00|00|07
1771336186.867,unsolicited,0,0,0,C0|00|08|00|00|00|07
1771336186.868,unsolicited,0,0,0,C0|00|08|00|00|00|07
1771336186.900,unsolicited,0,0,0,C0|00|08|00|00|00|07
1771336186.934,unsolicited,0,0,0,C0|00|08|00|00|00|07
1771336186.934,unsolicited,0,0,0,C0|00|08|00|00|00|07
1771336186.968,unsolicited,0,0,0,C0|00|08|00|00|00|07
1771336186.968,unsolicited,0,0,0,C0|00|08|00|00|00|07
1771336186.968,unsolicited,0,0,0,C0|00|08|00|00|00|07
1771336187.001,unsolicited,0,0,0,C0|00|08|00|00|00|07
1771336187.002,unsolicited,0,0,0,C0|00|08|00|00|00|07
1771336187.034,unsolicited,0,0,0,C0|00|08|00|00|00|07
1771336187.035,unsolicited,0,0,0,C0|00|08|00|00|00|07
1771336187.068,unsolicited,0,0,0,C0|00|08|00|00|00|07
1771336187.068,unsolicited,0,0,0,C0|00|08|00|00|00|07
1771336187.200,unsolicited,0,0,0,C0|00|08|00|00|00|07
1771336187.201,unsolicited,0,0,0,C0|00|08|00|00|00|07
1771336187.269,solicited,0,,0,
1771336187.301,unsolicited,0,0,0,C0|00|08|00|00|00|07
1771336188.577,unsolicited,0,0,0,C0|00|08|00|00|00|07
1771336192.102,unsolicited,0,0,0,C0|00|08|00|00|00|07
1771336192.103,unsolicited,0,0,0,C0|00|08|00|00|00|07
1771336192.104,unsolicited,0,0,0,C0|00|08|00|00|00|07
1771336192.136,unsolicited,0,0,0,C0|00|08|00|00|00|07
1771336192.169,unsolicited,0,0,0,C0|00|08|00|00|00|07
1771336192.170,unsolicited,0,0,0,C0|00|08|00|00|00|07
1771336192.437,unsolicited,0,0,0,C0|00|08|00|00|00|07
1771336192.437,unsolicited,0,0,0,C0|00|08|00|00|00|07
1771336192.470,unsolicited,0,0,0,C0|00|08|00|00|00|07
1771336192.471,unsolicited,0,0,0,C0|00|08|00|00|00|07
1771336192.471,unsolicited,0,0,0,C0|00|08|00|00|00|07
1771336192.639,unsolicited,0,0,0,C0|00|08|00|00|00|07
1771336192.706,unsolicited,0,0,0,C0|00|08|00|00|00|07
1771336192.707,unsolicited,0,0,0,C0|00|08|00|00|00|07
1771336192.740,solicited,0,,0,
1771336192.740,unsolicited,0,0,0,C0|00|08|00|00|00|07
1771336194.118,unsolicited,0,0,0,C8|00|08|04|00|00|13
1771336194.684,solicited,1325,,0,
1771336195.120,unsolicited,0,0,1325,C8|00|08|00|00|00|0F
1771336195.284,solicited,1454,,0,
1771336195.287,unsolicited,0,0,1454,C8|00|08|00|00|00|0F
1771336195.485,unsolicited,0,0,1454,C8|00|08|00|00|00|0F
1771336195.650,unsolicited,0,0,1454,C8|00|08|00|00|00|0F
1771336195.785,solicited,1284,,0,
1771336196.023,unsolicited,0,0,1284,C8|00|08|00|00|00|0F
1771336196.258,unsolicited,0,0,1284,C8|00|08|00|00|00|0F
1771336196.860,solicited,1280,,0,
1771336196.862,unsolicited,0,0,1280,C8|00|08|00|00|00|0F
1771336197.799,solicited,1369,,0,
1771336198.771,solicited,1345,,0,
1771336198.839,unsolicited,0,0,1345,C0|00|08|00|00|00|07
1771336199.206,unsolicited,0,0,1345,C0|00|08|00|00|00|07
1771336199.980,solicited,1353,,0,
1771336200.183,unsolicited,0,0,1353,C0|00|08|00|00|00|07
1771336200.925,unsolicited,0,0,1353,C0|00|08|00|00|00|07
1771336200.958,unsolicited,0,0,1353,C0|00|08|00|00|00|07
1771336200.958,solicited,1332,,0,
1771336201.125,unsolicited,0,0,1332,C0|00|08|00|00|00|07
1771336201.394,unsolicited,0,0,1332,C0|00|08|00|00|00|07
1771336201.999,unsolicited,512,8,1332,C0|08|08|00|00|00|0F
1771336202.031,unsolicited,512,8,1332,C0|08|08|00|00|00|0F
1771336202.031,solicited,1303,,512,
1771336202.132,unsolicited,512,8,1303,C0|08|08|00|00|00|0F
1771336202.165,unsolicited,512,8,1303,C0|08|08|00|00|00|0F
1771336202.199,unsolicited,512,8,1303,C0|08|08|00|00|00|0F
1771336202.231,unsolicited,512,8,1303,C0|08|08|00|00|00|0F
1771336202.568,solicited,1307,,512,
1771336202.568,unsolicited,512,8,1307,C0|08|08|00|00|00|0F
1771336202.601,unsolicited,512,8,1307,C0|08|08|00|00|00|0F
1771336202.602,unsolicited,512,8,1307,C0|08|08|00|00|00|0F
1771336202.602,unsolicited,512,8,1307,C0|08|08|00|00|00|0F
1771336202.670,unsolicited,512,8,1307,C0|08|08|00|00|00|0F
1771336202.670,unsolicited,512,8,1307,C0|08|08|00|00|00|0F
1771336202.904,unsolicited,512,8,1307,C0|08|08|00|00|00|0F
1771336202.936,unsolicited,448,7,1307,C0|07|08|00|00|00|0E
1771336203.037,unsolicited,448,7,1307,C0|07|08|00|00|00|0E
1771336203.038,unsolicited,448,7,1307,C0|07|08|00|00|00|0E
1771336203.103,solicited,1281,,448,
1771336203.339,unsolicited,448,7,1281,C0|07|08|00|00|00|0E
1771336203.372,unsolicited,448,7,1281,C0|07|08|00|00|00|0E
1771336203.406,unsolicited,448,7,1281,C0|07|08|00|00|00|0E
1771336203.506,unsolicited,448,7,1281,C0|07|08|00|00|00|0E
1771336203.506,unsolicited,448,7,1281,C0|07|08|00|00|00|0E
1771336204.449,unsolicited,448,7,1281,C0|07|08|00|00|00|0E
1771336204.482,unsolicited,448,7,1281,C0|07|08|00|00|00|0E
1771336206.260,solicited,1266,,448,
1771336206.360,unsolicited,448,7,1266,C0|07|08|00|00|00|0E
1771336207.000,unsolicited,448,7,1266,C0|07|08|00|00|00|0E
1771336207.067,unsolicited,448,7,1266,C0|07|08|00|00|00|0E
1771336207.166,unsolicited,448,7,1266,C0|07|08|00|00|00|0E
1771336207.166,unsolicited,448,7,1266,C0|07|08|00|00|00|0E
1771336207.301,solicited,1249,,448,
1771336207.469,unsolicited,448,7,1249,C0|07|08|00|00|00|0E
1771336207.502,unsolicited,448,7,1249,C0|07|08|00|00|00|0E
1771336207.503,unsolicited,448,7,1249,C0|07|08|00|00|00|0E
1771336207.536,unsolicited,448,7,1249,C0|07|08|00|00|00|0E
1771336207.536,unsolicited,448,7,1249,C0|07|08|00|00|00|0E
1771336207.604,unsolicited,448,7,1249,C0|07|08|00|00|00|0E
1771336207.604,unsolicited,448,7,1249,C0|07|08|00|00|00|0E
1771336207.672,unsolicited,448,7,1249,C0|07|08|00|00|00|0E
1771336207.672,unsolicited,448,7,1249,C0|07|08|00|00|00|0E
1771336207.704,unsolicited,448,7,1249,C0|07|08|00|00|00|0E
1771336207.737,unsolicited,448,7,1249,C0|07|08|00|00|00|0E
1771336207.870,unsolicited,448,7,1249,C0|07|08|00|00|00|0E
1771336207.903,solicited,1271,,448,
1771336207.936,unsolicited,448,7,1271,C0|07|08|00|00|00|0E
1771336207.937,unsolicited,448,7,1271,C0|07|08|00|00|00|0E
1771336208.806,solicited,1203,,448,
1771336208.874,unsolicited,448,7,1203,C0|07|08|00|00|00|0E
1771336209.308,unsolicited,448,7,1203,C0|07|08|00|00|00|0E
1771336209.341,unsolicited,448,7,1203,C0|07|08|00|00|00|0E
1771336209.341,solicited,1217,,448,
1771336209.375,unsolicited,448,7,1217,C0|07|08|00|00|00|0E
1771336209.575,unsolicited,448,7,1217,C0|07|08|00|00|00|0E
1771336209.575,unsolicited,448,7,1217,C0|07|08|00|00|00|0E
1771336209.607,unsolicited,448,7,1217,C0|07|08|00|00|00|0E
1771336209.608,unsolicited,448,7,1217,C0|07|08|00|00|00|0E
1771336209.674,unsolicited,448,7,1217,C0|07|08|00|00|00|0E
1771336209.708,unsolicited,448,7,1217,C0|07|08|00|00|00|0E
1771336209.708,unsolicited,448,7,1217,C0|07|08|00|00|00|0E
1771336209.742,unsolicited,448,7,1217,C0|07|08|00|00|00|0E
1771336209.742,unsolicited,448,7,1217,C0|07|08|00|00|00|0E
1771336209.776,unsolicited,448,7,1217,C0|07|08|00|00|00|0E
1771336209.843,unsolicited,448,7,1217,C0|07|08|00|00|00|0E
1771336209.844,unsolicited,448,7,1217,C0|07|08|00|00|00|0E
1771336209.876,solicited,1232,,448,
1771336210.011,unsolicited,448,7,1232,C0|07|08|00|00|00|0E
1771336210.011,unsolicited,448,7,1232,C0|07|08|00|00|00|0E
1771336210.109,unsolicited,448,7,1232,C0|07|08|00|00|00|0E
1771336210.177,unsolicited,448,7,1232,C0|07|08|00|00|00|0E
1771336210.812,unsolicited,448,7,1232,C0|07|08|00|00|00|0E
1771336210.813,solicited,1225,,448,
1771336211.416,solicited,1228,,448,
1771336211.516,unsolicited,448,7,1228,C0|07|08|00|00|00|0E
1771336211.549,unsolicited,448,7,1228,C0|07|08|00|00|00|0E
1771336211.583,unsolicited,448,7,1228,C0|07|08|00|00|00|0E
1771336211.584,unsolicited,448,7,1228,C0|07|08|00|00|00|0E
1771336211.584,unsolicited,448,7,1228,C0|07|08|00|00|00|0E
1771336211.617,unsolicited,448,7,1228,C0|07|08|00|00|00|0E
1771336212.214,unsolicited,448,7,1228,C0|07|08|00|00|00|0E
1771336212.215,unsolicited,448,7,1228,C0|07|08|00|00|00|0E
1771336212.958,unsolicited,448,7,1228,C0|07|08|00|00|00|0E
1771336212.992,solicited,1212,,448,
1771336213.296,unsolicited,0,0,1212,C0|00|08|00|00|00|07
1771336213.762,unsolicited,0,0,1212,C0|00|08|00|00|00|07
1771336213.762,unsolicited,0,0,1212,C0|00|08|00|00|00|07
1771336213.863,unsolicited,0,0,1212,C0|00|08|00|00|00|07
1771336213.931,unsolicited,0,0,1212,C0|00|08|00|00|00|07
1771336213.932,unsolicited,0,0,1212,C0|00|08|00|00|00|07
1771336213.965,unsolicited,0,0,1212,C0|00|08|00|00|00|07
1771336213.997,unsolicited,0,0,1212,C0|00|08|00|00|00|07
1771336214.032,solicited,374,,0,
1771336214.231,unsolicited,0,0,374,C0|00|08|00|00|00|07
1771336215.199,solicited,0,,0,
1771336217.643,unsolicited,0,0,0,C0|00|08|00|00|00|07
1771336217.678,unsolicited,0,0,0,C0|00|08|00|00|00|07
1771336217.678,solicited,0,,0,
1771336217.942,unsolicited,0,0,0,C0|00|08|00|00|00|07
1771336217.976,unsolicited,0,0,0,C0|00|08|00|00|00|07
1771336217.977,unsolicited,0,0,0,C0|00|08|00|00|00|07
1771336220.155,unsolicited,0,0,0,C0|00|08|00|00|00|07
1771336220.187,solicited,0,,0,
1771336221.124,solicited,0,,0,
1771336222.671,unsolicited,0,0,0,C0|00|08|00|00|00|07
1771336222.942,unsolicited,0,0,0,C0|00|08|00|00|00|07
1771336222.976,unsolicited,0,0,0,C0|00|08|00|00|00|07
1771336223.277,solicited,0,,0,
1771336223.378,unsolicited,0,0,0,C0|00|08|00|00|00|07
1771336223.511,unsolicited,0,0,0,C0|00|08|00|00|00|07
1771336223.511,unsolicited,0,0,0,C0|00|08|00|00|00|07
1771336223.710,unsolicited,0,0,0,C0|00|08|00|00|00|07
1771336223.710,unsolicited,0,0,0,C0|00|08|00|00|00|07
1771336223.744,unsolicited,0,0,0,C0|00|08|00|00|00|07
1771336223.812,solicited,0,,0,
1771336224.315,solicited,0,,0,
1771336226.800,unsolicited,0,0,0,C0|00|08|00|00|00|07
1771336227.678,unsolicited,0,0,0,C0|00|08|00|00|00|07
1771336227.679,solicited,0,,0,
1771336227.780,unsolicited,0,0,0,C0|00|08|00|00|00|07
1771336228.115,unsolicited,0,0,0,C0|00|08|00|00|00|07
1771336228.147,unsolicited,0,0,0,C0|00|08|00|00|00|07
1771336228.148,unsolicited,0,0,0,C0|00|08|00|00|00|07
1771336228.181,unsolicited,0,0,0,C0|00|08|00|00|00|07
1771336228.181,solicited,0,,0,
1771336228.684,solicited,0,,0,
1771336228.751,unsolicited,0,0,0,C0|00|08|00|00|00|07
1771336228.752,unsolicited,0,0,0,C0|00|08|00|00|00|07
1771336229.658,unsolicited,0,0,0,C0|00|08|00|00|00|07
1771336229.690,unsolicited,0,0,0,C0|00|08|00|00|00|07
1771336229.690,solicited,0,,0,
1771336230.258,unsolicited,0,0,0,C0|00|08|00|00|00|07
1771336230.258,solicited,0,,0,
1771336230.695,unsolicited,0,0,0,C0|00|08|00|00|00|07
1771336230.695,unsolicited,0,0,0,C0|00|08|00|00|00|07
1771336230.728,unsolicited,0,0,0,C0|00|08|00|00|00|07
1771336230.964,unsolicited,0,0,0,C0|00|08|00|00|00|07
1771336231.196,unsolicited,0,0,0,C0|00|08|00|00|00|07
1771336231.296,unsolicited,0,0,0,C0|00|08|00|00|00|07
1771336232.140,unsolicited,0,0,0,C0|00|08|00|00|00|07
1771336232.174,solicited,0,,0,
1771336232.312,unsolicited,0,0,0,C0|00|08|00|00|00|07
1771336232.378,unsolicited,0,0,0,C0|00|08|00|00|00|07
1771336232.412,unsolicited,0,0,0,C0|00|08|00|00|00|07
1771336233.314,unsolicited,0,0,0,C0|00|08|00|00|00|07
1771336233.583,unsolicited,0,0,0,C0|00|08|00|00|00|07
1771336233.650,unsolicited,0,0,0,C0|00|08|00|00|00|07
1771336233.650,solicited,0,,0,
1771336233.717,unsolicited,0,0,0,C0|00|08|00|00|00|07
1771336233.750,unsolicited,0,0,0,C0|00|08|00|00|00|07
1771336234.388,unsolicited,0,0,0,C0|00|08|00|00|00|07
1771336234.388,unsolicited,0,0,0,C0|00|08|00|00|00|07
1771336234.623,unsolicited,0,0,0,C0|00|08|00|00|00|07
1771336234.758,solicited,0,,0,
1771336235.128,unsolicited,0,0,0,C0|00|08|00|00|00|07
1771336235.264,solicited,0,,0,
1771336235.565,unsolicited,0,0,0,C0|00|08|00|00|00|07
1771336235.599,unsolicited,0,0,0,C0|00|08|00|00|00|07
1771336235.599,unsolicited,0,0,0,C0|00|08|00|00|00|07
1771336235.599,unsolicited,0,0,0,C0|00|08|00|00|00|07
1771336236.269,solicited,0,,0,
1771336236.537,unsolicited,0,0,0,C0|00|08|00|00|00|07
1771336236.538,unsolicited,0,0,0,C0|00|08|00|00|00|07
1771336237.206,unsolicited,0,0,0,C0|00|08|00|00|00|07
1771336237.239,unsolicited,0,0,0,C0|00|08|00|00|00|07
1771336237.473,unsolicited,0,0,0,C0|00|08|00|00|00|07
1771336239.484,solicited,0,,0,
1771336239.518,unsolicited,0,0,0,C0|00|08|00|00|00|07
1771336239.552,unsolicited,0,0,0,C0|00|08|00|00|00|07
1771336239.552,unsolicited,0,0,0,C0|00|08|00|00|00|07
1771336239.787,unsolicited,0,0,0,C0|00|08|00|00|00|07
1771336240.930,unsolicited,0,0,0,C0|00|08|00|00|00|07
1771336240.930,solicited,0,,0,
1771336241.301,unsolicited,0,0,0,C0|00|08|00|00|00|07
1771336241.302,unsolicited,0,0,0,C0|00|08|00|00|00|07
1771336241.435,unsolicited,0,0,0,C0|00|08|00|00|00|07
1771336241.435,solicited,0,,0,
1771336241.470,unsolicited,0,0,0,C0|00|08|00|00|00|07
1771336241.504,unsolicited,0,0,0,C0|00|08|00|00|00|07
1771336241.538,unsolicited,0,0,0,C0|00|08|00|00|00|07
1771336241.538,unsolicited,0,0,0,C0|00|08|00|00|00|07
1771336241.538,unsolicited,0,0,0,C0|00|08|00|00|00|07
1771336241.774,unsolicited,0,0,0,C0|00|08|00|00|00|07
1771336241.876,unsolicited,0,0,0,C0|00|08|00|00|00|07
1771336242.008,unsolicited,0,0,0,C0|00|08|00|00|00|07
1771336242.041,solicited,0,,0,
1771336243.244,solicited,0,,0,
1771336243.514,unsolicited,0,0,0,C0|00|08|00|00|00|07
1771336243.514,unsolicited,0,0,0,C0|00|08|00|00|00|07
1771336243.850,solicited,0,,0,
1771336243.884,unsolicited,0,0,0,C0|00|08|00|00|00|07
1771336243.918,unsolicited,0,0,0,C0|00|08|00|00|00|07
1771336243.918,unsolicited,0,0,0,C0|00|08|00|00|00|07
1771336243.986,unsolicited,0,0,0,C0|00|08|00|00|00|07
1771336244.018,unsolicited,0,0,0,C0|00|08|00|00|00|07
1771336244.018,unsolicited,0,0,0,C0|00|08|00|00|00|07
1771336244.019,unsolicited,0,0,0,C0|00|08|00|00|00|07
1771336244.052,unsolicited,0,0,0,C0|00|08|00|00|00|07
1771336244.153,unsolicited,0,0,0,C0|00|08|00|00|00|07
1771336244.153,unsolicited,0,0,0,C0|00|08|00|00|00|07
1771336244.153,unsolicited,0,0,0,C0|00|08|00|00|00|07
1771336244.186,unsolicited,0,0,0,C0|00|08|00|00|00|07
1771336244.220,unsolicited,0,0,0,C0|00|08|00|00|00|07
1771336244.221,unsolicited,0,0,0,C0|00|08|00|00|00|07
1771336244.255,unsolicited,0,0,0,C0|00|08|00|00|00|07
1771336244.255,unsolicited,0,0,0,C0|00|08|00|00|00|07
1771336244.255,unsolicited,0,0,0,C0|00|08|00|00|00|07
1771336244.289,unsolicited,0,0,0,C0|00|08|00|00|00|07
1771336244.321,unsolicited,0,0,0,C0|00|08|00|00|00|07
1771336244.354,unsolicited,0,0,0,C0|00|08|00|00|00|07
1771336244.355,solicited,0,,0,
1771336244.523,unsolicited,0,0,0,C0|00|08|00|00|00|07
1771336244.556,unsolicited,0,0,0,C0|00|08|00|00|00|07
1771336244.690,unsolicited,0,0,0,C0|00|08|00|00|00|07
1771336244.724,unsolicited,0,0,0,C0|00|08|00|00|00|07
1771336244.824,unsolicited,0,0,0,C0|00|08|00|00|00|07
1771336244.858,unsolicited,0,0,0,C0|00|08|00|00|00|07
1771336244.890,solicited,0,,0,
1771336245.162,unsolicited,0,0,0,C0|00|08|00|00|00|07
1771336245.197,unsolicited,0,0,0,C0|00|08|00|00|00|07
1771336245.297,unsolicited,0,0,0,C0|00|08|00|00|00|07
1771336245.398,solicited,0,,0,
1771336245.499,unsolicited,0,0,0,C0|00|08|00|00|00|07
1771336245.531,unsolicited,0,0,0,C0|00|08|00|00|00|07
1771336245.532,unsolicited,0,0,0,C0|00|08|00|00|00|07
1771336245.565,unsolicited,0,0,0,C0|00|08|00|00|00|07
1771336245.565,unsolicited,0,0,0,C0|00|08|00|00|00|07
1771336245.566,unsolicited,0,0,0,C0|00|08|00|00|00|07
1771336245.831,unsolicited,0,0,0,C0|00|08|00|00|00|07
1771336245.831,unsolicited,0,0,0,C0|00|08|00|00|00|07
1771336245.865,unsolicited,0,0,0,C0|00|08|00|00|00|07
1771336245.932,unsolicited,0,0,0,C0|00|08|00|00|00|07
1771336245.932,solicited,0,,0,
1771336246.000,unsolicited,0,0,0,C0|00|08|00|00|00|07
1771336246.068,unsolicited,0,0,0,C0|00|08|00|00|00|07
1771336246.102,unsolicited,0,0,0,C0|00|08|00|00|00|07
1771336246.135,unsolicited,0,0,0,C0|00|08|00|00|00|07
1771336246.135,unsolicited,0,0,0,C0|00|08|00|00|00|07
1771336246.168,unsolicited,0,0,0,C0|00|08|00|00|00|07
1771336246.201,unsolicited,0,0,0,C0|00|08|00|00|00|07
1771336246.202,unsolicited,0,0,0,C0|00|08|00|00|00|07
1771336246.236,unsolicited,0,0,0,C0|00|08|00|00|00|07
1771336246.236,unsolicited,0,0,0,C0|00|08|00|00|00|07
1771336246.269,unsolicited,0,0,0,C0|00|08|00|00|00|07
1771336246.269,unsolicited,0,0,0,C0|00|08|00|00|00|07
1771336246.270,unsolicited,0,0,0,C0|00|08|00|00|00|07
1771336246.270,unsolicited,0,0,0,C0|00|08|00|00|00|07
1771336246.438,solicited,0,,0,
1771336246.472,unsolicited,0,0,0,C0|00|08|00|00|00|07
1771336247.079,unsolicited,0,0,0,C0|00|08|00|00|00|07
1771336247.113,solicited,0,,0,
1771336247.281,unsolicited,0,0,0,C0|00|08|00|00|00|07
1771336247.281,unsolicited,0,0,0,C0|00|08|00|00|00|07
1771336247.349,unsolicited,0,0,0,C0|00|08|00|00|00|07
1771336247.382,unsolicited,0,0,0,C0|00|08|00|00|00|07
1771336247.416,unsolicited,0,0,0,C0|00|08|00|00|00|07
1771336247.416,unsolicited,0,0,0,C0|00|08|00|00|00|07
1771336247.449,unsolicited,0,0,0,C0|00|08|00|00|00|07
1771336247.483,unsolicited,0,0,0,C0|00|08|00|00|00|07
1771336247.484,unsolicited,0,0,0,C0|00|08|00|00|00|07
1771336247.653,solicited,0,,0,
1771336247.685,unsolicited,0,0,0,C0|00|08|00|00|00|07
1771336247.685,unsolicited,0,0,0,C0|00|08|00|00|00|07
1771336247.686,unsolicited,0,0,0,C0|00|08|00|00|00|07
1771336247.954,unsolicited,0,0,0,C0|00|08|00|00|00|07
1771336247.954,unsolicited,0,0,0,C0|00|08|00|00|00|07
1771336248.022,unsolicited,0,0,0,C0|00|08|00|00|00|07
1771336248.056,unsolicited,0,0,0,C0|00|08|00|00|00|07
1771336248.057,unsolicited,0,0,0,C0|00|08|00|00|00|07
1771336248.089,unsolicited,0,0,0,C0|00|08|00|00|00|07
1771336248.157,solicited,0,,0,
1771336248.360,unsolicited,0,0,0,C0|00|08|00|00|00|07
1771336248.394,unsolicited,0,0,0,C0|00|08|00|00|00|07
1771336248.427,unsolicited,0,0,0,C0|00|08|00|00|00|07
1771336248.427,unsolicited,0,0,0,C0|00|08|00|00|00|07
1771336248.428,unsolicited,0,0,0,C0|00|08|00|00|00|07
1771336248.461,unsolicited,0,0,0,C0|00|08|00|00|00|07
1771336248.462,unsolicited,0,0,0,C0|00|08|00|00|00|07
1771336248.462,unsolicited,0,0,0,C0|00|08|00|00|00|07
1771336249.703,solicited,0,,0,
1771336250.240,unsolicited,0,0,0,C0|00|08|00|00|00|07
1771336250.240,solicited,0,,0,
1771336250.340,unsolicited,0,0,0,C0|00|08|00|00|00|07
1771336250.374,unsolicited,0,0,0,C0|00|08|00|00|00|07
1771336250.541,unsolicited,0,0,0,C0|00|08|00|00|00|07
1771336250.575,unsolicited,0,0,0,C0|00|08|00|00|00|07
1771336250.575,unsolicited,0,0,0,C0|00|08|00|00|00|07
1771336250.643,unsolicited,0,0,0,C0|00|08|00|00|00|07
1771336250.745,solicited,0,,0,
1771336250.778,unsolicited,0,0,0,C0|00|08|00|00|00|07
1771336250.812,unsolicited,0,0,0,C0|00|08|00|00|00|07
1771336250.813,unsolicited,0,0,0,C0|00|08|00|00|00|07
1771336250.846,unsolicited,0,0,0,C0|00|08|00|00|00|07
1771336250.915,unsolicited,0,0,0,C0|00|08|00|00|00|07
1771336250.915,unsolicited,0,0,0,C0|00|08|00|00|00|07
1771336251.049,unsolicited,0,0,0,C0|00|08|00|00|00|07
1771336251.083,unsolicited,0,0,0,C0|00|08|00|00|00|07
1771336251.084,unsolicited,0,0,0,C0|00|08|00|00|00|07
1771336251.084,unsolicited,0,0,0,C0|00|08|00|00|00|07
1771336251.116,unsolicited,0,0,0,C0|00|08|00|00|00|07
1771336251.117,unsolicited,0,0,0,C0|00|08|00|00|00|07
1771336251.117,unsolicited,0,0,0,C0|00|08|00|00|00|07
1771336251.149,unsolicited,0,0,0,C0|00|08|00|00|00|07
1771336251.250,solicited,0,,0,
1771336251.318,unsolicited,0,0,0,C0|00|08|00|00|00|07
1771336251.351,unsolicited,0,0,0,C0|00|08|00|00|00|07
1771336251.352,unsolicited,0,0,0,C0|00|08|00|00|00|07
1771336251.417,unsolicited,0,0,0,C0|00|08|00|00|00|07
1771336251.450,unsolicited,0,0,0,C0|00|08|00|00|00|07
1771336251.516,unsolicited,0,0,0,C0|00|08|00|00|00|07
1771336251.550,unsolicited,0,0,0,C0|00|08|00|00|00|07
1771336251.584,unsolicited,0,0,0,C0|00|08|00|00|00|07
1771336251.618,unsolicited,0,0,0,C0|00|08|00|00|00|07
1771336251.618,unsolicited,0,0,0,C0|00|08|00|00|00|07
1771336251.685,unsolicited,0,0,0,C0|00|08|00|00|00|07
1771336251.718,unsolicited,0,0,0,C0|00|08|00|00|00|07
1771336251.718,unsolicited,0,0,0,C0|00|08|00|00|00|07
1771336251.750,unsolicited,0,0,0,C0|00|08|00|00|00|07
1771336252.016,solicited,0,,0,
1771336252.283,unsolicited,0,0,0,C0|00|08|00|00|00|07
1771336252.755,unsolicited,0,0,0,C0|00|08|00|00|00|07
1771336252.790,unsolicited,0,0,0,C0|00|08|00|00|00|07
1771336252.888,unsolicited,0,0,0,C0|00|08|00|00|00|07
1771336252.889,unsolicited,0,0,0,C0|00|08|00|00|00|07
1771336252.921,unsolicited,0,0,0,C0|00|08|00|00|00|07
1771336252.921,unsolicited,0,0,0,C0|00|08|00|00|00|07
1771336252.922,unsolicited,0,0,0,C0|00|08|00|00|00|07
1771336252.956,unsolicited,0,0,0,C0|00|08|00|00|00|07
1771336252.989,unsolicited,0,0,0,C0|00|08|00|00|00|07
1771336253.091,unsolicited,0,0,0,C0|00|08|00|00|00|07
1771336253.092,unsolicited,0,0,0,C0|00|08|00|00|00|07
1771336253.125,solicited,0,,0,
1771336253.158,unsolicited,0,0,0,C0|00|08|00|00|00|07
1771336253.158,unsolicited,0,0,0,C0|00|08|00|00|00|07
1771336253.159,unsolicited,0,0,0,C0|00|08|00|00|00|07
1771336253.192,unsolicited,0,0,0,C0|00|08|00|00|00|07
1771336253.193,unsolicited,0,0,0,C0|00|08|00|00|00|07
1771336253.193,unsolicited,0,0,0,C0|00|08|00|00|00|07
1771336253.226,unsolicited,0,0,0,C0|00|08|00|00|00|07
1771336253.458,unsolicited,0,0,0,C0|00|08|00|00|00|07
1771336253.491,unsolicited,0,0,0,C0|00|08|00|00|00|07
1771336253.492,unsolicited,0,0,0,C0|00|08|00|00|00|07
1771336253.525,unsolicited,0,0,0,C0|00|08|00|00|00|07
1771336253.558,unsolicited,0,0,0,C0|00|08|00|00|00|07
1771336253.592,unsolicited,0,0,0,C0|00|08|00|00|00|07
1771336253.593,unsolicited,0,0,0,C0|00|08|00|00|00|07
1771336253.626,unsolicited,0,0,0,C0|00|08|00|00|00|07
1771336253.627,unsolicited,0,0,0,C0|00|08|00|00|00|07
1771336253.628,solicited,0,,0,
1771336253.694,unsolicited,0,0,0,C0|00|08|00|00|00|07
1771336253.695,unsolicited,0,0,0,C0|00|08|00|00|00|07
1771336253.696,unsolicited,0,0,0,C0|00|08|00|00|00|07
1771336254.198,solicited,0,,0,
1771336254.266,unsolicited,0,0,0,C0|00|08|00|00|00|07
1771336254.365,unsolicited,0,0,0,C0|00|08|00|00|00|07
1771336254.398,unsolicited,0,0,0,C0|00|08|00|00|00|07
1771336254.398,unsolicited,0,0,0,C0|00|08|00|00|00|07
1771336254.432,unsolicited,0,0,0,C0|00|08|00|00|00|07
1771336254.499,unsolicited,0,0,0,C0|00|08|00|00|00|07
1771336254.566,unsolicited,0,0,0,C0|00|08|00|00|00|07
1771336254.634,unsolicited,0,0,0,C0|00|08|00|00|00|07
1771336254.701,unsolicited,0,0,0,C0|00|08|00|00|00|07
1771336254.702,unsolicited,0,0,0,C0|00|08|00|00|00|07
1771336255.070,unsolicited,0,0,0,C0|00|08|00|00|00|07
1771336255.240,solicited,0,,0,
1771336255.341,unsolicited,0,0,0,C0|00|08|00|00|00|07
1771336255.375,unsolicited,0,0,0,C0|00|08|00|00|00|07
1771336255.409,unsolicited,0,0,0,C0|00|08|00|00|00|07
1771336255.442,unsolicited,0,0,0,C0|00|08|00|00|00|07
1771336255.610,unsolicited,0,0,0,C0|00|08|00|00|00|07
1771336255.610,unsolicited,0,0,0,C0|00|08|00|00|00|07
1771336255.644,unsolicited,0,0,0,C0|00|08|00|00|00|07
1771336255.644,unsolicited,0,0,0,C0|00|08|00|00|00|07
1771336255.711,unsolicited,0,0,0,C0|00|08|00|00|00|07
1771336255.711,unsolicited,0,0,0,C0|00|08|00|00|00|07
1771336255.712,unsolicited,0,0,0,C0|00|08|00|00|00|07
1771336255.745,solicited,0,,0,
1771336255.879,unsolicited,0,0,0,C0|00|08|00|00|00|07
1771336256.218,unsolicited,0,0,0,C0|00|08|00|00|00|07
1771336256.251,unsolicited,0,0,0,C0|00|08|00|00|00|07
1771336256.284,solicited,0,,0,
1771336258.602,solicited,1328,,0,
