timestamp,source,rpm_value,raw_byte,other_source_rpm,raw_frame
1771339309.734,unsolicited,0,0,,80|00|08|00|00|00|C7
1771339309.752,solicited,0,,0,
1771339312.368,solicited,0,,0,
1771339312.670,unsolicited,0,0,0,C0|00|08|00|00|00|07
1771339323.992,unsolicited,0,0,0,C8|00|08|01|00|00|10
1771339323.993,unsolicited,0,0,0,C8|00|08|01|00|00|10
1771339324.026,solicited,0,,0,
1771339324.261,unsolicited,0,0,0,C8|00|08|04|00|00|13
1771339324.295,unsolicited,0,0,0,C8|00|08|04|00|00|13
1771339326.991,unsolicited,448,7,0,C8|07|08|00|00|00|16
1771339327.022,unsolicited,448,7,0,C8|07|08|00|00|00|16
1771339327.022,solicited,1311,,448,
1771339327.122,unsolicited,448,7,1311,C8|07|08|00|00|00|16
1771339329.381,unsolicited,448,7,1311,C0|07|08|00|00|00|0E
1771339329.381,solicited,1293,,448,
1771339329.784,unsolicited,448,7,1293,C0|07|08|00|00|00|0E
1771339332.405,unsolicited,448,7,1293,C0|07|08|00|00|00|0E
1771339332.439,unsolicited,448,7,1293,C0|07|08|00|00|00|0E
1771339333.380,unsolicited,448,7,1293,C0|07|08|00|00|00|0E
1771339333.413,unsolicited,448,7,1293,C0|07|08|00|00|00|0E
1771339333.413,solicited,1305,,448,
1771339337.291,solicited,1292,,448,
1771339338.303,unsolicited,448,7,1292,C0|07|08|00|00|00|0E
1771339338.336,solicited,1290,,448,
1771339338.437,unsolicited,448,7,1290,C0|07|08|00|00|00|0E
1771339338.470,unsolicited,448,7,1290,C0|07|08|00|00|00|0E
1771339340.687,solicited,1297,,448,
1771339341.564,unsolicited,448,7,1297,C0|07|08|00|00|00|0E
1771339341.595,solicited,1299,,448,
1771339344.697,unsolicited,448,7,1299,C0|07|08|00|00|00|0E
1771339344.729,solicited,1292,,448,
1771339344.763,unsolicited,448,7,1292,C0|07|08|00|00|00|0E
1771339344.965,unsolicited,448,7,1292,C0|07|08|00|00|00|0E
1771339344.998,unsolicited,448,7,1292,C0|07|08|00|00|00|0E
1771339346.443,unsolicited,448,7,1292,C0|07|08|00|00|00|0E
1771339346.477,unsolicited,448,7,1292,C0|07|08|00|00|00|0E
1771339348.197,unsolicited,384,6,1292,C0|06|08|00|00|00|0D
1771339348.197,solicited,1293,,384,
1771339348.500,unsolicited,384,6,1293,C0|06|08|00|00|00|0D
1771339348.534,unsolicited,384,6,1293,C0|06|08|00|00|00|0D
1771339348.535,unsolicited,384,6,1293,C0|06|08|00|00|00|0D
1771339349.711,solicited,1301,,384,
1771339349.779,unsolicited,384,6,1301,C0|06|08|00|00|00|0D
1771339351.127,solicited,1296,,384,
1771339358.896,solicited,1303,,384,
1771339358.896,unsolicited,384,6,1303,C0|06|08|00|00|00|0D
1771339359.404,solicited,1296,,384,
1771339359.506,unsolicited,384,6,1296,C0|06|08|00|00|00|0D
1771339361.896,unsolicited,384,6,1296,C0|06|08|00|00|00|0D
1771339361.931,unsolicited,384,6,1296,C0|06|08|00|00|00|0D
1771339362.234,solicited,1293,,384,
1771339365.431,unsolicited,384,6,1293,C0|06|08|00|00|00|0D
1771339365.432,unsolicited,384,6,1293,C0|06|08|00|00|00|0D
1771339365.465,solicited,1303,,384,
1771339365.769,unsolicited,384,6,1303,C0|06|08|00|00|00|0D
1771339366.440,unsolicited,384,6,1303,C0|06|08|00|00|00|0D
1771339366.508,solicited,1311,,384,
1771339366.509,unsolicited,384,6,1311,C0|06|08|00|00|00|0D
1771339366.543,unsolicited,384,6,1311,C0|06|08|00|00|00|0D
1771339366.544,unsolicited,384,6,1311,C0|06|08|00|00|00|0D
1771339366.545,unsolicited,384,6,1311,C0|06|08|00|00|00|0D
1771339366.545,unsolicited,384,6,1311,C0|06|08|00|00|00|0D
1771339366.579,unsolicited,384,6,1311,C0|06|08|00|00|00|0D
1771339366.580,unsolicited,384,6,1311,C0|06|08|00|00|00|0D
1771339369.038,unsolicited,384,6,1311,C0|06|08|00|00|00|0D
1771339369.038,solicited,1290,,384,
1771339369.040,unsolicited,384,6,1290,C0|06|08|00|00|00|0D
1771339369.072,unsolicited,384,6,1290,C0|06|08|00|00|00|0D
1771339369.545,solicited,1317,,384,
1771339369.546,unsolicited,384,6,1317,C0|06|08|00|00|00|0D
1771339369.577,unsolicited,384,6,1317,C0|06|08|00|00|00|0D
1771339371.323,unsolicited,384,6,1317,C0|06|08|00|00|00|0D
1771339371.356,solicited,1312,,384,
1771339371.357,unsolicited,384,6,1312,C0|06|08|00|00|00|0D
1771339371.358,unsolicited,384,6,1312,C0|06|08|00|00|00|0D
1771339371.358,unsolicited,384,6,1312,C0|06|08|00|00|00|0D
1771339373.781,unsolicited,320,5,1312,C0|05|08|00|00|00|0C
1771339373.782,unsolicited,320,5,1312,C0|05|08|00|00|00|0C
1771339373.814,solicited,1296,,320,
1771339374.117,unsolicited,320,5,1296,C0|05|08|00|00|00|0C
1771339374.117,unsolicited,320,5,1296,C0|05|08|00|00|00|0C
1771339374.118,unsolicited,320,5,1296,C0|05|08|00|00|00|0C
1771339374.118,unsolicited,320,5,1296,C0|05|08|00|00|00|0C
1771339374.185,unsolicited,320,5,1296,C0|05|08|00|00|00|0C
1771339375.462,unsolicited,320,5,1296,C0|05|08|00|00|00|0C
1771339375.496,unsolicited,320,5,1296,C0|05|08|00|00|00|0C
1771339375.496,solicited,1303,,320,
1771339375.530,unsolicited,320,5,1303,C0|05|08|00|00|00|0C
1771339376.772,unsolicited,320,5,1303,C0|05|08|00|00|00|0C
1771339376.773,solicited,1295,,320,
1771339377.448,solicited,1305,,320,
1771339377.550,unsolicited,320,5,1305,C0|05|08|00|00|00|0C
1771339377.583,unsolicited,320,5,1305,C0|05|08|00|00|00|0C
1771339377.617,unsolicited,320,5,1305,C0|05|08|00|00|00|0C
1771339377.618,unsolicited,384,6,1305,C0|06|08|00|00|00|0D
1771339379.435,unsolicited,512,8,1305,C0|08|08|0D|00|00|1C
1771339379.436,unsolicited,512,8,1305,C0|08|08|0D|00|00|1C
1771339379.469,solicited,1292,,512,
1771339379.536,unsolicited,896,14,1292,C0|0E|08|12|00|00|27
1771339379.773,unsolicited,1344,21,1292,C0|15|08|32|00|00|4E
1771339382.093,solicited,1307,,1344,
1771339382.427,unsolicited,768,12,1307,C0|0C|0C|0B|00|00|22
1771339383.070,unsolicited,768,12,1307,C0|0C|0C|0B|00|00|22
1771339383.100,solicited,1296,,768,
1771339383.168,unsolicited,768,12,1296,C0|0C|0C|0B|00|00|22
1771339383.201,unsolicited,768,12,1296,C0|0C|0C|0B|00|00|22
1771339385.054,unsolicited,896,14,1296,C0|0E|0C|0E|00|00|27
1771339386.264,solicited,1303,,896,
1771339389.691,solicited,1300,,896,
1771339390.230,solicited,1305,,896,
1771339393.727,unsolicited,960,15,1305,C0|0F|0C|11|00|00|2B
1771339393.761,solicited,1292,,960,
1771339393.997,unsolicited,960,15,1292,C0|0F|0C|10|00|00|2A
1771339394.666,solicited,1312,,960,
1771339394.767,unsolicited,512,8,1312,C0|08|0E|02|00|00|17
1771339394.799,unsolicited,512,8,1312,C0|08|0E|02|00|00|17
1771339394.800,unsolicited,512,8,1312,C0|08|0E|02|00|00|17
1771339394.833,unsolicited,512,8,1312,C0|08|0E|02|00|00|17
1771339394.834,unsolicited,512,8,1312,C0|08|0E|02|00|00|17
1771339395.470,solicited,1307,,512,
1771339398.166,unsolicited,512,8,1307,C0|08|0E|04|00|00|19
1771339398.167,unsolicited,512,8,1307,C0|08|0E|04|00|00|19
1771339398.199,solicited,1305,,512,
1771339398.268,unsolicited,704,11,1305,C0|0B|0C|07|00|00|1D
1771339398.637,unsolicited,2048,32,1305,C0|20|0C|2F|00|00|5A
1771339398.704,solicited,1239,,2048,
1771339398.840,unsolicited,2816,44,1239,C0|2C|0C|3E|00|00|75
1771339398.841,unsolicited,2816,44,1239,C0|2C|0C|3E|00|00|75
1771339398.871,unsolicited,2880,45,1239,C0|2D|0C|3F|00|00|77
1771339398.872,unsolicited,2944,46,1239,C0|2E|0C|3F|00|00|78
1771339401.061,unsolicited,3968,62,1239,C0|3E|0C|39|00|00|82
1771339401.094,solicited,1841,,3968,
1771339401.200,unsolicited,4032,63,1841,C0|3F|0C|39|00|00|83
1771339401.231,unsolicited,4032,63,1841,C0|3F|0C|39|00|00|83
1771339402.237,unsolicited,3904,61,1841,C0|3D|0C|37|00|00|7F
1771339402.271,unsolicited,3840,60,1841,C0|3C|0C|36|00|00|7D
1771339402.271,unsolicited,3840,60,1841,C0|3C|0C|36|00|00|7D
1771339402.272,unsolicited,3840,60,1841,C0|3C|0C|36|00|00|7D
1771339402.304,solicited,1786,,3840,
1771339404.057,solicited,1242,,3840,
1771339404.387,unsolicited,2368,37,1242,C0|25|0C|27|00|00|57
1771339405.159,solicited,1295,,2368,
1771339408.321,solicited,1196,,2368,
1771339410.613,solicited,162,,2368,
1771339410.914,unsolicited,0,0,162,C0|00|0C|0F|00|00|1A
1771339412.392,unsolicited,0,0,162,C0|00|0C|0E|00|00|19
1771339412.393,unsolicited,0,0,162,C0|00|0C|0E|00|00|19
1771339412.393,unsolicited,0,0,162,C0|00|0C|0E|00|00|19
1771339412.427,solicited,0,,0,
1771339414.009,solicited,0,,0,
1771339414.009,unsolicited,0,0,0,C0|00|0C|0E|00|00|19
1771339416.530,unsolicited,0,0,0,C0|00|0F|FF|00|00|0D
1771339416.530,unsolicited,0,0,0,C0|00|0F|FF|00|00|0D
1771339416.563,solicited,0,,0,
1771339416.634,unsolicited,0,0,0,C0|00|0F|FF|00|00|0D
1771339416.935,unsolicited,0,0,0,C0|00|0F|FF|00|00|0D
1771339416.935,unsolicited,0,0,0,C0|00|0F|FF|00|00|0D
1771339418.143,solicited,0,,0,
1771339419.421,solicited,0,,0,
1771339423.133,unsolicited,0,0,0,C0|00|0E|00|00|00|0D
1771339423.166,solicited,0,,0,
1771339423.200,unsolicited,0,0,0,C0|00|0C|15|00|00|20
1771339423.435,unsolicited,0,0,0,C0|00|0C|16|00|00|21
1771339424.646,solicited,0,,0,
1771339425.350,unsolicited,0,0,0,C0|00|0C|17|00|00|22
1771339425.351,solicited,0,,0,
1771339425.416,unsolicited,0,0,0,C0|00|0C|17|00|00|22
1771339425.417,unsolicited,0,0,0,C0|00|0C|17|00|00|22
1771339432.334,solicited,0,,0,
1771339432.335,unsolicited,0,0,0,C0|00|0F|FE|00|00|0C
1771339432.369,unsolicited,0,0,0,C0|00|0F|FE|00|00|0C
1771339433.307,unsolicited,0,0,0,C0|00|0F|FE|00|00|0C
1771339433.308,unsolicited,0,0,0,C0|00|0F|FF|00|00|0D
1771339433.344,unsolicited,0,0,0,C0|00|0F|FF|00|00|0D
1771339433.374,solicited,0,,0,
1771339433.374,unsolicited,0,0,0,C0|00|0F|FF|00|00|0D
1771339433.408,unsolicited,0,0,0,C0|00|0F|FF|00|00|0D
1771339433.744,unsolicited,0,0,0,C0|00|0F|FF|00|00|0D
1771339433.780,unsolicited,0,0,0,C0|00|0F|FF|00|00|0D
1771339433.811,unsolicited,0,0,0,C0|00|0F|FF|00|00|0D
1771339437.403,unsolicited,0,0,0,C0|00|0E|02|00|00|0F
1771339437.434,solicited,0,,0,
1771339437.502,unsolicited,0,0,0,C0|00|0E|02|00|00|0F
1771339437.503,unsolicited,0,0,0,C0|00|0E|02|00|00|0F
1771339437.572,unsolicited,0,0,0,C0|00|0E|02|00|00|0F
1771339440.763,unsolicited,0,0,0,C0|00|08|0D|00|00|14
1771339440.764,unsolicited,0,0,0,C0|00|08|0D|00|00|14
1771339440.796,solicited,0,,0,
1771339440.829,unsolicited,0,0,0,C0|00|08|0D|00|00|14
1771339440.830,unsolicited,0,0,0,C0|00|08|0D|00|00|14
1771339442.044,unsolicited,0,0,0,C0|00|08|0B|00|00|12
1771339445.714,unsolicited,0,0,0,C0|00|08|07|00|00|0E
1771339445.747,solicited,0,,0,
1771339445.983,unsolicited,0,0,0,C0|00|08|07|00|00|0E
1771339447.120,unsolicited,0,0,0,C0|00|08|08|00|00|0F
1771339447.188,solicited,0,,0,
1771339448.467,unsolicited,0,0,0,C0|00|08|0C|00|00|13
1771339448.501,unsolicited,0,0,0,C0|00|08|0C|00|00|13
1771339448.969,unsolicited,0,0,0,C0|00|08|0C|00|00|13
1771339448.970,unsolicited,0,0,0,C0|00|08|0C|00|00|13
1771339451.557,unsolicited,0,0,0,C0|00|08|00|00|00|07
1771339451.558,unsolicited,0,0,0,C0|00|08|00|00|00|07
1771339451.591,solicited,0,,0,
1771339453.676,unsolicited,0,0,0,C0|00|08|23|00|00|2A
1771339453.676,solicited,0,,0,
1771339455.995,solicited,0,,0,
1771339456.602,unsolicited,0,0,0,C0|00|0E|00|00|00|0D
1771339456.603,solicited,0,,0,
1771339456.701,unsolicited,0,0,0,C0|00|08|00|00|00|07
1771339458.945,unsolicited,0,0,0,C0|00|08|0B|00|00|12
1771339459.180,unsolicited,0,0,0,C0|00|08|0B|00|00|12
1771339459.717,solicited,0,,0,
1771339462.728,unsolicited,0,0,0,C0|00|08|00|00|00|07
1771339462.728,unsolicited,0,0,0,C0|00|08|00|00|00|07
1771339462.761,solicited,0,,0,
1771339462.997,unsolicited,0,0,0,C0|00|08|00|00|00|07
1771339464.679,solicited,0,,0,
1771339465.219,solicited,0,,0,
1771339465.219,unsolicited,0,0,0,C0|00|08|00|00|00|07
1771339465.454,unsolicited,0,0,0,C0|00|08|00|00|00|07
1771339468.379,unsolicited,0,0,0,C0|00|08|00|00|00|07
1771339470.591,unsolicited,0,0,0,C0|00|0E|08|00|00|15
1771339470.622,unsolicited,0,0,0,C0|00|0E|08|00|00|15
1771339470.623,unsolicited,0,0,0,C0|00|0E|08|00|00|15
1771339470.655,solicited,0,,0,
1771339471.631,unsolicited,0,0,0,C0|00|0E|00|00|00|0D
1771339471.632,unsolicited,0,0,0,C0|00|0E|00|00|00|0D
1771339471.662,solicited,0,,0,
1771339471.763,unsolicited,0,0,0,C0|00|0E|00|00|00|0D
1771339475.829,unsolicited,640,10,0,C8|0A|0E|05|00|00|24
1771339475.832,unsolicited,640,10,0,C8|0A|0E|05|00|00|24
1771339475.863,solicited,1125,,640,
1771339476.067,unsolicited,0,0,1125,C8|00|0E|05|00|00|1A
1771339476.406,solicited,1310,,0,
1771339479.500,unsolicited,0,0,1310,C0|00|0E|08|00|00|15
1771339479.506,solicited,1285,,0,
1771339480.374,solicited,1301,,0,
1771339481.644,unsolicited,0,0,1301,C0|00|08|02|00|00|09
1771339481.647,unsolicited,0,0,1301,C0|00|08|02|00|00|09
1771339481.647,unsolicited,0,0,1301,C0|00|08|02|00|00|09
1771339481.709,solicited,1264,,0,
1771339481.911,unsolicited,0,0,1264,C0|00|08|07|00|00|0E
1771339482.246,unsolicited,0,0,1264,C0|00|08|0B|00|00|12
1771339482.246,unsolicited,0,0,1264,C0|00|08|0B|00|00|12
1771339482.247,unsolicited,0,0,1264,C0|00|08|0B|00|00|12
1771339482.279,solicited,1279,,0,
1771339484.807,unsolicited,0,0,1279,C0|00|08|09|00|00|10
1771339484.840,unsolicited,0,0,1279,C0|00|08|09|00|00|10
1771339484.874,solicited,1277,,0,
1771339485.316,unsolicited,0,0,1277,C0|00|0E|08|00|00|15
1771339486.050,unsolicited,0,0,1277,C0|00|0E|06|00|00|13
1771339486.355,unsolicited,0,0,1277,C0|00|0E|04|00|00|11
1771339486.356,unsolicited,0,0,1277,C0|00|0E|04|00|00|11
1771339487.125,solicited,1225,,0,
1771339487.464,unsolicited,0,0,1225,C0|00|08|00|00|00|07
1771339490.223,unsolicited,0,0,1225,C0|00|08|0B|00|00|12
1771339492.507,unsolicited,640,10,1225,C0|0A|0E|04|00|00|1B
1771339492.541,unsolicited,640,10,1225,C0|0A|0E|04|00|00|1B
1771339492.573,solicited,1191,,640,
1771339492.776,unsolicited,640,10,1191,C0|0A|0E|03|00|00|1A
1771339492.779,unsolicited,640,10,1191,C0|0A|0E|03|00|00|1A
1771339493.110,solicited,1200,,640,
1771339508.411,solicited,0,,640,
1771339509.020,solicited,0,,640,
1771339510.476,solicited,1460,,640,
1771339511.686,solicited,2638,,640,
1771339511.687,unsolicited,5248,82,2638,C8|52|0C|2F|00|00|94
1771339512.799,unsolicited,4864,76,2638,C0|4C|0C|24|00|00|7B
1771339512.832,unsolicited,4864,76,2638,C0|4C|0C|24|00|00|7B
1771339512.833,solicited,2171,,4864,
1771339513.000,unsolicited,4864,76,2171,C0|4C|0C|23|00|00|7A
1771339513.810,unsolicited,4224,66,2171,C0|42|0C|1D|00|00|6A
1771339513.842,solicited,1995,,4224,
1771339513.910,unsolicited,4288,67,1995,C0|43|0C|1D|00|00|6B
1771339513.943,unsolicited,4224,66,1995,C0|42|0C|1D|00|00|6A
1771339513.944,unsolicited,4224,66,1995,C0|42|0C|1C|00|00|69
1771339514.179,unsolicited,4096,64,1995,C0|40|0C|1B|00|00|66
1771339514.179,unsolicited,4096,64,1995,C0|40|0C|1B|00|00|66
1771339514.247,unsolicited,4032,63,1995,C0|3F|0C|1A|00|00|64
1771339514.346,unsolicited,3904,61,1995,C0|3D|0C|1A|00|00|62
1771339514.920,solicited,1735,,3904,
1771339514.921,unsolicited,3712,58,1735,C0|3A|0C|17|00|00|5C
1771339520.800,unsolicited,0,0,1735,C0|00|0C|00|00|00|0B
1771339521.135,unsolicited,0,0,1735,C0|00|0C|02|00|00|0D
1771339521.170,solicited,0,,0,
1771339521.203,unsolicited,0,0,0,C0|00|0C|02|00|00|0D
1771339521.204,unsolicited,0,0,0,C0|00|0C|02|00|00|0D
1771339524.155,unsolicited,0,0,0,C0|00|0C|04|00|00|0F
1771339524.156,unsolicited,0,0,0,C0|00|0C|04|00|00|0F
1771339524.188,solicited,0,,0,
1771339524.189,unsolicited,0,0,0,C0|00|0C|04|00|00|0F
1771339524.190,unsolicited,0,0,0,C0|00|0C|04|00|00|0F
1771339524.967,solicited,0,,0,
1771339524.968,unsolicited,0,0,0,C0|00|0C|09|00|00|14
1771339524.968,unsolicited,0,0,0,C0|00|0C|09|00|00|14
1771339525.001,unsolicited,0,0,0,C0|00|0C|09|00|00|14
1771339525.769,unsolicited,0,0,0,C0|00|0C|09|00|00|14
1771339525.770,unsolicited,0,0,0,C0|00|0C|09|00|00|14
1771339525.770,unsolicited,0,0,0,C0|00|0C|09|00|00|14
1771339525.803,solicited,0,,0,
1771339525.806,unsolicited,0,0,0,C0|00|0C|09|00|00|14
1771339526.208,unsolicited,576,9,0,C8|09|0C|0A|00|00|26
1771339526.482,unsolicited,2048,32,0,C8|20|0C|0B|00|00|3E
1771339527.525,unsolicited,2112,33,0,C8|21|0C|0C|00|00|40
1771339527.559,solicited,1103,,2112,
1771339528.599,solicited,1171,,2112,
1771339528.836,unsolicited,2112,33,1171,C8|21|0C|0B|00|00|3F
1771339530.628,unsolicited,1920,30,1171,C0|1E|0C|08|00|00|31
1771339530.929,unsolicited,1984,31,1171,C0|1F|0C|08|00|00|32
1771339530.961,solicited,1197,,1984,
1771339531.601,unsolicited,1984,31,1197,C0|1F|0C|07|00|00|31
1771339531.633,solicited,1201,,1984,
1771339534.764,solicited,1386,,1984,
1771339536.879,solicited,1203,,1984,
1771339537.218,unsolicited,0,0,1203,C0|00|0C|00|00|00|0B
1771339538.564,unsolicited,0,0,1203,C0|00|0F|F9|00|00|07
1771339538.598,solicited,114,,0,
1771339543.678,solicited,970,,0,
1771339543.709,unsolicited,2304,36,970,C8|24|0C|11|00|00|48
1771339543.710,unsolicited,2624,41,970,C8|29|0C|11|00|00|4D
1771339543.711,unsolicited,2624,41,970,C8|29|0C|12|00|00|4E
1771339546.699,unsolicited,0,0,970,C0|00|0F|F9|00|00|07
1771339546.732,solicited,292,,0,
1771339546.866,unsolicited,0,0,292,C0|00|0F|F9|00|00|07
1771339547.235,unsolicited,0,0,292,C0|00|0F|F9|00|00|07
1771339550.130,unsolicited,0,0,292,C0|00|0F|FC|00|00|0A
1771339550.161,unsolicited,0,0,292,C0|00|0F|FC|00|00|0A
1771339550.735,unsolicited,0,0,292,C0|00|0F|FC|00|00|0A
1771339552.619,solicited,1437,,0,
1771339557.037,unsolicited,0,0,1437,C0|00|0C|05|00|00|10
1771339557.040,solicited,0,,0,
1771339557.170,unsolicited,0,0,0,C0|00|0C|05|00|00|10
1771339557.604,solicited,0,,0,
1771339558.677,solicited,0,,0,
1771339558.880,unsolicited,0,0,0,C0|00|0C|0A|00|00|15
1771339560.529,unsolicited,0,0,0,C0|00|0C|0B|00|00|16
1771339560.561,solicited,0,,0,
1771339561.633,solicited,1132,,0,
1771339561.667,unsolicited,2112,33,1132,C8|21|0C|0F|00|00|43
1771339563.781,unsolicited,2112,33,1132,C8|21|0C|0E|00|00|42
1771339563.816,unsolicited,1472,23,1132,C8|17|0C|07|00|00|31
1771339563.817,solicited,1208,,1472,
1771339564.085,unsolicited,1536,24,1208,C0|18|0C|07|00|00|2A
1771339564.088,unsolicited,1472,23,1208,C0|17|0C|07|00|00|29
1771339567.190,solicited,1199,,1472,
1771339567.257,unsolicited,1664,26,1199,C0|1A|0C|05|00|00|2A
1771339567.564,unsolicited,1664,26,1199,C0|1A|0C|05|00|00|2A
1771339567.564,unsolicited,1664,26,1199,C0|1A|0C|05|00|00|2A
1771339567.565,unsolicited,1664,26,1199,C0|1A|0C|05|00|00|2A
1771339569.342,solicited,1201,,1664,
1771339569.577,unsolicited,1728,27,1201,C0|1B|0C|03|00|00|29
1771339570.963,solicited,1201,,1728,
1771339570.994,unsolicited,1792,28,1201,C0|1C|0C|02|00|00|29
1771339570.994,unsolicited,1792,28,1201,C0|1C|0C|02|00|00|29
1771339571.566,unsolicited,0,0,1201,C0|00|0F|F9|00|00|07
1771339572.108,unsolicited,0,0,1201,C0|00|0F|F9|00|00|07
1771339572.374,unsolicited,0,0,1201,C0|00|0F|F9|00|00|07
1771339572.378,unsolicited,0,0,1201,C0|00|0F|F9|00|00|07
1771339573.143,solicited,0,,0,
1771339573.209,unsolicited,0,0,0,C0|00|0F|F9|00|00|07
1771339573.276,unsolicited,0,0,0,C0|00|0F|F9|00|00|07
1771339573.277,unsolicited,0,0,0,C0|00|0F|F9|00|00|07
1771339573.376,unsolicited,0,0,0,C0|00|0F|F9|00|00|07
1771339573.376,unsolicited,0,0,0,C0|00|0F|F9|00|00|07
1771339573.377,unsolicited,0,0,0,C0|00|0F|F9|00|00|07
1771339573.410,unsolicited,0,0,0,C0|00|0F|F9|00|00|07
1771339578.516,unsolicited,0,0,0,C0|00|0C|00|00|00|0B
1771339583.160,solicited,0,,0,
1771339583.193,unsolicited,0,0,0,C0|00|1F|EF|00|00|0D
1771339583.194,unsolicited,0,0,0,C0|00|1F|EE|00|00|0C
1771339585.552,unsolicited,0,0,0,C0|00|0C|03|00|00|0E
1771339585.586,solicited,0,,0,
1771339586.090,unsolicited,0,0,0,C0|00|0C|07|00|00|12
1771339586.426,unsolicited,0,0,0,C0|00|0C|0D|00|00|18
1771339586.493,unsolicited,256,4,0,C8|04|0C|0F|00|00|26
1771339586.499,unsolicited,320,5,0,C8|05|0C|0F|00|00|27
1771339586.526,unsolicited,384,6,0,C8|06|0C|0F|00|00|28
1771339590.025,solicited,2853,,384,
1771339590.026,unsolicited,6912,108,2853,C0|6C|0C|29|00|00|A0
1771339590.328,unsolicited,7360,115,2853,C0|73|0C|2B|00|00|A9
1771339592.175,unsolicited,8320,130,2853,C0|82|0C|28|00|00|B5
1771339592.238,solicited,3365,,8320,
1771339592.339,unsolicited,8256,129,3365,C0|81|0C|28|00|00|B4
1771339592.643,unsolicited,8128,127,3365,C0|7F|0C|25|00|00|AF
1771339592.644,unsolicited,8128,127,3365,C0|7F|0C|25|00|00|AF
1771339594.220,solicited,2855,,8128,
1771339594.288,unsolicited,6144,96,2855,C0|60|0C|1A|00|00|85
1771339594.455,unsolicited,4736,74,2855,C0|4A|0C|15|00|00|6A
1771339594.489,unsolicited,4672,73,2855,C0|49|0C|14|00|00|68
1771339594.757,solicited,1983,,4672,
1771339595.970,solicited,1080,,4672,
1771339596.003,unsolicited,0,0,1080,C0|00|1F|F4|00|00|12
1771339597.384,solicited,1146,,0,
1771339597.415,unsolicited,0,0,1146,C0|00|0F|F9|00|00|07
1771339597.418,unsolicited,0,0,1146,C0|00|0F|F9|00|00|07
1771339597.785,unsolicited,0,0,1146,C0|00|0F|F9|00|00|07
1771339598.395,unsolicited,0,0,1146,C0|00|1F|EC|00|00|0A
1771339598.426,unsolicited,0,0,1146,C0|00|1F|ED|00|00|0B
1771339598.459,solicited,1145,,0,
1771339603.291,unsolicited,0,0,1145,C0|00|1F|F2|00|00|10
1771339603.296,unsolicited,2112,33,1145,C0|21|0C|09|00|00|35
1771339603.325,unsolicited,2112,33,1145,C0|21|0C|09|00|00|35
1771339603.358,solicited,1171,,2112,
1771339603.493,unsolicited,2112,33,1171,C0|21|0C|09|00|00|35
1771339603.728,unsolicited,2112,33,1171,C0|21|0C|09|00|00|35
1771339603.729,unsolicited,2112,33,1171,C0|21|0C|09|00|00|35
1771339604.367,unsolicited,2112,33,1171,C0|21|0C|09|00|00|35
1771339604.368,solicited,1204,,2112,
1771339607.094,unsolicited,4032,63,1204,C0|3F|0C|14|00|00|5E
1771339607.367,unsolicited,4032,63,1204,C0|3F|0C|14|00|00|5E
1771339607.398,unsolicited,4032,63,1204,C0|3F|0C|14|00|00|5E
1771339607.900,unsolicited,0,0,1204,C0|00|0E|02|00|00|0F
1771339610.733,unsolicited,0,0,1204,C0|00|0F|F9|00|00|07
1771339610.969,unsolicited,0,0,1204,C0|00|0F|F9|00|00|07
1771339614.065,unsolicited,0,0,1204,C0|00|0F|FA|00|00|08
1771339614.098,unsolicited,0,0,1204,C0|00|0F|FA|00|00|08
1771339614.099,unsolicited,0,0,1204,C0|00|0F|FA|00|00|08
1771339614.100,solicited,1065,,0,
1771339614.234,unsolicited,0,0,1065,C0|00|0F|FA|00|00|08
1771339614.238,unsolicited,0,0,1065,C0|00|0F|FA|00|00|08
1771339614.609,unsolicited,0,0,1065,C0|00|0F|FA|00|00|08
1771339614.640,solicited,1078,,0,
1771339616.692,unsolicited,0,0,1078,C0|00|0F|FB|00|00|09
1771339616.722,solicited,1076,,0,
1771339616.924,unsolicited,0,0,1076,C0|00|0F|FB|00|00|09
1771339617.227,unsolicited,0,0,1076,C0|00|0F|FB|00|00|09
1771339617.228,unsolicited,0,0,1076,C0|00|0F|FB|00|00|09
1771339617.599,unsolicited,0,0,1076,C0|00|0F|FB|00|00|09
1771339617.603,unsolicited,0,0,1076,C0|00|0F|FB|00|00|09
1771339617.767,unsolicited,0,0,1076,C0|00|0F|FB|00|00|09
1771339617.801,solicited,1100,,0,
1771339620.859,solicited,1114,,0,
1771339620.960,unsolicited,0,0,1114,C0|00|0F|FB|00|00|09
1771339621.499,solicited,1119,,0,
1771339623.485,unsolicited,0,0,1119,C0|00|1F|E3|00|00|01
1771339623.855,unsolicited,0,0,1119,C0|00|1F|DD|00|00|FB
1771339623.887,unsolicited,0,0,1119,C0|00|1F|DD|00|00|FB
1771339623.887,unsolicited,0,0,1119,C0|00|1F|DD|00|00|FB
1771339623.888,unsolicited,0,0,1119,C0|00|1F|DD|00|00|FB
1771339623.889,solicited,1055,,0,
1771339623.988,unsolicited,0,0,1055,C0|00|1F|DD|00|00|FB
1771339625.366,solicited,1071,,0,
1771339625.504,unsolicited,0,0,1071,C0|00|0F|FE|00|00|0C
1771339625.838,unsolicited,0,0,1071,C0|00|0F|FE|00|00|0C
1771339625.872,solicited,1087,,0,
1771339626.010,unsolicited,0,0,1087,C0|00|0F|FE|00|00|0C
1771339626.040,unsolicited,0,0,1087,C0|00|0F|FE|00|00|0C
1771339626.176,unsolicited,0,0,1087,C0|00|0F|FE|00|00|0C
1771339626.276,unsolicited,0,0,1087,C0|00|0F|FE|00|00|0C
1771339626.309,unsolicited,0,0,1087,C0|00|0F|FE|00|00|0C
1771339632.887,unsolicited,0,0,1087,C0|00|1F|F6|00|00|14
1771339632.919,solicited,1042,,0,
1771339633.459,solicited,987,,0,
1771339635.778,unsolicited,0,0,987,C0|00|0E|05|00|00|12
1771339635.812,unsolicited,0,0,987,C0|00|0E|05|00|00|12
1771339635.844,solicited,1064,,0,
1771339635.980,unsolicited,0,0,1064,C0|00|0E|05|00|00|12
1771339642.563,unsolicited,0,0,1064,C0|00|08|00|00|00|07
1771339642.768,unsolicited,0,0,1064,C0|00|08|00|00|00|07
1771339643.337,unsolicited,0,0,1064,C0|00|08|00|00|00|07
1771339645.083,solicited,0,,0,
1771339650.635,solicited,0,,0,
1771339650.938,unsolicited,0,0,0,C0|00|08|00|00|00|07
1771339650.939,unsolicited,0,0,0,C0|00|08|00|00|00|07
1771339653.256,unsolicited,0,0,0,C0|00|08|00|00|00|07
1771339653.257,unsolicited,0,0,0,C0|00|08|00|00|00|07
1771339653.290,solicited,0,,0,
1771339656.928,unsolicited,0,0,0,C0|00|08|00|00|00|07
1771339656.960,solicited,0,,0,
1771339657.330,unsolicited,0,0,0,C0|00|08|09|00|00|10
1771339659.217,solicited,0,,0,
1771339659.283,unsolicited,0,0,0,C0|00|08|02|00|00|09
1771339659.317,unsolicited,0,0,0,C0|00|08|02|00|00|09
1771339671.798,solicited,0,,0,
1771339672.170,unsolicited,0,0,0,C0|00|08|01|00|00|08
1771339672.369,unsolicited,0,0,0,C0|00|08|06|00|00|0D
1771339672.370,unsolicited,0,0,0,C0|00|08|07|00|00|0E
1771339672.372,unsolicited,0,0,0,C0|00|08|07|00|00|0E
1771339672.402,solicited,0,,0,
1771339672.469,unsolicited,0,0,0,C0|00|08|07|00|00|0E
1771339672.470,unsolicited,0,0,0,C0|00|08|0A|00|00|11
1771339672.470,unsolicited,0,0,0,C0|00|08|0B|00|00|12
1771339674.080,solicited,0,,0,
1771339674.080,unsolicited,0,0,0,C0|00|08|00|00|00|07
1771339674.081,unsolicited,0,0,0,C0|00|08|00|00|00|07
1771339676.810,unsolicited,0,0,0,C0|00|08|00|00|00|07
1771339676.844,solicited,0,,0,
1771339678.803,solicited,0,,0,
1771339678.837,unsolicited,0,0,0,C0|00|08|00|00|00|07
1771339679.539,solicited,0,,0,
1771339679.607,unsolicited,0,0,0,C0|00|08|00|00|00|07
1771339679.844,unsolicited,0,0,0,C0|00|08|00|00|00|07
1771339679.845,unsolicited,0,0,0,C0|00|08|00|00|00|07
1771339680.512,solicited,0,,0,
1771339680.579,unsolicited,0,0,0,C0|00|08|00|00|00|07
1771339680.580,unsolicited,0,0,0,C0|00|08|00|00|00|07
1771339680.612,unsolicited,0,0,0,C0|00|08|00|00|00|07
1771339684.915,unsolicited,0,0,0,C0|00|08|02|00|00|09
1771339684.947,solicited,0,,0,
1771339685.314,unsolicited,0,0,0,C0|00|08|0D|00|00|14
1771339685.348,unsolicited,0,0,0,C0|00|08|0D|00|00|14
1771339687.291,unsolicited,0,0,0,C0|00|0E|05|00|00|12
1771339687.325,unsolicited,0,0,0,C0|00|0E|05|00|00|12
1771339687.325,unsolicited,0,0,0,C0|00|0E|05|00|00|12
1771339687.328,solicited,0,,0,
1771339687.360,unsolicited,0,0,0,C0|00|0E|03|00|00|10
1771339687.798,unsolicited,0,0,0,C0|00|0E|02|00|00|0F
1771339690.019,unsolicited,0,0,0,C0|00|0E|02|00|00|0F
1771339690.052,solicited,0,,0,
1771339690.523,unsolicited,0,0,0,C0|00|0E|04|00|00|11
1771339690.555,unsolicited,0,0,0,C0|00|0E|04|00|00|11
1771339690.556,solicited,0,,0,
1771339693.076,unsolicited,0,0,0,C0|00|08|00|00|00|07
1771339693.346,unsolicited,0,0,0,C0|00|08|00|00|00|07
1771339693.684,solicited,0,,0,
1771339696.521,solicited,0,,0,
1771339696.860,unsolicited,0,0,0,C0|00|08|00|00|00|07
1771339696.860,unsolicited,0,0,0,C0|00|08|00|00|00|07
1771339697.095,solicited,0,,0,
1771339698.847,unsolicited,0,0,0,C0|00|08|0A|00|00|11
1771339700.969,unsolicited,2688,42,0,C8|2A|0C|35|00|00|72
1771339701.002,solicited,984,,2688,
1771339701.103,unsolicited,3008,47,984,C8|2F|0C|36|00|00|78
1771339701.104,unsolicited,3008,47,984,C8|2F|0C|36|00|00|78
1771339702.623,unsolicited,4096,64,984,C8|40|0C|2C|00|00|7F
1771339702.624,unsolicited,4096,64,984,C8|40|0C|2C|00|00|7F
1771339702.657,unsolicited,4032,63,984,C8|3F|0C|2B|00|00|7D
1771339702.657,solicited,1850,,4032,
1771339707.337,unsolicited,0,0,1850,C0|00|1F|E0|00|00|FE
1771339707.343,unsolicited,0,0,1850,C0|00|1F|E0|00|00|FE
1771339707.371,solicited,0,,0,
1771339707.538,unsolicited,0,0,0,C0|00|1F|DF|00|00|FD
1771339707.842,unsolicited,0,0,0,C0|00|1F|DA|00|00|F8
1771339709.613,solicited,0,,0,
1771339710.686,solicited,0,,0,
1771339718.300,unsolicited,0,0,0,C0|00|0E|03|00|00|10
1771339718.334,solicited,0,,0,
1771339718.569,unsolicited,0,0,0,C0|00|08|00|00|00|07
1771339720.753,unsolicited,0,0,0,C0|00|08|00|00|00|07
1771339720.786,unsolicited,0,0,0,C0|00|08|00|00|00|07
1771339720.989,unsolicited,0,0,0,C0|00|08|00|00|00|07
1771339721.020,unsolicited,0,0,0,C0|00|08|00|00|00|07
1771339721.021,solicited,0,,0,
1771339725.132,solicited,0,,0,
1771339725.133,unsolicited,0,0,0,C0|00|0C|1C|00|00|27
1771339725.166,unsolicited,0,0,0,C0|00|0C|1C|00|00|27
1771339727.283,unsolicited,0,0,0,C0|00|0F|FF|00|00|0D
1771339727.284,unsolicited,0,0,0,C0|00|0F|FF|00|00|0D
1771339727.822,unsolicited,0,0,0,C0|00|0F|FF|00|00|0D
1771339727.855,solicited,0,,0,
1771339727.856,unsolicited,0,0,0,C0|00|0F|FF|00|00|0D
1771339727.890,unsolicited,0,0,0,C0|00|0F|FF|00|00|0D
1771339732.360,solicited,0,,0,
1771339732.360,unsolicited,0,0,0,C0|00|0E|01|00|00|0E
1771339732.363,unsolicited,0,0,0,C0|00|0E|01|00|00|0E
1771339732.393,unsolicited,0,0,0,C0|00|0E|01|00|00|0E
1771339732.933,unsolicited,0,0,0,C0|00|0E|06|00|00|13
1771339732.934,unsolicited,0,0,0,C0|00|08|08|00|00|0F
1771339732.934,unsolicited,0,0,0,C0|00|08|08|00|00|0F
1771339732.967,solicited,0,,0,
1771339732.970,unsolicited,0,0,0,C0|00|08|08|00|00|0F
1771339733.570,solicited,0,,0,
1771339734.144,unsolicited,0,0,0,C0|00|08|00|00|00|07
1771339734.178,solicited,0,,0,
1771339734.179,unsolicited,0,0,0,C0|00|08|00|00|00|07
1771339735.657,unsolicited,0,0,0,C0|00|08|00|00|00|07
1771339735.691,unsolicited,0,0,0,C0|00|08|00|00|00|07
1771339735.692,solicited,0,,0,
1771339735.692,unsolicited,0,0,0,C0|00|08|00|00|00|07
1771339735.725,unsolicited,0,0,0,C0|00|08|00|00|00|07
1771339735.726,unsolicited,0,0,0,C0|00|08|00|00|00|07
1771339737.440,unsolicited,0,0,0,C0|00|08|00|00|00|07
1771339737.473,unsolicited,0,0,0,C0|00|08|00|00|00|07
1771339737.473,solicited,0,,0,
1771339737.473,unsolicited,0,0,0,C0|00|08|00|00|00|07
1771339737.507,unsolicited,0,0,0,C0|00|08|00|00|00|07
1771339737.780,unsolicited,0,0,0,C0|00|08|00|00|00|07
1771339737.811,unsolicited,0,0,0,C0|00|08|00|00|00|07
1771339737.812,unsolicited,0,0,0,C0|00|08|00|00|00|07
1771339737.947,unsolicited,0,0,0,C0|00|08|00|00|00|07
1771339737.948,unsolicited,0,0,0,C0|00|08|00|00|00|07
1771339737.980,unsolicited,0,0,0,C0|00|08|00|00|00|07
1771339737.981,solicited,0,,0,
1771339738.013,unsolicited,0,0,0,C0|00|08|00|00|00|07
1771339741.443,solicited,0,,0,
1771339741.443,unsolicited,0,0,0,C0|00|08|00|00|00|07
1771339741.444,unsolicited,0,0,0,C0|00|08|00|00|00|07
1771339742.818,unsolicited,0,0,0,C0|00|08|00|00|00|07
1771339742.851,unsolicited,0,0,0,C0|00|08|00|00|00|07
1771339742.851,solicited,0,,0,
1771339742.852,unsolicited,0,0,0,C0|00|08|00|00|00|07
1771339742.884,unsolicited,0,0,0,C0|00|08|00|00|00|07
1771339743.523,solicited,0,,0,
1771339743.590,unsolicited,0,0,0,C0|00|08|00|00|00|07
1771339745.233,unsolicited,0,0,0,C0|00|08|00|00|00|07
1771339745.265,solicited,0,,0,
1771339745.266,unsolicited,0,0,0,C0|00|08|00|00|00|07
1771339745.366,unsolicited,0,0,0,C0|00|08|00|00|00|07
1771339746.476,solicited,0,,0,
1771339748.862,solicited,0,,0,
1771339748.894,unsolicited,0,0,0,C0|00|08|00|00|00|07
1771339749.771,solicited,0,,0,
1771339749.838,unsolicited,0,0,0,C0|00|08|00|00|00|07
1771339749.871,unsolicited,0,0,0,C0|00|08|00|00|00|07
1771339753.539,unsolicited,0,0,0,C0|00|08|0D|00|00|14
1771339753.539,unsolicited,0,0,0,C0|00|08|0D|00|00|14
1771339753.606,solicited,0,,0,
1771339753.606,unsolicited,0,0,0,C0|00|08|0C|00|00|13
1771339754.045,unsolicited,0,0,0,C0|00|08|0E|00|00|15
1771339754.078,unsolicited,0,0,0,C0|00|08|0F|00|00|16
1771339754.111,solicited,0,,0,
1771339754.178,unsolicited,0,0,0,C0|00|08|15|00|00|1C
1771339754.181,unsolicited,0,0,0,C0|00|08|16|00|00|1D
1771339757.064,unsolicited,0,0,0,C0|00|08|16|00|00|1D
1771339757.099,solicited,0,,0,
1771339757.166,unsolicited,0,0,0,C0|00|0E|03|00|00|10
1771339757.167,unsolicited,0,0,0,C0|00|0E|03|00|00|10
1771339758.073,unsolicited,0,0,0,C0|00|08|01|00|00|08
1771339758.074,unsolicited,0,0,0,C0|00|08|01|00|00|08
1771339758.104,solicited,0,,0,
1771339758.171,unsolicited,0,0,0,C0|00|08|02|00|00|09
1771339758.204,unsolicited,0,0,0,C0|00|08|03|00|00|0A
1771339761.925,unsolicited,0,0,0,C0|00|08|00|00|00|07
1771339761.993,solicited,0,,0,
1771339764.081,unsolicited,0,0,0,C0|00|08|00|00|00|07
1771339764.351,unsolicited,0,0,0,C0|00|08|00|00|00|07
1771339764.552,unsolicited,0,0,0,C0|00|08|00|00|00|07
1771339767.877,solicited,0,,0,
1771339769.823,unsolicited,0,0,0,C0|00|08|0D|00|00|14
1771339769.856,solicited,0,,0,
1771339770.730,unsolicited,0,0,0,C0|00|08|0B|00|00|12
1771339770.965,unsolicited,0,0,0,C0|00|08|0A|00|00|11
1771339771.001,unsolicited,0,0,0,C0|00|08|0A|00|00|11
1771339775.700,solicited,0,,0,
1771339776.071,unsolicited,0,0,0,C0|00|08|0C|00|00|13
1771339776.105,unsolicited,0,0,0,C0|00|08|0C|00|00|13
1771339776.106,unsolicited,0,0,0,C0|00|08|0C|00|00|13
1771339776.106,unsolicited,0,0,0,C0|00|08|0C|00|00|13
1771339777.387,unsolicited,0,0,0,C0|00|08|08|00|00|0F
1771339777.419,unsolicited,0,0,0,C0|00|08|08|00|00|0F
1771339777.420,solicited,0,,0,
1771339777.485,unsolicited,0,0,0,C0|00|08|08|00|00|0F
1771339777.519,unsolicited,0,0,0,C0|00|08|08|00|00|0F
1771339778.226,unsolicited,0,0,0,C0|00|08|08|00|00|0F
1771339778.260,unsolicited,0,0,0,C0|00|08|08|00|00|0F
1771339778.260,solicited,0,,0,
1771339778.496,unsolicited,0,0,0,C0|00|08|07|00|00|0E
1771339778.530,unsolicited,0,0,0,C0|00|08|07|00|00|0E
1771339778.597,unsolicited,0,0,0,C0|00|08|07|00|00|0E
1771339782.365,solicited,0,,0,
1771339782.366,unsolicited,0,0,0,C0|00|08|00|00|00|07
1771339782.601,unsolicited,0,0,0,C0|00|08|00|00|00|07
1771339783.909,solicited,0,,0,
1771339787.293,solicited,0,,0,
1771339787.627,unsolicited,0,0,0,C0|00|08|00|00|00|07
1771339789.175,unsolicited,0,0,0,C0|00|08|00|00|00|07
1771339789.175,unsolicited,0,0,0,C0|00|08|00|00|00|07
1771339789.208,solicited,0,,0,
1771339789.981,unsolicited,0,0,0,C0|00|08|00|00|00|07
1771339789.985,unsolicited,0,0,0,C0|00|08|00|00|00|07
1771339790.014,unsolicited,0,0,0,C0|00|08|00|00|00|07
1771339790.516,unsolicited,0,0,0,C0|00|08|00|00|00|07
1771339790.549,solicited,0,,0,
1771339794.002,solicited,0,,0,
1771339794.241,unsolicited,0,0,0,C0|00|08|00|00|00|07
1771339794.241,unsolicited,0,0,0,C0|00|08|00|00|00|07
1771339796.018,unsolicited,0,0,0,C0|00|08|00|00|00|07
1771339796.018,unsolicited,0,0,0,C0|00|08|00|00|00|07
1771339796.018,solicited,0,,0,
1771339796.052,unsolicited,0,0,0,C0|00|08|00|00|00|07
1771339796.052,unsolicited,0,0,0,C0|00|08|00|00|00|07
1771339797.258,unsolicited,0,0,0,C0|00|08|00|00|00|07
1771339797.259,solicited,0,,0,
1771339797.326,unsolicited,0,0,0,C0|00|08|00|00|00|07
1771339797.360,unsolicited,0,0,0,C0|00|08|00|00|00|07
1771339797.595,unsolicited,0,0,0,C0|00|08|00|00|00|07
1771339797.596,unsolicited,0,0,0,C0|00|08|00|00|00|07
1771339799.646,solicited,0,,0,
1771339800.554,unsolicited,0,0,0,C0|00|08|0D|00|00|14
1771339800.555,unsolicited,0,0,0,C0|00|08|0D|00|00|14
1771339800.587,unsolicited,0,0,0,C0|00|08|0D|00|00|14
1771339800.587,solicited,0,,0,
1771339800.686,unsolicited,0,0,0,C0|00|08|0D|00|00|14
1771339800.855,unsolicited,0,0,0,C0|00|08|0C|00|00|13
1771339802.168,unsolicited,0,0,0,C0|00|0C|18|00|00|23
1771339802.200,solicited,0,,0,
1771339808.183,solicited,1040,,0,
1771339808.286,unsolicited,2816,44,1040,C8|2C|0C|24|00|00|63
1771339810.437,solicited,2777,,2816,
1771339811.008,solicited,2567,,2816,
1771339812.885,solicited,1191,,2816,
1771339815.010,unsolicited,0,0,1191,C0|00|0C|04|00|00|0F
1771339815.677,unsolicited,0,0,1191,C0|00|0C|04|00|00|0F
1771339815.709,solicited,0,,0,
1771339817.665,solicited,0,,0,
1771339817.903,unsolicited,0,0,0,C0|00|0F|F9|00|00|07
1771339821.323,unsolicited,0,0,0,C0|00|0F|FA|00|00|08
1771339821.324,solicited,0,,0,
1771339836.745,unsolicited,0,0,0,C0|00|08|00|00|00|07
1771339836.778,unsolicited,0,0,0,C0|00|08|00|00|00|07
1771339836.982,unsolicited,0,0,0,C0|00|08|00|00|00|07
1771339837.288,unsolicited,0,0,0,C0|00|08|00|00|00|07
1771339837.288,unsolicited,0,0,0,C0|00|08|00|00|00|07
1771339837.322,solicited,0,,0,
1771339841.527,unsolicited,0,0,0,C0|00|08|00|00|00|07
1771339842.066,unsolicited,0,0,0,C0|00|08|00|00|00|07
1771339842.101,solicited,0,,0,
1771339845.336,unsolicited,0,0,0,C0|00|08|00|00|00|07
1771339845.367,solicited,0,,0,
1771339845.671,unsolicited,0,0,0,C0|00|08|00|00|00|07
1771339846.442,solicited,0,,0,
1771339848.083,unsolicited,0,0,0,C0|00|08|00|00|00|07
1771339848.085,unsolicited,0,0,0,C0|00|08|00|00|00|07
1771339848.455,solicited,0,,0,
1771339851.780,unsolicited,0,0,0,C0|00|08|00|00|00|07
1771339851.780,unsolicited,0,0,0,C0|00|08|00|00|00|07
1771339852.112,solicited,0,,0,
1771339852.280,unsolicited,0,0,0,C0|00|08|00|00|00|07
1771339852.281,unsolicited,0,0,0,C0|00|08|00|00|00|07
1771339852.349,unsolicited,0,0,0,C0|00|08|00|00|00|07
1771339852.349,unsolicited,0,0,0,C0|00|08|00|00|00|07
1771339855.734,solicited,0,,0,
1771339856.869,unsolicited,0,0,0,C0|00|08|00|00|00|07
1771339856.903,solicited,0,,0,
1771339857.005,unsolicited,0,0,0,C0|00|08|00|00|00|07
1771339857.006,unsolicited,0,0,0,C0|00|08|00|00|00|07
1771339857.073,unsolicited,0,0,0,C0|00|08|00|00|00|07
1771339857.110,unsolicited,0,0,0,C0|00|08|00|00|00|07
1771339857.111,unsolicited,0,0,0,C0|00|08|00|00|00|07
1771339863.292,unsolicited,0,0,0,C0|00|08|00|00|00|07
1771339863.293,solicited,0,,0,
1771339863.393,unsolicited,0,0,0,C0|00|08|00|00|00|07
1771339864.372,unsolicited,0,0,0,C0|00|08|00|00|00|07
1771339864.575,unsolicited,0,0,0,C0|00|08|00|00|00|07
1771339865.114,solicited,0,,0,
1771339865.281,unsolicited,0,0,0,C0|00|08|00|00|00|07
1771339865.281,unsolicited,0,0,0,C0|00|08|00|00|00|07
1771339865.314,unsolicited,0,0,0,C0|00|08|00|00|00|07
1771339868.379,unsolicited,0,0,0,C0|00|08|00|00|00|07
1771339868.379,unsolicited,0,0,0,C0|00|08|00|00|00|07
1771339869.322,unsolicited,0,0,0,C0|00|08|00|00|00|07
1771339869.353,unsolicited,0,0,0,C0|00|08|00|00|00|07
1771339874.032,unsolicited,0,0,0,C0|00|08|00|00|00|07
1771339874.099,solicited,0,,0,
1771339874.167,unsolicited,0,0,0,C0|00|08|00|00|00|07
1771339874.472,unsolicited,0,0,0,C0|00|08|00|00|00|07
1771339876.958,unsolicited,0,0,0,C0|00|08|00|00|00|07
1771339876.959,unsolicited,0,0,0,C0|00|08|00|00|00|07
1771339877.866,solicited,0,,0,
1771339877.899,unsolicited,0,0,0,C0|00|08|00|00|00|07
1771339877.934,unsolicited,0,0,0,C0|00|08|00|00|00|07
1771339877.934,unsolicited,0,0,0,C0|00|08|00|00|00|07
1771339880.122,unsolicited,0,0,0,C0|00|08|00|00|00|07
1771339880.125,unsolicited,0,0,0,C0|00|08|00|00|00|07
1771339880.154,solicited,0,,0,
1771339880.222,unsolicited,0,0,0,C0|00|08|00|00|00|07
1771339880.223,unsolicited,0,0,0,C0|00|08|00|00|00|07
1771339880.457,unsolicited,0,0,0,C0|00|08|00|00|00|07
1771339882.207,unsolicited,1152,18,0,C8|12|0C|44|00|00|69
1771339882.210,solicited,850,,1152,
1771339882.345,unsolicited,3008,47,850,C8|2F|0C|45|00|00|87
1771339882.346,unsolicited,3072,48,850,C8|30|0C|46|00|00|89
1771339883.281,unsolicited,4736,74,850,C8|4A|0C|41|00|00|9E
1771339883.312,solicited,2099,,4736,
1771339883.379,unsolicited,4672,73,2099,C8|49|0C|40|00|00|9C
1771339891.940,solicited,0,,4672,
1771339891.943,unsolicited,0,0,0,C0|00|0C|17|00|00|22
1771339891.975,unsolicited,0,0,0,C0|00|0C|17|00|00|22
1771339894.490,unsolicited,3008,47,0,C8|2F|0C|26|00|00|68
1771339894.523,solicited,1453,,3008,
1771339894.759,unsolicited,3136,49,1453,C8|31|0C|25|00|00|69
1771339894.995,unsolicited,3264,51,1453,C8|33|0C|24|00|00|6A
1771339895.027,solicited,1491,,3264,
1771339898.828,unsolicited,3968,62,1491,C0|3E|0C|1D|00|00|66
1771339898.829,unsolicited,3968,62,1491,C0|3E|0C|1D|00|00|66
1771339898.861,solicited,1889,,3968,
1771339898.894,unsolicited,4032,63,1889,C0|3F|0C|1C|00|00|66
1771339899.163,unsolicited,3968,62,1889,C0|3E|0C|1B|00|00|64
1771339899.164,unsolicited,3968,62,1889,C0|3E|0C|1B|00|00|64
1771339900.508,unsolicited,0,0,1889,C0|00|0E|00|00|00|0D
1771339900.541,solicited,1175,,0,
1771339900.544,unsolicited,0,0,1175,C0|00|0F|FF|00|00|0D
1771339900.546,unsolicited,0,0,1175,C0|00|0F|FF|00|00|0D
1771339900.812,unsolicited,0,0,1175,C0|00|0F|FA|00|00|08
1771339900.844,unsolicited,0,0,1175,C0|00|0F|FA|00|00|08
1771339900.845,unsolicited,0,0,1175,C0|00|0F|FA|00|00|08
1771339900.846,unsolicited,0,0,1175,C0|00|0F|FA|00|00|08
1771339901.417,solicited,131,,0,
1771339901.422,unsolicited,0,0,131,C0|00|0F|FA|00|00|08
1771339901.450,unsolicited,0,0,131,C0|00|0F|FA|00|00|08
1771339903.168,unsolicited,0,0,131,C0|00|0C|08|00|00|13
1771339903.202,solicited,0,,0,
1771339903.203,unsolicited,0,0,0,C0|00|0C|09|00|00|14
1771339905.319,unsolicited,0,0,0,C0|00|0C|09|00|00|14
1771339905.354,solicited,0,,0,
1771339905.421,unsolicited,0,0,0,C0|00|0C|0A|00|00|15
1771339905.455,unsolicited,0,0,0,C0|00|0C|0A|00|00|15
1771339905.455,unsolicited,0,0,0,C0|00|0C|0A|00|00|15
1771339905.456,unsolicited,0,0,0,C0|00|0C|0A|00|00|15
1771339905.690,unsolicited,0,0,0,C0|00|0C|08|00|00|13
1771339906.874,unsolicited,0,0,0,C0|00|0F|FC|00|00|0A
1771339908.862,unsolicited,0,0,0,C0|00|0F|FE|00|00|0C
1771339909.168,unsolicited,0,0,0,C0|00|0F|FE|00|00|0C
1771339909.502,solicited,0,,0,
1771339911.524,unsolicited,0,0,0,C0|00|0E|03|00|00|10
1771339911.525,unsolicited,0,0,0,C0|00|0E|03|00|00|10
1771339911.558,solicited,0,,0,
1771339915.736,solicited,0,,0,
1771339916.747,unsolicited,0,0,0,C0|00|08|03|00|00|0A
1771339921.826,unsolicited,0,0,0,C0|00|08|2D|00|00|34
1771339921.858,unsolicited,0,0,0,C0|00|08|2D|00|00|34
1771339921.859,unsolicited,0,0,0,C0|00|08|2E|00|00|35
1771339921.860,solicited,0,,0,
1771339923.615,solicited,1665,,0,
1771339923.619,unsolicited,3648,57,1665,C8|39|0C|36|00|00|82
1771339923.648,unsolicited,3648,57,1665,C8|39|0C|36|00|00|82
1771339925.475,unsolicited,3712,58,1665,C8|3A|0C|24|00|00|71
1771339926.012,unsolicited,3904,61,1665,C0|3D|0C|23|00|00|6B
1771339926.045,solicited,1771,,3904,
1771339926.113,unsolicited,3904,61,1771,C0|3D|0C|23|00|00|6B
1771339926.754,solicited,1893,,3904,
1771339926.855,unsolicited,4160,65,1893,C0|41|0C|22|00|00|6E
1771339933.174,solicited,2093,,4160,
1771339933.410,unsolicited,4864,76,2093,C0|4C|0C|18|00|00|6F
1771339933.444,unsolicited,4864,76,2093,C0|4C|0C|18|00|00|6F
1771339933.446,unsolicited,4864,76,2093,C0|4C|0C|18|00|00|6F
1771339934.826,unsolicited,3712,58,2093,C0|3A|0C|11|00|00|56
1771339934.858,solicited,1736,,3712,
1771339935.903,unsolicited,3712,58,1736,C0|3A|0C|10|00|00|55
1771339937.658,solicited,1603,,3712,
1771339937.757,unsolicited,0,0,1603,C0|00|0E|02|00|00|0F
1771339938.291,unsolicited,0,0,1603,C0|00|0F|F9|00|00|07
1771339938.324,solicited,739,,0,
1771339938.558,unsolicited,0,0,739,C0|00|1F|F6|00|00|14
1771339946.674,solicited,1744,,0,
1771339946.876,unsolicited,3584,56,1744,C0|38|0C|13|00|00|56
1771339947.176,unsolicited,3648,57,1744,C0|39|0C|13|00|00|57
1771339947.176,unsolicited,3648,57,1744,C0|39|0C|13|00|00|57
1771339947.209,solicited,1723,,3648,
1771339947.242,unsolicited,3648,57,1723,C0|39|0C|13|00|00|57
1771339949.398,unsolicited,3648,57,1723,C0|39|0C|12|00|00|56
1771339949.433,solicited,1712,,3648,
1771339949.700,unsolicited,1280,20,1712,C0|14|0C|0C|00|00|2B
1771339951.955,unsolicited,0,0,1712,C0|00|0F|FA|00|00|08
1771339951.988,unsolicited,0,0,1712,C0|00|0F|FB|00|00|09
1771339951.989,solicited,0,,0,
1771339952.055,unsolicited,0,0,0,C0|00|0F|FE|00|00|0C
1771339953.565,unsolicited,0,0,0,C0|00|0C|03|00|00|0E
1771339953.566,solicited,0,,0,
1771339955.909,unsolicited,3520,55,0,C8|37|0C|13|00|00|5D
1771339955.945,solicited,1626,,3520,
1771339967.955,unsolicited,5440,85,1626,C0|55|0C|14|00|00|74
1771339967.989,solicited,2357,,5440,
1771339967.990,unsolicited,5312,83,2357,C0|53|0C|14|00|00|72
1771339968.462,unsolicited,5184,81,2357,C0|51|0C|13|00|00|6F
1771339968.495,solicited,2256,,5184,
1771339970.348,unsolicited,4480,70,2256,C0|46|0C|10|00|00|61
1771339970.381,solicited,2015,,4480,
1771339970.416,unsolicited,4480,70,2015,C0|46|0C|10|00|00|61
1771339971.933,solicited,2001,,4480,
1771339976.865,solicited,114,,4480,
1771339978.452,solicited,0,,4480,
1771339981.606,solicited,1818,,4480,
1771339982.012,unsolicited,4288,67,1818,C8|43|0C|17|00|00|6D
1771339982.652,solicited,1971,,4288,
1771339982.719,unsolicited,4224,66,1971,C0|42|0C|17|00|00|64
1771339985.784,solicited,1161,,4224,
1771339986.091,unsolicited,0,0,1161,C0|00|0F|F9|00|00|07
1771339987.808,unsolicited,0,0,1161,C0|00|0F|F9|00|00|07
1771339987.808,unsolicited,0,0,1161,C0|00|0F|F9|00|00|07
1771339988.109,unsolicited,0,0,1161,C0|00|0F|F9|00|00|07
1771339988.110,unsolicited,0,0,1161,C0|00|0F|F9|00|00|07
1771339988.110,unsolicited,0,0,1161,C0|00|0F|F9|00|00|07
1771339988.412,unsolicited,0,0,1161,C0|00|0F|F9|00|00|07
1771339988.444,solicited,0,,0,
1771339991.503,unsolicited,0,0,0,C0|00|0F|FC|00|00|0A
1771339991.537,solicited,0,,0,
1771339994.596,solicited,0,,0,
1771339997.449,unsolicited,0,0,0,C0|00|0E|07|00|00|14
1771339997.479,unsolicited,0,0,0,C0|00|0E|07|00|00|14
1771339997.986,unsolicited,0,0,0,C0|00|08|0A|00|00|11
1771339997.987,unsolicited,0,0,0,C0|00|08|0A|00|00|11
1771339998.018,solicited,0,,0,
1771339998.052,unsolicited,0,0,0,C0|00|08|0A|00|00|11
1771339998.760,solicited,0,,0,
1771340001.075,unsolicited,0,0,0,C0|00|08|03|00|00|0A
1771340001.076,unsolicited,0,0,0,C0|00|08|03|00|00|0A
1771340001.077,unsolicited,0,0,0,C0|00|08|03|00|00|0A
1771340001.108,solicited,0,,0,
1771340003.096,solicited,0,,0,
1771340003.196,unsolicited,0,0,0,C0|00|08|03|00|00|0A
1771340003.428,unsolicited,0,0,0,C0|00|08|03|00|00|0A
1771340003.462,unsolicited,0,0,0,C0|00|08|03|00|00|0A
1771340003.496,unsolicited,0,0,0,C0|00|08|03|00|00|0A
1771340003.529,unsolicited,0,0,0,C0|00|08|03|00|00|0A
1771340005.145,unsolicited,0,0,0,C0|00|08|03|00|00|0A
1771340005.180,unsolicited,0,0,0,C0|00|08|03|00|00|0A
1771340005.180,solicited,0,,0,
1771340005.214,unsolicited,0,0,0,C0|00|08|03|00|00|0A
1771340006.631,unsolicited,0,0,0,C0|00|08|03|00|00|0A
1771340006.665,solicited,0,,0,
1771340006.700,unsolicited,0,0,0,C0|00|08|03|00|00|0A
1771340006.870,unsolicited,0,0,0,C0|00|08|03|00|00|0A
1771340006.902,unsolicited,0,0,0,C0|00|08|03|00|00|0A
1771340006.903,unsolicited,0,0,0,C0|00|08|03|00|00|0A
1771340008.145,solicited,0,,0,
1771340010.497,unsolicited,0,0,0,C0|00|08|03|00|00|0A
1771340010.498,solicited,0,,0,
1771340010.530,unsolicited,0,0,0,C0|00|08|03|00|00|0A
1771340014.360,solicited,0,,0,
1771340014.663,unsolicited,0,0,0,C0|00|08|23|00|00|2A
1771340016.001,solicited,0,,0,
1771340017.887,solicited,1407,,0,
1771340018.326,unsolicited,3008,47,1407,C8|2F|0C|2B|00|00|6D
1771340018.328,unsolicited,3008,47,1407,C8|2F|0C|2B|00|00|6D
1771340018.328,unsolicited,3008,47,1407,C8|2F|0C|2B|00|00|6D
1771340018.359,unsolicited,3008,47,1407,C8|2F|0C|2A|00|00|6C
1771340018.527,solicited,1480,,3008,
1771340024.109,unsolicited,0,0,1480,C0|00|0E|00|00|00|0D
1771340024.143,solicited,114,,0,
1771340027.337,unsolicited,0,0,114,C0|00|0E|02|00|00|0F
1771340027.372,unsolicited,0,0,114,C0|00|0C|12|00|00|1D
1771340027.406,solicited,0,,0,
1771340027.776,unsolicited,0,0,0,C0|00|0C|12|00|00|1D
1771340030.208,unsolicited,0,0,0,C0|00|0C|1C|00|00|27
1771340030.240,unsolicited,0,0,0,C0|00|0C|1C|00|00|27
1771340033.261,solicited,0,,0,
1771340033.294,unsolicited,0,0,0,C0|00|0C|1C|00|00|27
1771340033.497,unsolicited,768,12,0,C8|0C|0C|25|00|00|44
1771340033.532,unsolicited,832,13,0,C8|0D|0C|28|00|00|48
1771340034.847,solicited,1732,,832,
1771340034.913,unsolicited,3968,62,1732,C8|3E|0C|32|00|00|83
1771340036.227,unsolicited,5184,81,1732,C8|51|0C|33|00|00|97
1771340036.228,solicited,2226,,5184,
1771340036.595,unsolicited,5184,81,2226,C8|51|0C|32|00|00|96
1771340036.697,unsolicited,5248,82,2226,C0|52|0C|31|00|00|8E
1771340036.697,unsolicited,5248,82,2226,C0|52|0C|31|00|00|8E
1771340036.798,solicited,2311,,5248,
1771340036.900,unsolicited,5312,83,2311,C0|53|0C|30|00|00|8E
1771340043.541,unsolicited,1920,30,2311,C0|1E|0C|0B|00|00|34
1771340044.248,unsolicited,0,0,2311,C0|00|0E|00|00|00|0D
1771340044.252,unsolicited,0,0,2311,C0|00|0E|00|00|00|0D
1771340044.383,solicited,1172,,0,
1771340044.417,unsolicited,0,0,1172,C0|00|0F|FE|00|00|0C
1771340048.415,solicited,0,,0,
1771340048.419,unsolicited,0,0,0,C0|00|0E|01|00|00|0E
1771340048.449,unsolicited,0,0,0,C0|00|0E|01|00|00|0E
1771340048.751,unsolicited,0,0,0,C0|00|0C|05|00|00|10
1771340048.785,unsolicited,0,0,0,C0|00|0C|05|00|00|10
1771340048.786,unsolicited,0,0,0,C0|00|0C|05|00|00|10
1771340048.952,solicited,0,,0,
1771340049.021,unsolicited,0,0,0,C0|00|0C|06|00|00|11
1771340049.052,unsolicited,0,0,0,C0|00|0C|06|00|00|11
1771340051.165,unsolicited,0,0,0,C0|00|0C|06|00|00|11
1771340051.233,solicited,0,,0,
1771340051.234,unsolicited,0,0,0,C0|00|0C|15|00|00|20
1771340051.535,unsolicited,0,0,0,C0|00|0C|15|00|00|20
1771340051.537,unsolicited,0,0,0,C0|00|0C|15|00|00|20
1771340052.711,solicited,0,,0,
1771340053.185,unsolicited,896,14,0,C8|0E|0C|1E|00|00|3F
1771340053.218,unsolicited,960,15,0,C8|0F|0C|1E|00|00|40
1771340053.254,solicited,0,,960,
1771340054.130,unsolicited,2176,34,0,C8|22|0C|1C|00|00|51
1771340054.364,unsolicited,2176,34,0,C8|22|0C|1C|00|00|51
1771340054.397,solicited,1128,,2176,
1771340057.211,unsolicited,2560,40,1128,C0|28|0C|1C|00|00|4F
1771340057.246,solicited,1322,,2560,
1771340057.246,unsolicited,2560,40,1322,C0|28|0C|1C|00|00|4F
1771340057.278,unsolicited,2560,40,1322,C0|28|0C|1C|00|00|4F
1771340057.279,unsolicited,2624,41,1322,C0|29|0C|1C|00|00|50
1771340057.514,unsolicited,3008,47,1322,C0|2F|0C|20|00|00|5A
1771340059.762,solicited,1963,,3008,
1771340061.373,solicited,114,,3008,
1771340061.509,unsolicited,0,0,114,C0|00|0C|04|00|00|0F
1771340065.041,unsolicited,0,0,114,C0|00|0C|12|00|00|1D
1771340065.041,unsolicited,0,0,114,C0|00|0C|12|00|00|1D
1771340065.073,solicited,0,,0,
1771340065.175,unsolicited,448,7,0,C8|07|0C|18|00|00|32
1771340065.514,unsolicited,2496,39,0,C8|27|0C|1E|00|00|58
1771340066.852,unsolicited,2112,33,0,C8|21|0C|15|00|00|49
1771340066.885,solicited,1139,,2112,
1771340069.503,solicited,114,,2112,
1771340071.088,solicited,0,,2112,
1771340071.189,unsolicited,0,0,0,C0|00|0E|02|00|00|0F
1771340071.422,unsolicited,0,0,0,C0|00|0C|06|00|00|11
1771340073.469,unsolicited,0,0,0,C0|00|0E|06|00|00|13
1771340073.503,solicited,0,,0,
1771340073.770,unsolicited,0,0,0,C0|00|0E|07|00|00|14
1771340074.376,unsolicited,0,0,0,C0|00|0C|14|00|00|1F
1771340074.410,solicited,0,,0,
1771340074.477,unsolicited,0,0,0,C0|00|0C|16|00|00|21
1771340074.542,unsolicited,0,0,0,C0|00|08|16|00|00|1D
1771340077.493,solicited,0,,0,
1771340078.403,unsolicited,0,0,0,C0|00|0C|1B|00|00|26
1771340078.436,unsolicited,0,0,0,C0|00|0C|1B|00|00|26
1771340078.437,solicited,0,,0,
1771340080.187,solicited,0,,0,
1771340080.557,unsolicited,0,0,0,C0|00|0C|14|00|00|1F
1771340080.558,unsolicited,0,0,0,C0|00|0C|14|00|00|1F
1771340081.294,unsolicited,0,0,0,C0|00|0E|03|00|00|10
1771340081.328,solicited,0,,0,
1771340081.394,unsolicited,0,0,0,C0|00|0E|02|00|00|0F
1771340086.861,unsolicited,2624,41,0,C8|29|0C|39|00|00|75
1771340086.894,solicited,1186,,2624,
1771340087.266,unsolicited,3072,48,1186,C8|30|0C|3B|00|00|7E
1771340087.471,unsolicited,3264,51,1186,C8|33|0C|3A|00|00|80
1771340087.501,solicited,1481,,3264,
1771340089.713,unsolicited,3456,54,1481,C8|36|0C|3A|00|00|83
1771340089.714,unsolicited,4288,67,1481,C0|43|0C|2A|00|00|78
1771340089.715,unsolicited,4416,69,1481,C0|45|0C|29|00|00|79
1771340089.747,solicited,2882,,4416,
1771340090.083,unsolicited,5248,82,2882,C0|52|0C|2F|00|00|8C
1771340092.335,unsolicited,6208,97,2882,C0|61|0C|2B|00|00|97
1771340092.367,solicited,2640,,6208,
1771340092.669,unsolicited,6336,99,2640,C0|63|0C|2C|00|00|9A
1771340092.672,unsolicited,6336,99,2640,C0|63|0C|2C|00|00|9A
1771340092.672,unsolicited,6336,99,2640,C0|63|0C|2B|00|00|99
1771340099.124,unsolicited,0,0,2640,C0|00|0F|FA|00|00|08
1771340099.157,unsolicited,0,0,2640,C0|00|0F|FA|00|00|08
1771340099.157,solicited,0,,0,
1771340099.528,unsolicited,0,0,0,C0|00|0F|FA|00|00|08
1771340100.336,solicited,0,,0,
1771340100.470,unsolicited,0,0,0,C0|00|0F|FB|00|00|09
1771340100.470,unsolicited,0,0,0,C0|00|0F|FB|00|00|09
1771340104.838,unsolicited,0,0,0,C0|00|0F|FB|00|00|09
1771340105.108,unsolicited,2368,37,0,C8|25|0C|18|00|00|50
1771340108.567,solicited,2001,,2368,
1771340108.868,unsolicited,4480,70,2001,C0|46|0C|21|00|00|72
1771340109.643,solicited,1248,,4480,
1771340109.710,unsolicited,2560,40,1248,C0|28|0C|12|00|00|45
1771340113.195,solicited,1180,,2560,
1771340118.775,solicited,0,,2560,
1771340118.807,unsolicited,0,0,0,C0|00|0F|FF|00|00|0D
1771340121.459,solicited,0,,0,
1771340127.116,unsolicited,0,0,0,C0|00|0E|02|00|00|0F
1771340127.149,solicited,897,,0,
1771340127.319,unsolicited,0,0,897,C0|00|0E|02|00|00|0F
1771340127.354,unsolicited,0,0,897,C0|00|0E|03|00|00|10
1771340127.686,solicited,130,,0,
1771340129.511,unsolicited,0,0,130,C0|00|0C|1A|00|00|25
1771340129.539,unsolicited,0,0,130,C0|00|0C|1A|00|00|25
1771340129.577,unsolicited,0,0,130,C0|00|0C|1A|00|00|25
1771340130.315,solicited,0,,0,
1771340136.861,unsolicited,1728,27,0,C0|1B|0C|13|00|00|39
1771340137.163,solicited,1195,,1728,
1771340139.607,unsolicited,0,0,1195,C0|00|0E|02|00|00|0F
1771340139.641,solicited,407,,0,
1771340141.726,solicited,0,,0,
1771340143.138,unsolicited,0,0,0,C0|00|0C|15|00|00|20
1771340143.141,unsolicited,0,0,0,C0|00|0C|15|00|00|20
1771340143.508,solicited,0,,0,
1771340144.149,unsolicited,0,0,0,C0|00|0C|13|00|00|1E
1771340144.183,solicited,0,,0,
1771340149.088,unsolicited,0,0,0,C0|00|08|1B|00|00|22
1771340149.089,unsolicited,0,0,0,C0|00|08|1C|00|00|23
1771340149.122,unsolicited,0,0,0,C0|00|08|1C|00|00|23
1771340149.395,unsolicited,0,0,0,C0|00|08|1C|00|00|23
1771340149.396,unsolicited,0,0,0,C0|00|08|1C|00|00|23
1771340149.697,unsolicited,0,0,0,C0|00|08|1D|00|00|24
1771340152.931,solicited,1153,,0,
1771340153.032,unsolicited,2112,33,1153,C8|21|0C|20|00|00|54
1771340153.034,unsolicited,2112,33,1153,C8|21|0C|21|00|00|55
1771340153.333,unsolicited,2304,36,1153,C8|24|0C|24|00|00|5B
1771340155.619,unsolicited,2880,45,1153,C0|2D|0C|22|00|00|5A
1771340155.619,solicited,1430,,2880,
1771340156.630,unsolicited,3328,52,1430,C0|34|0C|22|00|00|61
1771340156.661,solicited,1621,,3328,
1771340156.729,unsolicited,3392,53,1621,C0|35|0C|22|00|00|62
1771340156.762,unsolicited,3392,53,1621,C0|35|0C|21|00|00|61
1771340158.578,unsolicited,3392,53,1621,C0|35|0C|21|00|00|61
1771340158.611,solicited,1649,,3392,
1771340159.119,unsolicited,3520,55,1649,C0|37|0C|1D|00|00|5F
1771340159.150,unsolicited,3520,55,1649,C0|37|0C|1D|00|00|5F
1771340159.454,unsolicited,3584,56,1649,C0|38|0C|1D|00|00|60
1771340159.487,unsolicited,3584,56,1649,C0|38|0C|1D|00|00|60
1771340159.487,unsolicited,3584,56,1649,C0|38|0C|1D|00|00|60
1771340163.446,unsolicited,3648,57,1649,C0|39|0C|1D|00|00|61
1771340163.480,solicited,1328,,3648,
1771340163.781,unsolicited,2624,41,1328,C0|29|0C|13|00|00|47
1771340163.782,unsolicited,2624,41,1328,C0|29|0C|13|00|00|47
1771340163.815,unsolicited,2624,41,1328,C0|29|0C|13|00|00|47
1771340164.961,unsolicited,2496,39,1328,C0|27|0C|12|00|00|44
1771340165.025,solicited,1295,,2496,
1771340165.769,unsolicited,2240,35,1295,C0|23|0C|0F|00|00|3D
1771340165.800,unsolicited,2240,35,1295,C0|23|0C|0F|00|00|3D
1771340165.801,solicited,1167,,2240,
1771340165.900,unsolicited,2240,35,1167,C0|23|0C|0F|00|00|3D
1771340165.900,unsolicited,2240,35,1167,C0|23|0C|0F|00|00|3D
1771340166.136,unsolicited,2176,34,1167,C0|22|0C|0E|00|00|3B
1771340166.136,unsolicited,2176,34,1167,C0|22|0C|0E|00|00|3B
1771340169.823,unsolicited,0,0,1167,C0|00|0F|FE|00|00|0C
1771340169.828,solicited,0,,0,
1771340170.161,unsolicited,0,0,0,C0|00|0F|FF|00|00|0D
1771340171.266,unsolicited,0,0,0,C0|00|0F|FF|00|00|0D
1771340172.138,unsolicited,1472,23,0,C8|17|0C|13|00|00|3D
1771340172.171,solicited,975,,1472,
1771340176.741,solicited,2078,,1472,
1771340176.742,unsolicited,4608,72,2078,C0|48|0C|25|00|00|78
1771340176.743,unsolicited,4608,72,2078,C0|48|0C|25|00|00|78
1771340178.317,solicited,2128,,4608,
1771340178.482,unsolicited,4800,75,2128,C0|4B|0C|22|00|00|78
1771340178.485,unsolicited,4800,75,2128,C0|4B|0C|22|00|00|78
1771340178.518,unsolicited,4800,75,2128,C0|4B|0C|21|00|00|77
1771340178.550,unsolicited,4800,75,2128,C0|4B|0C|21|00|00|77
1771340182.243,solicited,114,,4800,
1771340182.243,unsolicited,0,0,114,C0|00|0F|FB|00|00|09
1771340182.276,unsolicited,0,0,114,C0|00|0F|FB|00|00|09
1771340182.578,unsolicited,0,0,114,C0|00|0F|FB|00|00|09
1771340182.778,unsolicited,0,0,114,C0|00|0F|FC|00|00|0A
1771340182.812,solicited,0,,0,
1771340182.983,unsolicited,0,0,0,C0|00|0F|FC|00|00|0A
1771340186.884,unsolicited,0,0,0,C0|00|0E|00|00|00|0D
1771340187.119,unsolicited,0,0,0,C0|00|0E|00|00|00|0D
1771340187.154,solicited,0,,0,
1771340188.803,unsolicited,0,0,0,C0|00|0E|02|00|00|0F
1771340188.834,unsolicited,0,0,0,C0|00|0E|02|00|00|0F
1771340189.437,solicited,0,,0,
1771340189.539,unsolicited,0,0,0,C0|00|0E|04|00|00|11
1771340193.404,unsolicited,0,0,0,C0|00|0E|04|00|00|11
1771340193.438,solicited,1485,,0,
1771340193.441,unsolicited,3008,47,1485,C8|2F|0C|20|00|00|62
1771340193.471,unsolicited,2944,46,1485,C8|2E|0C|20|00|00|61
1771340193.945,unsolicited,1856,29,1485,C0|1D|0C|0F|00|00|37
1771340194.247,unsolicited,1408,22,1485,C0|16|0C|09|00|00|2A
1771340194.280,unsolicited,1344,21,1485,C0|15|0C|08|00|00|28
1771340198.117,solicited,0,,1344,
1771340198.183,unsolicited,0,0,0,C0|00|0E|01|00|00|0E
1771340198.486,unsolicited,0,0,0,C0|00|0E|02|00|00|0F
1771340198.487,unsolicited,0,0,0,C0|00|0E|02|00|00|0F
1771340199.127,solicited,0,,0,
1771340201.481,unsolicited,0,0,0,C0|00|0E|07|00|00|14
1771340201.516,solicited,0,,0,
1771340201.886,unsolicited,0,0,0,C0|00|08|2C|00|00|33
1771340201.917,unsolicited,0,0,0,C0|00|08|2C|00|00|33
1771340204.411,unsolicited,2752,43,0,C8|2B|0C|27|00|00|65
1771340204.444,solicited,1357,,2752,
1771340204.444,unsolicited,2752,43,1357,C8|2B|0C|27|00|00|65
1771340205.686,solicited,2015,,2752,
1771340206.363,unsolicited,5056,79,2015,C0|4F|0C|30|00|00|8A
1771340206.394,unsolicited,4992,78,2015,C0|4E|0C|30|00|00|89
1771340206.395,unsolicited,5056,79,2015,C0|4F|0C|30|00|00|8A
1771340206.702,unsolicited,5120,80,2015,C0|50|0C|2F|00|00|8A
1771340207.003,unsolicited,5184,81,2015,C0|51|0C|2D|00|00|89
1771340207.004,solicited,2289,,5184,
1771340210.834,unsolicited,5248,82,2289,C0|52|0C|2C|00|00|89
1771340210.836,unsolicited,5632,88,2289,C0|58|0C|20|00|00|83
1771340211.072,unsolicited,5760,90,2289,C0|5A|0C|20|00|00|85
1771340211.073,unsolicited,5760,90,2289,C0|5A|0C|20|00|00|85
1771340211.307,unsolicited,5760,90,2289,C0|5A|0C|20|00|00|85
1771340211.308,unsolicited,5760,90,2289,C0|5A|0C|20|00|00|85
1771340214.270,solicited,2509,,5760,
1771340218.276,unsolicited,4224,66,2509,C0|42|0C|10|00|00|5D
1771340218.277,solicited,1837,,4224,
1771340218.748,unsolicited,4288,67,1837,C0|43|0C|10|00|00|5E
1771340218.749,unsolicited,4288,67,1837,C0|43|0C|10|00|00|5E
1771340218.847,solicited,1934,,4288,
1771340221.432,unsolicited,4544,71,1934,C0|47|0C|11|00|00|63
1771340221.433,solicited,2057,,4544,
1771340221.433,unsolicited,4544,71,2057,C0|47|0C|11|00|00|63
1771340221.768,unsolicited,4480,70,2057,C0|46|0C|11|00|00|62
1771340223.415,unsolicited,4480,70,2057,C0|46|0C|10|00|00|61
1771340223.448,solicited,2018,,4480,
1771340223.752,unsolicited,4480,70,2018,C0|46|0C|10|00|00|61
1771340223.753,unsolicited,4480,70,2018,C0|46|0C|10|00|00|61
1771340225.534,unsolicited,4416,69,2018,C0|45|0C|10|00|00|60
1771340225.535,solicited,2000,,4416,
1771340225.839,unsolicited,4416,69,2000,C0|45|0C|10|00|00|60
1771340225.870,unsolicited,4416,69,2000,C0|45|0C|10|00|00|60
1771340226.070,solicited,2003,,4416,
1771340226.137,unsolicited,4416,69,2003,C0|45|0C|10|00|00|60
1771340226.171,unsolicited,4416,69,2003,C0|45|0C|10|00|00|60
1771340226.172,unsolicited,4416,69,2003,C0|45|0C|10|00|00|60
1771340227.248,solicited,2004,,4416,
1771340227.315,unsolicited,4416,69,2004,C0|45|0C|10|00|00|60
1771340229.195,unsolicited,4736,74,2004,C0|4A|0C|11|00|00|66
1771340230.506,unsolicited,4736,74,2004,C0|4A|0C|11|00|00|66
1771340230.507,unsolicited,4800,75,2004,C0|4B|0C|11|00|00|67
1771340230.508,solicited,2135,,4800,
1771340231.150,unsolicited,4672,73,2135,C0|49|0C|11|00|00|65
1771340231.151,unsolicited,4672,73,2135,C0|49|0C|11|00|00|65
1771340231.180,unsolicited,4672,73,2135,C0|49|0C|11|00|00|65
1771340231.721,solicited,2053,,4672,
1771340239.151,unsolicited,4608,72,2053,C0|48|0C|10|00|00|63
1771340239.219,solicited,0,,4608,
1771340239.355,unsolicited,0,0,0,C0|00|0F|F9|00|00|07
1771340243.361,unsolicited,0,0,0,C0|00|1F|D7|00|00|F5
1771340243.361,unsolicited,0,0,0,C0|00|1F|D7|00|00|F5
1771340243.799,unsolicited,0,0,0,C0|00|1F|E0|00|00|FE
1771340243.802,unsolicited,0,0,0,C0|00|1F|E1|00|00|FF
1771340245.649,unsolicited,0,0,0,C0|00|1F|E3|00|00|01
1771340245.685,unsolicited,0,0,0,C0|00|0E|05|00|00|12
1771340245.716,solicited,0,,0,
1771340246.087,unsolicited,0,0,0,C0|00|0E|06|00|00|13
1771340248.335,solicited,0,,0,
1771340252.610,unsolicited,0,0,0,C0|00|0E|08|00|00|15
1771340252.611,unsolicited,0,0,0,C0|00|0E|08|00|00|15
1771340252.643,solicited,0,,0,
1771340255.034,unsolicited,0,0,0,C0|00|08|09|00|00|10
1771340255.572,unsolicited,0,0,0,C0|00|08|0E|00|00|15
1771340255.605,unsolicited,0,0,0,C0|00|08|0E|00|00|15
1771340257.791,unsolicited,0,0,0,C0|00|08|0E|00|00|15
1771340257.824,solicited,0,,0,
1771340260.156,solicited,0,,0,
1771340260.455,unsolicited,0,0,0,C0|00|08|0E|00|00|15
1771340260.488,unsolicited,0,0,0,C0|00|08|0E|00|00|15
1771340260.656,unsolicited,0,0,0,C0|00|08|0E|00|00|15
1771340262.407,solicited,0,,0,
1771340264.831,solicited,0,,0,
1771340264.930,unsolicited,0,0,0,C0|00|08|0E|00|00|15
1771340265.135,unsolicited,0,0,0,C0|00|08|0E|00|00|15
1771340265.168,unsolicited,0,0,0,C0|00|08|0E|00|00|15
1771340267.145,solicited,0,,0,
1771340267.145,unsolicited,0,0,0,C0|00|08|0E|00|00|15
1771340267.381,unsolicited,0,0,0,C0|00|08|0E|00|00|15
1771340268.555,unsolicited,0,0,0,C0|00|08|0E|00|00|15
1771340268.556,unsolicited,0,0,0,C0|00|08|0E|00|00|15
1771340268.588,solicited,0,,0,
1771340268.589,unsolicited,0,0,0,C0|00|08|0E|00|00|15
1771340269.360,solicited,0,,0,
1771340270.943,solicited,0,,0,
1771340271.077,unsolicited,0,0,0,C0|00|08|0E|00|00|15
1771340275.659,solicited,0,,0,
1771340277.539,solicited,0,,0,
1771340277.606,unsolicited,0,0,0,C0|00|0E|07|00|00|14
1771340278.006,unsolicited,0,0,0,C0|00|0E|07|00|00|14
1771340278.007,unsolicited,0,0,0,C0|00|0E|07|00|00|14
1771340278.107,solicited,0,,0,
1771340279.417,solicited,0,,0,
1771340279.418,unsolicited,0,0,0,C0|00|0C|0C|00|00|17
1771340279.449,unsolicited,0,0,0,C0|00|0C|0C|00|00|17
1771340280.057,solicited,0,,0,
1771340281.068,solicited,0,,0,
1771340281.938,solicited,0,,0,
1771340284.154,solicited,0,,0,
1771340293.705,unsolicited,0,0,0,C0|00|08|0C|00|00|13
1771340293.706,unsolicited,0,0,0,C0|00|08|0C|00|00|13
1771340294.177,unsolicited,0,0,0,C0|00|08|0C|00|00|13
1771340295.388,solicited,0,,0,
1771340298.416,solicited,0,,0,
1771340298.653,unsolicited,0,0,0,C0|00|08|00|00|00|07
1771340300.033,unsolicited,0,0,0,C0|00|08|00|00|00|07
1771340300.065,solicited,0,,0,
1771340300.363,unsolicited,0,0,0,C0|00|08|00|00|00|07
1771340300.397,unsolicited,0,0,0,C0|00|08|00|00|00|07
1771340300.431,unsolicited,0,0,0,C0|00|08|00|00|00|07
1771340300.431,unsolicited,0,0,0,C0|00|08|00|00|00|07
1771340300.464,unsolicited,0,0,0,C0|00|08|00|00|00|07
1771340300.665,unsolicited,0,0,0,C0|00|08|00|00|00|07
1771340300.698,solicited,0,,0,
1771340302.352,solicited,0,,0,
1771340302.955,solicited,0,,0,
1771340303.225,unsolicited,0,0,0,C0|00|08|10|00|00|17
1771340303.262,unsolicited,0,0,0,C0|00|08|12|00|00|19
1771340305.241,unsolicited,0,0,0,C0|00|0E|06|00|00|13
1771340305.276,solicited,0,,0,
1771340306.623,solicited,0,,0,
1771340307.296,solicited,0,,0,
1771340311.533,solicited,0,,0,
1771340313.130,unsolicited,0,0,0,C0|00|0E|05|00|00|12
1771340313.162,solicited,0,,0,
1771340313.262,unsolicited,0,0,0,C0|00|0E|05|00|00|12
1771340313.732,unsolicited,0,0,0,C0|00|0E|05|00|00|12
1771340313.766,unsolicited,0,0,0,C0|00|0E|05|00|00|12
1771340314.000,unsolicited,0,0,0,C0|00|0E|05|00|00|12
1771340314.303,solicited,0,,0,
1771340316.648,unsolicited,0,0,0,C0|00|0E|06|00|00|13
1771340316.649,solicited,0,,0,
1771340316.682,unsolicited,0,0,0,C0|00|0E|06|00|00|13
1771340316.683,unsolicited,0,0,0,C0|00|0E|06|00|00|13
1771340318.188,solicited,0,,0,
1771340320.307,unsolicited,0,0,0,C0|00|08|00|00|00|07
1771340320.541,unsolicited,0,0,0,C0|00|08|00|00|00|07
1771340330.020,unsolicited,0,0,0,C0|00|08|09|00|00|10
1771340330.354,solicited,0,,0,
1771340330.422,unsolicited,0,0,0,C0|00|08|09|00|00|10
1771340332.706,unsolicited,0,0,0,C0|00|0C|15|00|00|20
1771340332.739,solicited,0,,0,
1771340339.740,solicited,0,,0,
1771340340.074,unsolicited,0,0,0,C0|00|08|00|00|00|07
1771340342.319,unsolicited,0,0,0,C0|00|08|00|00|00|07
1771340342.320,unsolicited,0,0,0,C0|00|08|00|00|00|07
1771340342.883,solicited,0,,0,
1771340344.264,unsolicited,0,0,0,C0|00|08|00|00|00|07
1771340344.297,solicited,0,,0,
1771340344.297,unsolicited,0,0,0,C0|00|08|00|00|00|07
1771340344.332,unsolicited,0,0,0,C0|00|08|00|00|00|07
1771340344.801,unsolicited,0,0,0,C0|00|08|00|00|00|07
1771340344.834,solicited,0,,0,
1771340344.835,unsolicited,0,0,0,C0|00|08|00|00|00|07
1771340344.835,unsolicited,0,0,0,C0|00|08|00|00|00|07
1771340350.981,unsolicited,0,0,0,C0|00|08|00|00|00|07
1771340351.049,solicited,0,,0,
1771340351.287,unsolicited,0,0,0,C0|00|0E|02|00|00|0F
1771340351.925,unsolicited,0,0,0,C0|00|0E|02|00|00|0F
1771340351.958,solicited,0,,0,
1771340352.026,unsolicited,0,0,0,C0|00|0E|02|00|00|0F
1771340355.518,unsolicited,0,0,0,C0|00|08|00|00|00|07
1771340357.028,unsolicited,0,0,0,C0|00|08|00|00|00|07
1771340357.666,solicited,0,,0,
1771340357.666,unsolicited,0,0,0,C0|00|08|00|00|00|07
1771340357.666,unsolicited,0,0,0,C0|00|08|00|00|00|07
1771340361.896,unsolicited,0,0,0,C0|00|08|00|00|00|07
1771340361.932,solicited,0,,0,
1771340361.963,unsolicited,0,0,0,C0|00|08|00|00|00|07
1771340361.964,unsolicited,0,0,0,C0|00|08|00|00|00|07
1771340361.965,unsolicited,0,0,0,C0|00|08|00|00|00|07
1771340364.120,unsolicited,0,0,0,C0|00|08|0C|00|00|13
1771340364.153,solicited,0,,0,
1771340364.458,unsolicited,0,0,0,C0|00|08|0C|00|00|13
1771340365.361,unsolicited,0,0,0,C0|00|08|0B|00|00|12
1771340365.396,unsolicited,0,0,0,C0|00|08|0B|00|00|12
1771340369.261,solicited,0,,0,
1771340369.561,unsolicited,0,0,0,C0|00|08|00|00|00|07
1771340369.562,unsolicited,0,0,0,C0|00|08|00|00|00|07
1771340369.594,unsolicited,0,0,0,C0|00|08|00|00|00|07
1771340370.766,solicited,0,,0,
1771340370.833,unsolicited,0,0,0,C0|00|08|00|00|00|07
1771340372.043,solicited,0,,0,
1771340372.444,unsolicited,0,0,0,C0|00|08|00|00|00|07
1771340372.445,unsolicited,0,0,0,C0|00|08|00|00|00|07
1771340373.052,unsolicited,0,0,0,C0|00|08|00|00|00|07
1771340373.352,unsolicited,0,0,0,C0|00|08|00|00|00|07
1771340374.121,solicited,0,,0,
1771340384.259,solicited,0,,0,
1771340386.607,solicited,0,,0,
1771340386.708,unsolicited,0,0,0,C0|00|08|00|00|00|07
1771340386.908,unsolicited,0,0,0,C0|00|08|00|00|00|07
1771340386.909,unsolicited,0,0,0,C0|00|08|00|00|00|07
1771340386.942,unsolicited,0,0,0,C0|00|08|00|00|00|07
1771340388.658,solicited,0,,0,
1771340390.235,unsolicited,0,0,0,C0|00|08|00|00|00|07
1771340390.268,solicited,0,,0,
1771340391.479,solicited,0,,0,
1771340402.586,unsolicited,0,0,0,C0|00|0E|03|00|00|10
1771340402.587,unsolicited,0,0,0,C0|00|0E|03|00|00|10
1771340402.617,solicited,0,,0,
1771340402.720,unsolicited,0,0,0,C0|00|0E|04|00|00|11
1771340402.988,unsolicited,0,0,0,C0|00|0E|04|00|00|11
1771340402.989,unsolicited,0,0,0,C0|00|0E|04|00|00|11
1771340405.448,unsolicited,0,0,0,C0|00|0E|05|00|00|12
1771340405.449,unsolicited,0,0,0,C0|00|0E|05|00|00|12
1771340405.686,unsolicited,0,0,0,C0|00|0E|05|00|00|12
1771340413.616,unsolicited,0,0,0,C0|00|08|02|00|00|09
1771340413.619,unsolicited,0,0,0,C0|00|08|02|00|00|09
1771340413.650,solicited,0,,0,
1771340413.954,unsolicited,0,0,0,C0|00|08|02|00|00|09
1771340413.954,unsolicited,0,0,0,C0|00|08|02|00|00|09
1771340415.097,solicited,0,,0,
1771340415.097,unsolicited,0,0,0,C0|00|08|01|00|00|08
1771340415.602,unsolicited,0,0,0,C0|00|08|01|00|00|08
1771340415.604,solicited,0,,0,
1771340416.041,unsolicited,0,0,0,C0|00|08|01|00|00|08
1771340416.374,solicited,0,,0,
1771340416.510,unsolicited,0,0,0,C0|00|08|02|00|00|09
1771340418.831,unsolicited,0,0,0,C0|00|08|02|00|00|09
1771340418.866,solicited,0,,0,
1771340421.042,unsolicited,0,0,0,C0|00|08|02|00|00|09
1771340421.076,unsolicited,0,0,0,C0|00|08|02|00|00|09
1771340421.076,unsolicited,0,0,0,C0|00|08|02|00|00|09
1771340421.077,solicited,0,,0,
1771340421.109,unsolicited,0,0,0,C0|00|08|02|00|00|09
1771340421.447,unsolicited,0,0,0,C0|00|08|01|00|00|08
1771340421.682,solicited,0,,0,
1771340427.367,solicited,0,,0,
1771340427.400,unsolicited,0,0,0,C0|00|08|01|00|00|08
1771340427.634,unsolicited,0,0,0,C0|00|08|01|00|00|08
1771340427.635,unsolicited,0,0,0,C0|00|08|01|00|00|08
1771340430.056,unsolicited,0,0,0,C0|00|08|11|00|00|18
1771340430.057,unsolicited,0,0,0,C0|00|08|11|00|00|18
1771340430.090,unsolicited,0,0,0,C0|00|08|11|00|00|18
1771340430.091,solicited,0,,0,
1771340430.124,unsolicited,0,0,0,C0|00|08|11|00|00|18
1771340430.997,solicited,0,,0,
1771340433.545,solicited,0,,0,
1771340433.546,unsolicited,0,0,0,C0|00|0C|10|00|00|1B
1771340435.970,solicited,0,,0,
1771340436.239,unsolicited,0,0,0,C0|00|0E|02|00|00|0F
1771340436.242,unsolicited,0,0,0,C0|00|0E|02|00|00|0F
1771340436.977,unsolicited,0,0,0,C0|00|0E|02|00|00|0F
1771340436.978,unsolicited,0,0,0,C0|00|0E|02|00|00|0F
1771340437.011,solicited,0,,0,
1771340437.012,unsolicited,0,0,0,C0|00|0E|02|00|00|0F
1771340440.743,unsolicited,0,0,0,C0|00|0E|03|00|00|10
1771340440.776,solicited,0,,0,
1771340444.735,solicited,0,,0,
1771340445.074,unsolicited,0,0,0,C0|00|0E|05|00|00|12
1771340445.709,unsolicited,0,0,0,C0|00|0E|05|00|00|12
1771340445.709,solicited,0,,0,
1771340445.809,unsolicited,0,0,0,C0|00|0E|05|00|00|12
1771340448.028,solicited,0,,0,
1771340448.059,unsolicited,0,0,0,C0|00|0E|07|00|00|14
1771340448.092,unsolicited,0,0,0,C0|00|0E|07|00|00|14
1771340448.931,solicited,0,,0,
1771340449.302,unsolicited,0,0,0,C0|00|08|06|00|00|0D
1771340450.342,unsolicited,0,0,0,C0|00|08|05|00|00|0C
1771340450.374,solicited,0,,0,
1771340451.415,solicited,0,,0,
1771340455.150,unsolicited,0,0,0,C0|00|08|04|00|00|0B
1771340455.151,solicited,0,,0,
1771340455.488,unsolicited,0,0,0,C0|00|08|04|00|00|0B
1771340455.489,unsolicited,0,0,0,C0|00|08|04|00|00|0B
1771340455.523,unsolicited,0,0,0,C0|00|08|04|00|00|0B
1771340455.557,unsolicited,0,0,0,C0|00|08|04|00|00|0B
1771340457.743,unsolicited,0,0,0,C0|00|08|04|00|00|0B
1771340457.776,solicited,0,,0,
1771340458.145,unsolicited,0,0,0,C0|00|08|04|00|00|0B
1771340459.898,solicited,0,,0,
1771340460.167,unsolicited,0,0,0,C0|00|08|04|00|00|0B
1771340460.806,unsolicited,0,0,0,C0|00|08|04|00|00|0B
1771340460.808,solicited,0,,0,
1771340463.866,unsolicited,0,0,0,C0|00|08|04|00|00|0B
1771340463.898,unsolicited,0,0,0,C0|00|08|04|00|00|0B
1771340463.899,solicited,0,,0,
1771340464.135,unsolicited,0,0,0,C0|00|08|04|00|00|0B
1771340465.714,unsolicited,0,0,0,C0|00|08|04|00|00|0B
1771340465.747,unsolicited,0,0,0,C0|00|08|04|00|00|0B
1771340465.747,solicited,0,,0,
1771340466.421,solicited,0,,0,
1771340466.521,unsolicited,0,0,0,C0|00|08|03|00|00|0A
1771340466.588,unsolicited,0,0,0,C0|00|08|03|00|00|0A
1771340466.589,unsolicited,0,0,0,C0|00|08|03|00|00|0A
1771340468.780,unsolicited,0,0,0,C0|00|08|03|00|00|0A
1771340468.814,solicited,0,,0,
1771340468.913,unsolicited,0,0,0,C0|00|08|02|00|00|09
1771340469.150,unsolicited,0,0,0,C0|00|08|02|00|00|09
1771340469.151,unsolicited,0,0,0,C0|00|08|02|00|00|09
1771340469.151,unsolicited,0,0,0,C0|00|08|02|00|00|09
1771340471.210,solicited,0,,0,
1771340471.240,unsolicited,0,0,0,C0|00|08|02|00|00|09
1771340471.241,unsolicited,0,0,0,C0|00|08|02|00|00|09
1771340471.512,unsolicited,0,0,0,C0|00|08|02|00|00|09
1771340471.714,solicited,0,,0,
1771340471.783,unsolicited,0,0,0,C0|00|08|02|00|00|09
1771340473.992,solicited,0,,0,
1771340473.993,unsolicited,0,0,0,C0|00|08|02|00|00|09
1771340476.216,unsolicited,0,0,0,C0|00|08|01|00|00|08
1771340476.247,unsolicited,0,0,0,C0|00|08|01|00|00|08
1771340476.248,solicited,0,,0,
1771340476.316,unsolicited,0,0,0,C0|00|08|01|00|00|08
1771340477.293,solicited,0,,0,
1771340479.173,unsolicited,0,0,0,C0|00|08|00|00|00|07
1771340479.205,solicited,0,,0,
1771340479.578,unsolicited,0,0,0,C0|00|08|00|00|00|07
1771340479.578,unsolicited,0,0,0,C0|00|08|00|00|00|07
1771340480.788,solicited,0,,0,
1771340484.226,unsolicited,0,0,0,C0|00|08|09|00|00|10
1771340484.257,solicited,0,,0,
1771340484.324,unsolicited,0,0,0,C0|00|08|09|00|00|10
1771340484.627,unsolicited,0,0,0,C0|00|08|08|00|00|0F
1771340485.306,unsolicited,0,0,0,C0|00|0E|08|00|00|15
1771340485.606,unsolicited,0,0,0,C0|00|0E|08|00|00|15
1771340485.608,unsolicited,0,0,0,C0|00|0E|07|00|00|14
1771340485.608,unsolicited,0,0,0,C0|00|0E|07|00|00|14
1771340487.419,solicited,0,,0,
1771340487.420,unsolicited,0,0,0,C0|00|0E|07|00|00|14
1771340487.421,unsolicited,0,0,0,C0|00|0E|07|00|00|14
1771340487.655,unsolicited,0,0,0,C0|00|0E|07|00|00|14
1771340487.689,unsolicited,0,0,0,C0|00|0E|07|00|00|14
1771340493.539,unsolicited,0,0,0,C0|00|08|00|00|00|07
1771340493.539,solicited,0,,0,
1771340493.539,unsolicited,0,0,0,C0|00|08|00|00|00|07
1771340493.573,unsolicited,0,0,0,C0|00|08|00|00|00|07
1771340493.809,unsolicited,0,0,0,C0|00|08|00|00|00|07
1771340493.810,unsolicited,0,0,0,C0|00|08|00|00|00|07
1771340495.123,unsolicited,0,0,0,C0|00|08|00|00|00|07
1771340495.123,solicited,0,,0,
1771340495.125,unsolicited,0,0,0,C0|00|08|00|00|00|07
1771340498.827,solicited,0,,0,
1771340499.129,unsolicited,0,0,0,C0|00|08|00|00|00|07
1771340500.877,unsolicited,0,0,0,C0|00|08|0F|00|00|16
1771340500.908,unsolicited,0,0,0,C0|00|08|0F|00|00|16
1771340500.909,solicited,0,,0,
1771340506.025,unsolicited,0,0,0,C0|00|0E|03|00|00|10
1771340506.026,unsolicited,0,0,0,C0|00|0E|03|00|00|10
1771340506.058,solicited,0,,0,
1771340506.059,unsolicited,0,0,0,C0|00|0E|03|00|00|10
1771340506.092,unsolicited,0,0,0,C0|00|0E|03|00|00|10
1771340506.093,unsolicited,0,0,0,C0|00|0E|03|00|00|10
1771340506.327,unsolicited,0,0,0,C0|00|0E|03|00|00|10
1771340507.509,unsolicited,0,0,0,C0|00|0E|03|00|00|10
1771340507.510,solicited,0,,0,
1771340507.744,unsolicited,0,0,0,C0|00|0E|04|00|00|11
1771340507.810,unsolicited,0,0,0,C0|00|0E|04|00|00|11
1771340512.413,solicited,0,,0,
1771340512.480,unsolicited,0,0,0,C0|00|08|0D|00|00|14
1771340512.513,unsolicited,0,0,0,C0|00|08|0B|00|00|12
1771340512.815,unsolicited,0,0,0,C0|00|08|08|00|00|0F
1771340512.816,unsolicited,0,0,0,C0|00|08|08|00|00|0F
1771340512.816,unsolicited,0,0,0,C0|00|08|08|00|00|0F
1771340513.155,unsolicited,0,0,0,C0|00|08|05|00|00|0C
1771340515.913,unsolicited,0,0,0,C0|00|08|00|00|00|07
1771340515.914,unsolicited,0,0,0,C0|00|08|00|00|00|07
1771340515.914,unsolicited,0,0,0,C0|00|08|00|00|00|07
1771340515.948,solicited,0,,0,
1771340515.949,unsolicited,0,0,0,C0|00|08|00|00|00|07
1771340516.182,unsolicited,0,0,0,C0|00|08|00|00|00|07
1771340518.091,solicited,0,,0,
1771340518.157,unsolicited,0,0,0,C0|00|08|00|00|00|07
1771340518.158,unsolicited,0,0,0,C0|00|08|00|00|00|07
1771340518.192,unsolicited,0,0,0,C0|00|08|00|00|00|07
1771340518.394,unsolicited,0,0,0,C0|00|08|00|00|00|07
1771340518.427,unsolicited,0,0,0,C0|00|08|00|00|00|07
1771340518.428,unsolicited,0,0,0,C0|00|08|00|00|00|07
1771340520.142,unsolicited,0,0,0,C0|00|08|0C|00|00|13
1771340520.143,unsolicited,0,0,0,C0|00|08|0C|00|00|13
1771340520.173,solicited,0,,0,
1771340520.241,unsolicited,0,0,0,C0|00|08|0C|00|00|13
1771340520.544,unsolicited,0,0,0,C0|00|08|0B|00|00|12
1771340520.749,unsolicited,0,0,0,C0|00|08|0B|00|00|12
1771340520.750,unsolicited,0,0,0,C0|00|08|0B|00|00|12
1771340520.782,solicited,0,,0,
1771340520.783,unsolicited,0,0,0,C0|00|08|0B|00|00|12
1771340520.816,unsolicited,0,0,0,C0|00|08|0B|00|00|12
1771340520.817,unsolicited,0,0,0,C0|00|08|0B|00|00|12
1771340529.744,unsolicited,0,0,0,C0|00|0E|06|00|00|13
1771340529.777,unsolicited,0,0,0,C0|00|0E|06|00|00|13
1771340530.049,unsolicited,0,0,0,C0|00|0E|06|00|00|13
1771340530.080,unsolicited,0,0,0,C0|00|0E|06|00|00|13
1771340530.382,solicited,0,,0,
1771340533.376,unsolicited,0,0,0,C0|00|0E|07|00|00|14
1771340533.377,unsolicited,0,0,0,C0|00|0E|07|00|00|14
1771340533.408,solicited,0,,0,
1771340533.475,unsolicited,0,0,0,C0|00|0E|07|00|00|14
1771340536.338,unsolicited,0,0,0,C0|00|08|09|00|00|10
1771340537.277,unsolicited,0,0,0,C0|00|08|09|00|00|10
1771340537.615,unsolicited,0,0,0,C0|00|08|09|00|00|10
1771340537.714,unsolicited,0,0,0,C0|00|08|09|00|00|10
1771340538.451,unsolicited,0,0,0,C0|00|08|0C|00|00|13
1771340538.484,solicited,0,,0,
1771340539.357,unsolicited,0,0,0,C0|00|08|0C|00|00|13
1771340539.358,unsolicited,0,0,0,C0|00|08|0C|00|00|13
1771340539.391,unsolicited,0,0,0,C0|00|08|0C|00|00|13
1771340539.392,unsolicited,0,0,0,C0|00|08|0C|00|00|13
1771340539.424,unsolicited,0,0,0,C0|00|08|0C|00|00|13
1771340539.424,unsolicited,0,0,0,C0|00|08|0C|00|00|13
1771340539.425,unsolicited,0,0,0,C0|00|08|0C|00|00|13
1771340550.281,solicited,1197,,0,
1771340550.380,unsolicited,1536,24,1197,C0|18|08|00|00|00|1F
1771340550.413,unsolicited,1536,24,1197,C0|18|08|00|00|00|1F
1771340552.605,unsolicited,1536,24,1197,C0|18|08|00|00|00|1F
1771340552.606,solicited,1200,,1536,
1771340552.977,unsolicited,1536,24,1200,C0|18|08|00|00|00|1F
1771340553.011,unsolicited,1536,24,1200,C0|18|08|00|00|00|1F
1771340558.361,solicited,1185,,1536,
1771340558.730,unsolicited,1472,23,1185,C0|17|08|00|00|00|1E
1771340558.897,solicited,1200,,1472,
1771340558.898,unsolicited,1472,23,1200,C0|17|08|00|00|00|1E
1771340560.615,solicited,1195,,1472,
1771340560.652,unsolicited,1472,23,1195,C0|17|08|00|00|00|1E
1771340562.774,unsolicited,1408,22,1195,C0|16|08|00|00|00|1D
1771340562.775,unsolicited,1408,22,1195,C0|16|08|00|00|00|1D
1771340565.901,unsolicited,1408,22,1195,C0|16|08|00|00|00|1D
1771340566.204,solicited,1198,,1408,
1771340567.173,unsolicited,1408,22,1198,C0|16|08|00|00|00|1D
1771340567.173,unsolicited,1472,23,1198,C0|17|08|00|00|00|1E
1771340567.206,solicited,1198,,1472,
1771340567.876,solicited,1197,,1472,
1771340567.912,unsolicited,1472,23,1197,C0|17|08|00|00|00|1E
1771340568.010,unsolicited,1472,23,1197,C0|17|08|00|00|00|1E
1771340568.011,unsolicited,1472,23,1197,C0|17|08|00|00|00|1E
1771340568.044,unsolicited,1472,23,1197,C0|17|08|00|00|00|1E
1771340568.345,unsolicited,1472,23,1197,C0|17|08|00|00|00|1E
1771340570.030,solicited,1201,,1472,
1771340570.265,unsolicited,1408,22,1201,C0|16|08|00|00|00|1D
1771340570.534,solicited,1196,,1408,
1771340570.566,unsolicited,1408,22,1196,C0|16|08|00|00|00|1D
1771340576.277,unsolicited,1408,22,1196,C0|16|08|00|00|00|1D
1771340576.310,solicited,1196,,1408,
1771340577.386,unsolicited,1472,23,1196,C0|17|08|00|00|00|1E
1771340577.388,unsolicited,1472,23,1196,C0|17|08|00|00|00|1E
1771340577.420,solicited,1192,,1472,
1771340580.511,unsolicited,1408,22,1192,C0|16|08|00|00|00|1D
1771340580.512,unsolicited,1408,22,1192,C0|16|08|00|00|00|1D
1771340580.543,solicited,1200,,1408,
1771340580.643,unsolicited,1408,22,1200,C0|16|08|00|00|00|1D
1771340580.843,unsolicited,1408,22,1200,C0|16|08|00|00|00|1D
1771340583.130,solicited,1196,,1408,
1771340584.170,unsolicited,1600,25,1196,C0|19|08|0D|00|00|2D
1771340584.170,solicited,1163,,1600,
1771340584.269,unsolicited,1600,25,1163,C0|19|08|0D|00|00|2D
1771340584.337,unsolicited,1600,25,1163,C0|19|08|0D|00|00|2D
1771340584.338,unsolicited,1600,25,1163,C0|19|08|0D|00|00|2D
1771340584.372,unsolicited,1600,25,1163,C0|19|08|0D|00|00|2D
1771340590.823,solicited,1200,,1600,
1771340591.124,unsolicited,1664,26,1200,C0|1A|0E|06|00|00|2D
1771340591.761,solicited,1204,,1664,
1771340591.795,unsolicited,1664,26,1204,C0|1A|0E|06|00|00|2D
1771340592.604,solicited,1199,,1664,
1771340592.606,unsolicited,1600,25,1199,C0|19|0E|05|00|00|2B
1771340593.716,solicited,1207,,1600,
1771340593.747,unsolicited,1408,22,1207,C0|16|0E|05|00|00|28
1771340593.781,unsolicited,1408,22,1207,C0|16|0E|05|00|00|28
1771340595.028,unsolicited,1408,22,1207,C0|16|0E|05|00|00|28
1771340595.059,solicited,1216,,1408,
1771340596.403,unsolicited,1408,22,1216,C0|16|0E|05|00|00|28
1771340596.470,solicited,1203,,1408,
1771340598.962,solicited,1198,,1408,
1771340599.332,unsolicited,1408,22,1198,C0|16|0E|05|00|00|28
1771340599.468,solicited,1201,,1408,
1771340599.498,unsolicited,1408,22,1201,C0|16|0E|05|00|00|28
1771340599.499,unsolicited,1408,22,1201,C0|16|0E|05|00|00|28
1771340599.532,unsolicited,1408,22,1201,C0|16|0E|05|00|00|28
1771340607.368,unsolicited,2048,32,1201,C0|20|0C|0F|00|00|3A
1771340607.399,solicited,1192,,2048,
1771340608.407,unsolicited,1920,30,1192,C0|1E|0C|0B|00|00|34
1771340608.408,unsolicited,1920,30,1192,C0|1E|0C|0A|00|00|33
1771340608.441,solicited,1196,,1920,
1771340612.920,unsolicited,1344,21,1196,C0|15|0E|01|00|00|23
1771340612.951,solicited,1225,,1344,
1771340613.524,unsolicited,1344,21,1225,C0|15|0E|02|00|00|24
1771340613.557,solicited,1196,,1344,
1771340616.386,unsolicited,1344,21,1196,C0|15|0E|02|00|00|24
1771340616.387,solicited,1196,,1344,
1771340618.397,solicited,1200,,1344,
1771340618.430,unsolicited,1344,21,1200,C0|15|0E|03|00|00|25
1771340618.430,unsolicited,1344,21,1200,C0|15|0E|03|00|00|25
1771340618.864,unsolicited,0,0,1200,C0|00|0E|03|00|00|10
1771340618.897,unsolicited,0,0,1200,C0|00|0E|03|00|00|10
1771340618.930,solicited,1200,,0,
1771340622.087,solicited,0,,0,
1771340624.130,unsolicited,0,0,0,C0|00|08|0A|00|00|11
1771340624.135,unsolicited,0,0,0,C0|00|08|0A|00|00|11
1771340624.771,solicited,0,,0,
1771340625.409,unsolicited,0,0,0,C0|00|08|06|00|00|0D
1771340625.409,solicited,0,,0,
1771340625.511,unsolicited,0,0,0,C0|00|08|04|00|00|0B
1771340630.952,unsolicited,0,0,0,C0|00|08|00|00|00|07
1771340630.985,solicited,0,,0,
1771340631.255,unsolicited,0,0,0,C0|00|08|00|00|00|07
1771340631.289,unsolicited,0,0,0,C0|00|08|00|00|00|07
1771340631.895,solicited,0,,0,
1771340631.964,unsolicited,0,0,0,C0|00|08|00|00|00|07
1771340635.419,unsolicited,0,0,0,C0|00|08|00|00|00|07
1771340635.655,unsolicited,0,0,0,C0|00|08|0C|00|00|13
1771340636.194,unsolicited,0,0,0,C0|00|08|0D|00|00|14
1771340636.194,unsolicited,0,0,0,C0|00|08|0D|00|00|14
1771340639.522,unsolicited,0,0,0,C0|00|08|08|00|00|0F
1771340639.556,unsolicited,0,0,0,C0|00|08|08|00|00|0F
1771340639.758,unsolicited,0,0,0,C0|00|0E|08|00|00|15
1771340639.761,unsolicited,0,0,0,C0|00|0E|08|00|00|15
1771340639.793,unsolicited,0,0,0,C0|00|0E|08|00|00|15
1771340640.097,solicited,0,,0,
1771340642.577,unsolicited,0,0,0,C0|00|0E|07|00|00|14
1771340642.579,unsolicited,0,0,0,C0|00|0E|07|00|00|14
1771340642.611,solicited,0,,0,
1771340646.175,solicited,0,,0,
1771340647.382,unsolicited,0,0,0,C0|00|0E|07|00|00|14
1771340647.383,solicited,0,,0,
1771340647.449,unsolicited,0,0,0,C0|00|0E|08|00|00|15
1771340647.483,unsolicited,0,0,0,C0|00|0E|08|00|00|15
1771340647.716,unsolicited,0,0,0,C0|00|0E|07|00|00|14
1771340648.353,unsolicited,0,0,0,C0|00|0E|07|00|00|14
1771340648.624,unsolicited,0,0,0,C0|00|0E|07|00|00|14
1771340654.433,solicited,0,,0,
1771340654.434,unsolicited,0,0,0,C0|00|0E|08|00|00|15
1771340654.467,unsolicited,0,0,0,C0|00|0E|08|00|00|15
1771340655.509,solicited,0,,0,
1771340655.577,unsolicited,0,0,0,C0|00|08|00|00|00|07
1771340655.675,unsolicited,0,0,0,C0|00|08|00|00|00|07
1771340659.004,solicited,0,,0,
1771340659.037,unsolicited,0,0,0,C0|00|08|00|00|00|07
1771340659.037,unsolicited,0,0,0,C0|00|08|00|00|00|07
1771340660.143,unsolicited,0,0,0,C0|00|08|00|00|00|07
1771340660.144,unsolicited,0,0,0,C0|00|08|00|00|00|07
1771340660.177,solicited,0,,0,
1771340660.280,unsolicited,0,0,0,C0|00|08|00|00|00|07
1771340660.549,unsolicited,0,0,0,C0|00|08|00|00|00|07
1771340660.550,unsolicited,0,0,0,C0|00|08|00|00|00|07
1771340660.584,unsolicited,0,0,0,C0|00|08|00|00|00|07
1771340662.732,unsolicited,0,0,0,C0|00|08|00|00|00|07
1771340662.934,unsolicited,0,0,0,C0|00|08|00|00|00|07
1771340662.935,unsolicited,0,0,0,C0|00|08|00|00|00|07
1771340663.171,unsolicited,0,0,0,C0|00|08|00|00|00|07
1771340663.171,unsolicited,0,0,0,C0|00|08|00|00|00|07
1771340664.347,unsolicited,0,0,0,C0|00|08|00|00|00|07
1771340664.548,unsolicited,0,0,0,C0|00|08|00|00|00|07
1771340666.434,unsolicited,0,0,0,C0|00|08|00|00|00|07
1771340666.467,unsolicited,0,0,0,C0|00|08|00|00|00|07
1771340666.468,unsolicited,0,0,0,C0|00|08|00|00|00|07
1771340666.502,solicited,0,,0,
1771340666.502,unsolicited,0,0,0,C0|00|08|00|00|00|07
1771340666.536,unsolicited,0,0,0,C0|00|08|00|00|00|07
1771340666.536,unsolicited,0,0,0,C0|00|08|00|00|00|07
1771340666.736,unsolicited,0,0,0,C0|00|08|00|00|00|07
1771340666.803,unsolicited,0,0,0,C0|00|08|00|00|00|07
1771340668.441,solicited,0,,0,
1771340668.511,unsolicited,0,0,0,C0|00|08|00|00|00|07
1771340670.153,solicited,0,,0,
1771340671.900,unsolicited,0,0,0,C0|00|08|00|00|00|07
1771340671.932,solicited,0,,0,
1771340671.965,unsolicited,0,0,0,C0|00|08|00|00|00|07
1771340671.965,unsolicited,0,0,0,C0|00|08|00|00|00|07
1771340676.548,solicited,0,,0,
1771340678.392,unsolicited,0,0,0,C0|00|08|0C|00|00|13
1771340678.426,unsolicited,0,0,0,C0|00|08|0C|00|00|13
1771340678.426,unsolicited,0,0,0,C0|00|08|0C|00|00|13
1771340678.459,solicited,0,,0,
1771340679.767,unsolicited,0,0,0,C0|00|08|0C|00|00|13
1771340680.202,unsolicited,0,0,0,C0|00|08|0C|00|00|13
1771340682.854,unsolicited,0,0,0,C0|00|08|0C|00|00|13
1771340682.855,solicited,0,,0,
1771340682.886,unsolicited,0,0,0,C0|00|08|0C|00|00|13
1771340683.390,solicited,0,,0,
1771340685.345,solicited,0,,0,
1771340687.389,solicited,0,,0,
1771340687.624,unsolicited,0,0,0,C0|00|08|0E|00|00|15
1771340689.734,solicited,0,,0,
1771340689.967,unsolicited,0,0,0,C0|00|08|0E|00|00|15
1771340690.642,solicited,0,,0,
1771340694.939,unsolicited,0,0,0,C0|00|08|0E|00|00|15
1771340694.940,unsolicited,0,0,0,C0|00|08|0E|00|00|15
1771340694.973,solicited,0,,0,
1771340697.993,solicited,0,,0,
1771340699.877,solicited,0,,0,
1771340700.553,solicited,0,,0,
1771340700.587,unsolicited,0,0,0,C0|00|08|0E|00|00|15
1771340700.820,unsolicited,0,0,0,C0|00|08|0E|00|00|15
1771340702.468,solicited,0,,0,
1771340702.911,unsolicited,0,0,0,C0|00|08|0E|00|00|15
1771340705.430,solicited,0,,0,
1771340705.463,unsolicited,0,0,0,C0|00|08|0E|00|00|15
1771340705.700,unsolicited,0,0,0,C0|00|08|0E|00|00|15
1771340707.585,solicited,0,,0,
1771340707.651,unsolicited,0,0,0,C0|00|08|0D|00|00|14
1771340707.921,unsolicited,0,0,0,C0|00|08|0D|00|00|14
1771340709.763,unsolicited,2688,42,0,C8|2A|0C|25|00|00|62
1771340710.267,unsolicited,2880,45,0,C8|2D|0C|22|00|00|62
1771340710.334,unsolicited,2880,45,0,C8|2D|0C|22|00|00|62
1771340710.335,solicited,1382,,2880,
1771340712.185,unsolicited,1280,20,1382,C0|14|0E|00|00|00|21
1771340712.186,unsolicited,1280,20,1382,C0|14|0E|00|00|00|21
1771340712.218,solicited,1165,,1280,
1771340713.189,solicited,995,,1280,
1771340713.259,unsolicited,0,0,995,C0|00|0E|00|00|00|0D
1771340713.391,unsolicited,0,0,995,C0|00|0E|00|00|00|0D
1771340713.425,unsolicited,0,0,995,C0|00|0E|00|00|00|0D
1771340713.428,unsolicited,0,0,995,C0|00|0E|00|00|00|0D
1771340725.828,solicited,2315,,0,
1771340725.833,unsolicited,4928,77,2315,C0|4D|0C|1D|00|00|75
1771340730.260,solicited,1507,,4928,
1771340730.261,unsolicited,2048,32,1507,C8|20|0C|08|00|00|3B
1771340731.240,unsolicited,0,0,1507,C0|00|0F|FA|00|00|08
1771340731.243,unsolicited,0,0,1507,C0|00|0F|FA|00|00|08
1771340731.573,unsolicited,0,0,1507,C0|00|0F|FA|00|00|08
1771340731.574,unsolicited,0,0,1507,C0|00|0F|FA|00|00|08
1771340732.213,solicited,114,,0,
1771340739.752,solicited,0,,0,
1771340741.261,solicited,0,,0,
1771340744.620,solicited,0,,0,
1771340744.923,unsolicited,0,0,0,C0|00|0E|05|00|00|12
1771340747.206,solicited,0,,0,
1771340748.950,solicited,0,,0,
1771340750.331,solicited,0,,0,
1771340750.602,unsolicited,0,0,0,C0|00|08|00|00|00|07
1771340751.343,unsolicited,0,0,0,C0|00|08|00|00|00|07
1771340751.711,unsolicited,0,0,0,C0|00|08|00|00|00|07
1771340751.711,unsolicited,0,0,0,C0|00|08|00|00|00|07
1771340758.021,solicited,0,,0,
1771340758.022,unsolicited,0,0,0,C0|00|08|00|00|00|07
1771340758.055,unsolicited,0,0,0,C0|00|08|00|00|00|07
1771340758.495,unsolicited,0,0,0,C0|00|08|00|00|00|07
1771340758.528,unsolicited,0,0,0,C0|00|08|00|00|00|07
1771340762.280,unsolicited,0,0,0,C0|00|08|00|00|00|07
1771340762.347,solicited,0,,0,
1771340762.585,unsolicited,0,0,0,C0|00|08|00|00|00|07
1771340762.720,unsolicited,0,0,0,C0|00|08|00|00|00|07
1771340765.544,unsolicited,0,0,0,C0|00|08|00|00|00|07
1771340765.577,solicited,0,,0,
1771340765.884,unsolicited,0,0,0,C0|00|08|00|00|00|07
1771340765.885,unsolicited,0,0,0,C0|00|08|00|00|00|07
1771340767.403,unsolicited,0,0,0,C0|00|08|00|00|00|07
1771340767.437,unsolicited,0,0,0,C0|00|08|00|00|00|07
1771340767.438,unsolicited,0,0,0,C0|00|08|00|00|00|07
1771340767.438,solicited,0,,0,
1771340767.912,unsolicited,0,0,0,C0|00|08|00|00|00|07
1771340767.947,unsolicited,0,0,0,C0|00|08|00|00|00|07
1771340767.947,solicited,0,,0,
1771340767.978,unsolicited,0,0,0,C0|00|08|00|00|00|07
1771340767.979,unsolicited,0,0,0,C0|00|08|00|00|00|07
1771340770.323,solicited,0,,0,
1771340771.775,unsolicited,0,0,0,C0|00|08|00|00|00|07
1771340771.775,unsolicited,0,0,0,C0|00|08|00|00|00|07
1771340771.809,solicited,0,,0,
1771340771.875,unsolicited,0,0,0,C0|00|08|00|00|00|07
1771340771.909,unsolicited,0,0,0,C0|00|08|00|00|00|07
1771340772.647,solicited,0,,0,
1771340776.741,solicited,0,,0,
1771340776.808,unsolicited,0,0,0,C0|00|08|00|00|00|07
1771340776.842,unsolicited,0,0,0,C0|00|08|00|00|00|07
1771340776.842,unsolicited,0,0,0,C0|00|08|00|00|00|07
1771340777.850,solicited,0,,0,
1771340777.850,unsolicited,0,0,0,C0|00|08|00|00|00|07
1771340777.883,unsolicited,0,0,0,C0|00|08|00|00|00|07
1771340779.699,unsolicited,0,0,0,C0|00|08|00|00|00|07
1771340779.700,unsolicited,0,0,0,C0|00|08|00|00|00|07
1771340779.733,solicited,0,,0,
1771340779.969,unsolicited,0,0,0,C0|00|08|00|00|00|07
1771340780.748,solicited,0,,0,
1771340780.781,unsolicited,0,0,0,C0|00|08|00|00|00|07
1771340780.816,unsolicited,0,0,0,C0|00|08|00|00|00|07
1771340785.210,unsolicited,0,0,0,C0|00|08|00|00|00|07
1771340785.241,solicited,0,,0,
1771340785.310,unsolicited,0,0,0,C0|00|08|00|00|00|07
1771340785.549,unsolicited,0,0,0,C0|00|08|00|00|00|07
1771340785.581,unsolicited,0,0,0,C0|00|08|00|00|00|07
1771340785.750,unsolicited,0,0,0,C0|00|08|00|00|00|07
1771340785.751,unsolicited,0,0,0,C0|00|08|00|00|00|07
1771340785.784,solicited,0,,0,
1771340788.006,unsolicited,0,0,0,C0|00|08|0B|00|00|12
1771340788.007,unsolicited,0,0,0,C0|00|08|0B|00|00|12
1771340788.037,solicited,0,,0,
1771340789.311,unsolicited,0,0,0,C0|00|08|09|00|00|10
1771340789.345,solicited,0,,0,
1771340789.379,unsolicited,0,0,0,C0|00|08|00|00|00|07
1771340791.099,unsolicited,0,0,0,C0|00|08|00|00|00|07
1771340791.100,unsolicited,0,0,0,C0|00|08|00|00|00|07
1771340791.132,unsolicited,0,0,0,C0|00|08|00|00|00|07
1771340791.337,unsolicited,0,0,0,C0|00|08|00|00|00|07
1771340791.338,unsolicited,0,0,0,C0|00|08|00|00|00|07
1771340791.367,unsolicited,0,0,0,C0|00|08|00|00|00|07
1771340791.705,unsolicited,0,0,0,C0|00|08|00|00|00|07
1771340795.179,solicited,0,,0,
1771340795.209,unsolicited,0,0,0,C0|00|08|00|00|00|07
1771340795.210,unsolicited,0,0,0,C0|00|08|00|00|00|07
1771340795.549,unsolicited,0,0,0,C0|00|08|00|00|00|07
1771340795.582,unsolicited,0,0,0,C0|00|08|00|00|00|07
1771340795.583,unsolicited,0,0,0,C0|00|08|00|00|00|07
1771340795.617,unsolicited,0,0,0,C0|00|08|00|00|00|07
1771340795.618,unsolicited,0,0,0,C0|00|08|00|00|00|07
1771340795.650,unsolicited,0,0,0,C0|00|08|00|00|00|07
1771340795.653,unsolicited,0,0,0,C0|00|08|00|00|00|07
1771340795.683,solicited,0,,0,
1771340797.773,unsolicited,704,11,0,C8|0B|08|20|00|00|3A
1771340798.076,unsolicited,1856,29,0,C8|1D|08|20|00|00|4C
1771340798.110,unsolicited,2240,35,0,C8|23|08|20|00|00|52
1771340798.411,unsolicited,2304,36,0,C8|24|0C|1F|00|00|56
1771340798.412,unsolicited,2304,36,0,C8|24|0C|1F|00|00|56
1771340798.446,unsolicited,2304,36,0,C8|24|0C|1F|00|00|56
1771340798.447,solicited,1183,,2304,
1771340798.447,unsolicited,2304,36,1183,C8|24|0C|1F|00|00|56
1771340798.482,unsolicited,2304,36,1183,C8|24|0C|1F|00|00|56
1771340799.924,unsolicited,2368,37,1183,C8|25|0C|1F|00|00|57
1771340800.463,unsolicited,2816,44,1183,C8|2C|0C|1C|00|00|5B
1771340800.496,unsolicited,2816,44,1183,C8|2C|0C|1C|00|00|5B
1771340800.497,solicited,1415,,2816,
1771340800.530,unsolicited,2816,44,1415,C8|2C|0C|1C|00|00|5B
1771340801.173,solicited,1428,,2816,
1771340806.926,unsolicited,3328,52,1428,C0|34|0C|17|00|00|56
1771340806.959,solicited,1931,,3328,
1771340809.076,unsolicited,3200,50,1931,C0|32|0C|15|00|00|52
1771340809.109,unsolicited,2688,42,1931,C0|2A|0C|0B|00|00|40
1771340809.110,unsolicited,2688,42,1931,C0|2A|0C|0B|00|00|40
1771340809.677,solicited,1327,,2688,
1771340809.678,unsolicited,2560,40,1327,C0|28|0C|0A|00|00|3D
1771340811.771,solicited,1212,,2560,
1771340811.837,unsolicited,0,0,1212,C0|00|1F|FB|00|00|19
1771340813.520,solicited,0,,0,
1771340815.471,unsolicited,0,0,0,C0|00|0C|03|00|00|0E
1771340815.768,unsolicited,0,0,0,C0|00|0C|03|00|00|0E
1771340815.769,unsolicited,0,0,0,C0|00|0C|04|00|00|0F
1771340815.770,unsolicited,0,0,0,C0|00|0C|04|00|00|0F
1771340816.035,solicited,0,,0,
1771340819.403,solicited,1189,,0,
1771340819.537,unsolicited,2240,35,1189,C8|23|0C|09|00|00|3F
1771340819.976,solicited,1210,,2240,
1771340822.236,unsolicited,0,0,1210,C0|00|0F|FD|00|00|0B
1771340822.239,unsolicited,0,0,1210,C0|00|0F|FD|00|00|0B
1771340822.576,unsolicited,0,0,1210,C0|00|0F|FE|00|00|0C
1771340822.877,unsolicited,0,0,1210,C0|00|0F|FE|00|00|0C
1771340822.910,solicited,114,,0,
1771340823.046,unsolicited,0,0,114,C0|00|0F|FE|00|00|0C
1771340823.051,unsolicited,0,0,114,C0|00|0F|FE|00|00|0C
1771340823.250,unsolicited,0,0,114,C0|00|0F|FE|00|00|0C
1771340823.251,unsolicited,0,0,114,C0|00|0F|FE|00|00|0C
1771340827.458,unsolicited,0,0,114,C0|00|0E|00|00|00|0D
1771340827.491,solicited,0,,0,
1771340827.492,unsolicited,0,0,0,C0|00|0E|00|00|00|0D
1771340827.526,unsolicited,0,0,0,C0|00|0E|00|00|00|0D
1771340827.764,unsolicited,0,0,0,C0|00|0E|00|00|00|0D
1771340830.359,unsolicited,0,0,0,C0|00|0E|01|00|00|0E
1771340830.660,unsolicited,0,0,0,C0|00|0E|01|00|00|0E
1771340830.899,unsolicited,0,0,0,C0|00|0E|01|00|00|0E
1771340830.930,solicited,0,,0,
1771340830.999,unsolicited,0,0,0,C0|00|0E|01|00|00|0E
1771340831.101,unsolicited,0,0,0,C0|00|0E|01|00|00|0E
1771340833.923,unsolicited,0,0,0,C0|00|0E|00|00|00|0D
1771340833.923,unsolicited,0,0,0,C0|00|0E|00|00|00|0D
1771340834.461,unsolicited,0,0,0,C0|00|0E|06|00|00|13
1771340834.496,solicited,0,,0,
1771340834.565,unsolicited,0,0,0,C0|00|0E|06|00|00|13
1771340836.846,unsolicited,0,0,0,C0|00|0C|0C|00|00|17
1771340836.879,solicited,0,,0,
1771340838.634,solicited,0,,0,
1771340838.666,unsolicited,0,0,0,C0|00|0E|03|00|00|10
1771340839.979,solicited,0,,0,
1771340840.282,unsolicited,0,0,0,C0|00|0E|04|00|00|11
1771340840.314,unsolicited,0,0,0,C0|00|0E|04|00|00|11
1771340843.654,solicited,0,,0,
1771340843.893,unsolicited,0,0,0,C0|00|0E|05|00|00|12
1771340844.534,solicited,0,,0,
1771340846.746,solicited,0,,0,
1771340848.224,solicited,0,,0,
1771340848.964,unsolicited,0,0,0,C0|00|08|00|00|00|07
1771340848.965,unsolicited,0,0,0,C0|00|08|00|00|00|07
1771340848.998,solicited,0,,0,
1771340852.487,unsolicited,0,0,0,C0|00|08|00|00|00|07
1771340852.520,solicited,0,,0,
1771340852.855,unsolicited,0,0,0,C0|00|08|00|00|00|07
1771340854.906,unsolicited,0,0,0,C0|00|08|00|00|00|07
1771340854.941,solicited,0,,0,
1771340855.310,unsolicited,0,0,0,C0|00|08|00|00|00|07
1771340855.379,unsolicited,0,0,0,C0|00|08|00|00|00|07
1771340858.538,unsolicited,0,0,0,C0|00|08|00|00|00|07
1771340859.112,solicited,0,,0,
1771340859.181,unsolicited,0,0,0,C0|00|08|00|00|00|07
1771340859.250,unsolicited,0,0,0,C0|00|08|00|00|00|07
1771340861.935,solicited,0,,0,
1771340863.315,unsolicited,0,0,0,C0|00|08|00|00|00|07
1771340863.349,unsolicited,0,0,0,C0|00|08|00|00|00|07
1771340863.382,solicited,0,,0,
1771340865.969,solicited,0,,0,
1771340870.144,unsolicited,0,0,0,C0|00|08|00|00|00|07
1771340870.145,unsolicited,0,0,0,C0|00|08|00|00|00|07
1771340872.094,solicited,0,,0,
1771340872.128,unsolicited,0,0,0,C0|00|08|00|00|00|07
1771340872.333,unsolicited,0,0,0,C0|00|08|00|00|00|07
1771340872.333,unsolicited,0,0,0,C0|00|08|00|00|00|07
1771340873.475,solicited,0,,0,
1771340873.612,unsolicited,0,0,0,C0|00|08|00|00|00|07
1771340873.643,unsolicited,0,0,0,C0|00|08|00|00|00|07
1771340873.711,unsolicited,0,0,0,C0|00|08|00|00|00|07
1771340873.745,unsolicited,0,0,0,C0|00|08|00|00|00|07
1771340873.778,unsolicited,0,0,0,C0|00|08|00|00|00|07
1771340875.723,solicited,0,,0,
1771340875.755,unsolicited,0,0,0,C0|00|08|00|00|00|07
1771340875.756,unsolicited,0,0,0,C0|00|08|00|00|00|07
1771340876.396,solicited,0,,0,
1771340876.496,unsolicited,0,0,0,C0|00|08|00|00|00|07
1771340876.527,unsolicited,0,0,0,C0|00|08|00|00|00|07
1771340877.064,unsolicited,0,0,0,C0|00|08|00|00|00|07
1771340877.064,solicited,0,,0,
1771340878.982,solicited,0,,0,
1771340879.015,unsolicited,0,0,0,C0|00|08|00|00|00|07
1771340886.071,solicited,0,,0,
1771340886.374,unsolicited,0,0,0,C0|00|08|00|00|00|07
1771340886.408,unsolicited,0,0,0,C0|00|08|00|00|00|07
1771340886.409,unsolicited,0,0,0,C0|00|08|00|00|00|07
1771340894.014,solicited,0,,0,
1771340894.416,unsolicited,2368,37,0,C8|25|0C|1B|00|00|53
1771340895.253,solicited,1225,,2368,
1771340896.603,unsolicited,2368,37,1225,C8|25|0C|11|00|00|49
1771340896.603,unsolicited,2368,37,1225,C8|25|0C|11|00|00|49
1771340896.873,unsolicited,2240,35,1225,C8|23|0C|0D|00|00|43
1771340897.207,solicited,1184,,2240,
1771340897.240,unsolicited,2176,34,1184,C0|22|0C|0C|00|00|39
1771340903.867,solicited,1224,,2176,
1771340904.168,unsolicited,2432,38,1224,C0|26|0C|0E|00|00|3F
1771340904.239,unsolicited,2432,38,1224,C0|26|0C|0F|00|00|40
1771340905.343,unsolicited,2432,38,1224,C0|26|0C|0F|00|00|40
1771340905.378,solicited,1272,,2432,
1771340908.718,solicited,1266,,2432,
1771340909.957,solicited,1848,,2432,
1771340911.165,solicited,1560,,2432,
1771340913.084,unsolicited,2048,32,1560,C0|20|0C|06|00|00|31
1771340913.084,unsolicited,2048,32,1560,C0|20|0C|06|00|00|31
1771340913.115,solicited,1192,,2048,
1771340913.182,unsolicited,2048,32,1192,C0|20|0C|05|00|00|30
1771340913.215,unsolicited,2048,32,1192,C0|20|0C|05|00|00|30
1771340913.317,unsolicited,2048,32,1192,C0|20|0C|05|00|00|30
1771340914.022,unsolicited,2112,33,1192,C0|21|0C|06|00|00|32
1771340914.259,solicited,1210,,2112,
1771340914.327,unsolicited,2112,33,1210,C0|21|0C|06|00|00|32
1771340919.275,solicited,1197,,2112,
1771340919.777,unsolicited,2112,33,1197,C0|21|0C|07|00|00|33
1771340919.810,solicited,1204,,2112,
1771340921.225,solicited,1196,,2112,
1771340922.505,solicited,114,,2112,
1771340925.502,solicited,0,,2112,
1771340926.747,unsolicited,0,0,0,C0|00|0C|0A|00|00|15
1771340926.751,unsolicited,0,0,0,C0|00|0C|0A|00|00|15
1771340926.779,solicited,0,,0,
1771340927.420,unsolicited,448,7,0,C8|07|0C|0D|00|00|27
1771340927.452,solicited,0,,448,
1771340927.586,unsolicited,1088,17,0,C8|11|0C|12|00|00|36
1771340927.590,unsolicited,1088,17,0,C8|11|0C|12|00|00|36
1771340927.619,unsolicited,1152,18,0,C8|12|0C|12|00|00|37
1771340927.722,unsolicited,2304,36,0,C8|24|0C|15|00|00|4C
1771340927.756,unsolicited,2432,38,0,C8|26|0C|15|00|00|4E
1771340927.957,unsolicited,2752,43,0,C8|2B|0C|15|00|00|53
1771340927.992,unsolicited,2752,43,0,C8|2B|0C|15|00|00|53
1771340927.992,solicited,1173,,2752,
1771340930.207,unsolicited,2816,44,1173,C8|2C|0C|14|00|00|53
1771340930.240,unsolicited,2816,44,1173,C8|2C|0C|14|00|00|53
1771340930.509,unsolicited,2816,44,1173,C8|2C|0C|13|00|00|52
1771340930.776,unsolicited,2816,44,1173,C0|2C|0C|13|00|00|4A
1771340934.363,solicited,1317,,2816,
1771340934.432,unsolicited,2560,40,1317,C0|28|0C|0E|00|00|41
1771340934.433,unsolicited,2560,40,1317,C0|28|0C|0E|00|00|41
1771340934.730,unsolicited,2560,40,1317,C0|28|0C|0E|00|00|41
1771340934.763,unsolicited,2560,40,1317,C0|28|0C|0E|00|00|41
1771340934.764,unsolicited,2560,40,1317,C0|28|0C|0E|00|00|41
1771340937.287,unsolicited,2688,42,1317,C0|2A|0C|10|00|00|45
1771340937.289,unsolicited,2624,41,1317,C0|29|0C|10|00|00|44
1771340937.321,solicited,1396,,2624,
1771340937.590,unsolicited,2688,42,1396,C0|2A|0C|0F|00|00|44
1771340940.211,solicited,0,,2688,
1771340941.148,unsolicited,0,0,0,C0|00|0E|02|00|00|0F
1771340941.179,solicited,0,,0,
1771340945.879,unsolicited,0,0,0,C0|00|0C|11|00|00|1C
1771340945.881,solicited,0,,0,
1771340949.341,unsolicited,0,0,0,C0|00|0E|06|00|00|13
1771340949.341,solicited,0,,0,
1771340949.374,unsolicited,0,0,0,C0|00|0E|06|00|00|13
1771340950.352,unsolicited,0,0,0,C0|00|0E|08|00|00|15
1771340951.289,unsolicited,0,0,0,C0|00|08|09|00|00|10
1771340951.290,solicited,0,,0,
1771340957.756,solicited,0,,0,
1771340960.648,unsolicited,0,0,0,C0|00|08|0E|00|00|15
1771340960.680,unsolicited,0,0,0,C0|00|08|0E|00|00|15
1771340960.883,unsolicited,0,0,0,C0|00|08|0E|00|00|15
1771340963.367,unsolicited,0,0,0,C0|00|08|0E|00|00|15
1771340963.401,solicited,0,,0,
1771340963.467,unsolicited,0,0,0,C0|00|08|0E|00|00|15
1771340963.467,unsolicited,0,0,0,C0|00|08|0E|00|00|15
1771340963.499,unsolicited,0,0,0,C0|00|08|0E|00|00|15
1771340963.500,unsolicited,0,0,0,C0|00|08|0E|00|00|15
1771340963.733,unsolicited,0,0,0,C0|00|08|0E|00|00|15
1771340965.959,unsolicited,0,0,0,C0|00|08|0E|00|00|15
1771340965.959,unsolicited,0,0,0,C0|00|08|0E|00|00|15
1771340965.992,solicited,0,,0,
1771340965.992,unsolicited,0,0,0,C0|00|08|0E|00|00|15
1771340965.993,unsolicited,0,0,0,C0|00|08|0E|00|00|15
1771340966.226,unsolicited,0,0,0,C0|00|08|0E|00|00|15
1771340966.227,unsolicited,0,0,0,C0|00|08|0E|00|00|15
1771340967.806,solicited,0,,0,
1771340967.842,unsolicited,0,0,0,C0|00|08|0E|00|00|15
1771340968.576,unsolicited,0,0,0,C0|00|08|0E|00|00|15
1771340968.609,solicited,0,,0,
1771340968.677,unsolicited,0,0,0,C0|00|08|0E|00|00|15
1771340968.678,unsolicited,0,0,0,C0|00|08|0E|00|00|15
1771340968.909,unsolicited,0,0,0,C0|00|08|0E|00|00|15
1771340968.909,unsolicited,0,0,0,C0|00|08|0E|00|00|15
1771340968.942,unsolicited,0,0,0,C0|00|08|0E|00|00|15
1771340972.608,unsolicited,0,0,0,C0|00|08|0E|00|00|15
1771340973.046,unsolicited,0,0,0,C0|00|08|0E|00|00|15
1771340974.691,solicited,0,,0,
1771340974.691,unsolicited,0,0,0,C0|00|08|0E|00|00|15
1771340974.724,unsolicited,0,0,0,C0|00|08|0E|00|00|15
1771340975.665,solicited,0,,0,
1771340977.819,solicited,0,,0,
1771340977.820,unsolicited,0,0,0,C0|00|08|0E|00|00|15
1771340977.823,unsolicited,0,0,0,C0|00|08|0E|00|00|15
1771340978.867,unsolicited,0,0,0,C0|00|08|0E|00|00|15
1771340978.900,solicited,0,,0,
1771340981.322,unsolicited,0,0,0,C0|00|08|19|00|00|20
1771340981.855,unsolicited,0,0,0,C0|00|0C|17|00|00|22
1771340981.856,unsolicited,0,0,0,C0|00|0C|17|00|00|22
1771340981.887,solicited,0,,0,
1771340982.732,solicited,0,,0,
1771340982.799,unsolicited,0,0,0,C0|00|0C|14|00|00|1F
1771340985.931,solicited,0,,0,
1771340985.964,unsolicited,0,0,0,C0|00|08|08|00|00|0F
1771340987.003,unsolicited,0,0,0,C0|00|08|0C|00|00|13
1771340987.035,solicited,0,,0,
1771340987.135,unsolicited,0,0,0,C0|00|08|0D|00|00|14
1771340991.058,unsolicited,0,0,0,C0|00|08|0A|00|00|11
1771340991.059,unsolicited,0,0,0,C0|00|08|0A|00|00|11
1771340991.059,solicited,0,,0,
1771340991.294,unsolicited,0,0,0,C0|00|08|0A|00|00|11
1771340991.330,unsolicited,0,0,0,C0|00|08|0A|00|00|11
1771340992.098,solicited,0,,0,
1771340992.099,unsolicited,0,0,0,C0|00|08|0B|00|00|12
1771340993.716,unsolicited,0,0,0,C0|00|08|0B|00|00|12
1771340993.750,solicited,0,,0,
1771340995.569,solicited,0,,0,
1771340995.806,unsolicited,0,0,0,C0|00|08|0C|00|00|13
1771340996.007,unsolicited,0,0,0,C0|00|08|0C|00|00|13
1771340996.044,unsolicited,0,0,0,C0|00|08|0C|00|00|13
1771340996.044,solicited,0,,0,
1771340996.109,unsolicited,0,0,0,C0|00|08|0C|00|00|13
1771340997.920,unsolicited,0,0,0,C0|00|08|0C|00|00|13
1771340997.921,unsolicited,0,0,0,C0|00|08|0C|00|00|13
1771340997.955,solicited,0,,0,
1771340998.258,unsolicited,0,0,0,C0|00|08|0C|00|00|13
1771340999.435,solicited,0,,0,
1771340999.503,unsolicited,0,0,0,C0|00|08|0D|00|00|14
1771340999.503,unsolicited,0,0,0,C0|00|08|0D|00|00|14
1771341001.687,unsolicited,0,0,0,C0|00|08|0D|00|00|14
1771341001.687,unsolicited,0,0,0,C0|00|08|0D|00|00|14
1771341001.721,solicited,0,,0,
1771341001.723,unsolicited,0,0,0,C0|00|08|0D|00|00|14
1771341002.295,unsolicited,0,0,0,C0|00|08|0D|00|00|14
1771341002.296,unsolicited,0,0,0,C0|00|08|0D|00|00|14
1771341002.328,solicited,0,,0,
1771341002.362,unsolicited,0,0,0,C0|00|08|0D|00|00|14
1771341002.363,unsolicited,0,0,0,C0|00|08|0D|00|00|14
1771341002.999,solicited,0,,0,
1771341003.066,unsolicited,0,0,0,C0|00|08|0D|00|00|14
1771341003.102,unsolicited,0,0,0,C0|00|08|0D|00|00|14
1771341003.133,unsolicited,0,0,0,C0|00|08|0D|00|00|14
1771341004.544,solicited,0,,0,
1771341004.846,unsolicited,0,0,0,C0|00|08|0E|00|00|15
1771341004.880,unsolicited,0,0,0,C0|00|08|0E|00|00|15
1771341004.881,unsolicited,0,0,0,C0|00|08|0E|00|00|15
1771341004.881,unsolicited,0,0,0,C0|00|08|0E|00|00|15
1771341006.997,solicited,0,,0,
1771341007.972,solicited,0,,0,
1771341009.850,unsolicited,0,0,0,C0|00|08|03|00|00|0A
1771341009.883,solicited,0,,0,
1771341009.916,unsolicited,0,0,0,C0|00|08|03|00|00|0A
1771341010.121,unsolicited,0,0,0,C0|00|08|03|00|00|0A
1771341010.922,solicited,0,,0,
1771341010.990,unsolicited,0,0,0,C0|00|08|03|00|00|0A
1771341011.024,unsolicited,0,0,0,C0|00|08|03|00|00|0A
1771341011.024,unsolicited,0,0,0,C0|00|08|03|00|00|0A
1771341014.007,unsolicited,0,0,0,C0|00|08|03|00|00|0A
1771341014.008,unsolicited,0,0,0,C0|00|08|03|00|00|0A
1771341014.041,solicited,0,,0,
1771341014.074,unsolicited,0,0,0,C0|00|08|03|00|00|0A
1771341017.100,unsolicited,0,0,0,C0|00|08|0E|00|00|15
1771341017.539,solicited,0,,0,
1771341017.672,unsolicited,0,0,0,C0|00|08|2C|00|00|33
1771341017.673,unsolicited,0,0,0,C0|00|08|2C|00|00|33
1771341017.706,unsolicited,256,4,0,C8|04|08|2D|00|00|40
1771341017.711,unsolicited,256,4,0,C8|04|08|2D|00|00|40
1771341017.713,unsolicited,320,5,0,C8|05|08|2E|00|00|42
1771341017.739,unsolicited,320,5,0,C8|05|08|2E|00|00|42
1771341017.906,unsolicited,1024,16,0,C8|10|08|35|00|00|54
1771341017.940,unsolicited,1152,18,0,C8|12|08|35|00|00|56
1771341018.041,solicited,1006,,1152,
1771341018.074,unsolicited,2688,42,1006,C8|2A|08|38|00|00|71
1771341018.075,unsolicited,2752,43,1006,C8|2B|08|39|00|00|73
1771341018.107,unsolicited,2816,44,1006,C8|2C|08|39|00|00|74
1771341018.111,unsolicited,2816,44,1006,C8|2C|08|39|00|00|74
1771341021.658,unsolicited,2880,45,1006,C8|2D|08|39|00|00|75
1771341021.692,unsolicited,3136,49,1006,C0|31|0C|17|00|00|53
1771341021.692,solicited,1582,,3136,
1771341023.136,unsolicited,1792,28,1582,C0|1C|0C|05|00|00|2C
1771341023.169,unsolicited,1792,28,1582,C0|1C|0C|04|00|00|2B
1771341024.576,solicited,114,,1792,
1771341024.644,unsolicited,0,0,114,C0|00|0F|FE|00|00|0C
1771341024.677,unsolicited,0,0,114,C0|00|0F|FE|00|00|0C
1771341025.147,solicited,0,,0,
1771341026.999,solicited,0,,0,
1771341027.001,unsolicited,960,15,0,C8|0F|0C|10|00|00|32
1771341027.268,unsolicited,2112,33,0,C8|21|0C|10|00|00|44
1771341033.309,solicited,0,,2112,
1771341036.168,solicited,0,,2112,
1771341036.574,unsolicited,0,0,0,C0|00|0C|17|00|00|22
1771341038.726,solicited,0,,0,
1771341039.130,unsolicited,2368,37,0,C8|25|0C|16|00|00|4E
1771341041.103,solicited,1239,,2368,
1771341041.169,unsolicited,2368,37,1239,C8|25|0C|15|00|00|4D
1771341041.204,unsolicited,2432,38,1239,C8|26|0C|15|00|00|4E
1771341041.511,unsolicited,2432,38,1239,C8|26|0C|15|00|00|4E
1771341041.676,unsolicited,2432,38,1239,C8|26|0C|15|00|00|4E
1771341041.711,solicited,1263,,2432,
1771341041.744,unsolicited,2432,38,1263,C8|26|0C|15|00|00|4E
1771341043.723,solicited,1263,,2432,
1771341043.791,unsolicited,2432,38,1263,C0|26|0C|14|00|00|45
1771341043.792,unsolicited,2432,38,1263,C0|26|0C|14|00|00|45
1771341045.546,unsolicited,2432,38,1263,C0|26|0C|13|00|00|44
1771341045.580,solicited,1256,,2432,
1771341046.992,unsolicited,2304,36,1256,C0|24|0C|11|00|00|40
1771341047.295,unsolicited,2304,36,1256,C0|24|0C|11|00|00|40
1771341047.295,unsolicited,2304,36,1256,C0|24|0C|11|00|00|40
1771341047.328,solicited,1225,,2304,
1771341047.595,unsolicited,2304,36,1225,C0|24|0C|11|00|00|40
1771341052.484,solicited,1186,,2304,
1771341052.922,unsolicited,1920,30,1186,C0|1E|0C|0D|00|00|36
1771341053.023,solicited,1216,,1920,
1771341055.820,solicited,1226,,1920,
1771341055.955,unsolicited,1792,28,1226,C0|1C|08|0F|00|00|32
1771341055.956,unsolicited,1792,28,1226,C0|1C|08|0F|00|00|32
1771341056.192,unsolicited,1792,28,1226,C0|1C|08|0F|00|00|32
1771341058.384,unsolicited,1792,28,1226,C0|1C|08|11|00|00|34
1771341058.416,solicited,1203,,1792,
1771341060.498,solicited,1192,,1792,
1771341060.734,unsolicited,1728,27,1192,C0|1B|08|12|00|00|34
1771341066.284,unsolicited,1728,27,1192,C0|1B|08|13|00|00|35
1771341066.285,unsolicited,1728,27,1192,C0|1B|08|13|00|00|35
1771341066.316,solicited,1205,,1728,
1771341066.618,unsolicited,1728,27,1205,C0|1B|08|13|00|00|35
1771341068.499,unsolicited,1728,27,1205,C0|1B|08|13|00|00|35
1771341068.533,solicited,1204,,1728,
1771341068.634,unsolicited,1728,27,1204,C0|1B|08|13|00|00|35
1771341068.836,unsolicited,1728,27,1204,C0|1B|08|13|00|00|35
1771341072.603,unsolicited,0,0,1204,C0|00|08|0E|00|00|15
1771341073.142,unsolicited,0,0,1204,C0|00|08|03|00|00|0A
1771341073.145,unsolicited,0,0,1204,C0|00|08|03|00|00|0A
1771341073.174,solicited,0,,0,
1771341075.335,unsolicited,0,0,0,C0|00|08|0E|00|00|15
1771341075.336,solicited,0,,0,
1771341075.704,unsolicited,0,0,0,C0|00|08|0E|00|00|15
1771341075.737,unsolicited,0,0,0,C0|00|08|0E|00|00|15
1771341075.906,unsolicited,0,0,0,C0|00|08|0E|00|00|15
1771341075.907,unsolicited,0,0,0,C0|00|08|0E|00|00|15
1771341075.907,solicited,0,,0,
1771341079.061,unsolicited,0,0,0,C0|00|08|0E|00|00|15
1771341079.093,solicited,0,,0,
1771341079.160,unsolicited,0,0,0,C0|00|08|0E|00|00|15
1771341079.193,unsolicited,0,0,0,C0|00|08|0E|00|00|15
1771341079.393,unsolicited,0,0,0,C0|00|08|0E|00|00|15
1771341079.394,unsolicited,0,0,0,C0|00|08|0E|00|00|15
1771341081.512,unsolicited,0,0,0,C0|00|08|0E|00|00|15
1771341082.724,solicited,0,,0,
1771341086.763,solicited,0,,0,
1771341089.082,unsolicited,0,0,0,C0|00|08|0E|00|00|15
1771341089.083,solicited,0,,0,
1771341089.351,unsolicited,0,0,0,C0|00|08|0E|00|00|15
1771341089.352,unsolicited,0,0,0,C0|00|08|0E|00|00|15
1771341091.431,solicited,0,,0,
1771341091.765,unsolicited,0,0,0,C0|00|08|0E|00|00|15
1771341091.766,unsolicited,0,0,0,C0|00|08|0E|00|00|15
1771341093.020,unsolicited,0,0,0,C0|00|08|0E|00|00|15
1771341093.050,solicited,0,,0,
1771341093.189,unsolicited,0,0,0,C0|00|08|0E|00|00|15
1771341093.190,unsolicited,0,0,0,C0|00|08|0E|00|00|15
1771341093.220,unsolicited,0,0,0,C0|00|08|0E|00|00|15
1771341093.254,unsolicited,0,0,0,C0|00|08|0E|00|00|15
1771341096.990,unsolicited,0,0,0,C0|00|08|0D|00|00|14
1771341096.991,solicited,0,,0,
1771341098.066,unsolicited,0,0,0,C0|00|08|0E|00|00|15
1771341098.067,unsolicited,0,0,0,C0|00|08|0E|00|00|15
1771341098.336,unsolicited,0,0,0,C0|00|08|0E|00|00|15
1771341098.369,unsolicited,0,0,0,C0|00|08|0E|00|00|15
1771341098.370,unsolicited,0,0,0,C0|00|08|0E|00|00|15
1771341098.976,unsolicited,0,0,0,C0|00|08|0E|00|00|15
1771341099.007,solicited,0,,0,
1771341099.108,unsolicited,0,0,0,C0|00|08|0E|00|00|15
1771341099.342,unsolicited,0,0,0,C0|00|08|0E|00|00|15
1771341104.289,solicited,0,,0,
1771341104.356,unsolicited,0,0,0,C0|00|08|0E|00|00|15
1771341104.358,unsolicited,0,0,0,C0|00|08|0E|00|00|15
1771341104.591,unsolicited,0,0,0,C0|00|08|0E|00|00|15
1771341105.799,solicited,0,,0,
1771341108.470,unsolicited,0,0,0,C0|00|08|0E|00|00|15
1771341108.502,solicited,0,,0,
1771341110.968,unsolicited,0,0,0,C0|00|08|0E|00|00|15
1771341110.998,solicited,0,,0,
1771341111.065,unsolicited,0,0,0,C0|00|08|0E|00|00|15
1771341111.099,unsolicited,0,0,0,C0|00|08|0E|00|00|15
1771341111.570,unsolicited,0,0,0,C0|00|08|0E|00|00|15
1771341111.571,solicited,0,,0,
1771341111.672,unsolicited,0,0,0,C0|00|08|0E|00|00|15
1771341111.673,unsolicited,0,0,0,C0|00|08|0E|00|00|15
1771341116.208,solicited,0,,0,
1771341116.208,unsolicited,0,0,0,C0|00|08|0E|00|00|15
1771341116.241,unsolicited,0,0,0,C0|00|08|0E|00|00|15
1771341116.242,unsolicited,0,0,0,C0|00|08|0E|00|00|15
1771341118.261,unsolicited,0,0,0,C0|00|08|0E|00|00|15
1771341118.293,solicited,0,,0,
1771341118.295,unsolicited,0,0,0,C0|00|08|0E|00|00|15
1771341118.600,unsolicited,0,0,0,C0|00|08|0E|00|00|15
1771341118.600,unsolicited,0,0,0,C0|00|08|0E|00|00|15
1771341119.776,unsolicited,0,0,0,C0|00|08|0E|00|00|15
1771341119.777,unsolicited,0,0,0,C0|00|08|0E|00|00|15
1771341119.808,solicited,0,,0,
1771341125.766,unsolicited,0,0,0,C0|00|08|0E|00|00|15
1771341125.800,solicited,0,,0,
1771341125.801,unsolicited,0,0,0,C0|00|08|0E|00|00|15
1771341126.105,unsolicited,0,0,0,C0|00|08|0E|00|00|15
1771341126.746,solicited,0,,0,
1771341128.529,unsolicited,0,0,0,C0|00|08|0E|00|00|15
1771341128.763,unsolicited,0,0,0,C0|00|08|0E|00|00|15
1771341131.584,unsolicited,0,0,0,C0|00|08|0E|00|00|15
1771341131.617,solicited,0,,0,
1771341133.133,unsolicited,0,0,0,C0|00|08|25|00|00|2C
1771341133.134,unsolicited,0,0,0,C0|00|08|24|00|00|2B
1771341133.135,unsolicited,0,0,0,C0|00|08|24|00|00|2B
1771341133.167,solicited,0,,0,
1771341133.168,unsolicited,0,0,0,C0|00|08|24|00|00|2B
1771341133.170,unsolicited,0,0,0,C0|00|08|24|00|00|2B
1771341133.605,unsolicited,0,0,0,C0|00|08|23|00|00|2A
1771341133.606,unsolicited,0,0,0,C0|00|08|23|00|00|2A
1771341133.875,solicited,0,,0,
1771341133.875,unsolicited,0,0,0,C0|00|0C|22|00|00|2D
1771341135.289,solicited,0,,0,
1771341135.355,unsolicited,0,0,0,C0|00|0C|24|00|00|2F
1771341135.390,unsolicited,0,0,0,C0|00|0C|24|00|00|2F
1771341136.028,solicited,0,,0,
1771341139.057,unsolicited,0,0,0,C0|00|0C|22|00|00|2D
1771341139.324,unsolicited,0,0,0,C0|00|0C|1D|00|00|28
1771341139.591,unsolicited,0,0,0,C0|00|0C|1D|00|00|28
1771341139.625,unsolicited,0,0,0,C0|00|0C|1E|00|00|29
1771341139.928,unsolicited,0,0,0,C0|00|0C|22|00|00|2D
1771341143.898,unsolicited,0,0,0,C0|00|0C|29|00|00|34
1771341143.932,solicited,1369,,0,
1771341144.064,unsolicited,2688,42,1369,C8|2A|0C|1E|00|00|5B
1771341145.174,solicited,1373,,2688,
1771341145.275,unsolicited,2816,44,1373,C0|2C|0C|1D|00|00|54
1771341145.343,unsolicited,2816,44,1373,C0|2C|0C|1D|00|00|54
1771341145.343,unsolicited,2816,44,1373,C0|2C|0C|1D|00|00|54
1771341145.344,unsolicited,2816,44,1373,C0|2C|0C|1D|00|00|54
1771341145.377,unsolicited,2816,44,1373,C0|2C|0C|1D|00|00|54
1771341145.380,unsolicited,2816,44,1373,C0|2C|0C|1D|00|00|54
1771341147.288,solicited,1183,,2816,
1771341147.388,unsolicited,0,0,1183,C0|00|0C|06|00|00|11
1771341147.659,unsolicited,0,0,1183,C0|00|0F|FE|00|00|0C
1771341147.692,unsolicited,0,0,1183,C0|00|0F|FE|00|00|0C
1771341148.401,unsolicited,0,0,1183,C0|00|0F|FB|00|00|09
1771341148.435,solicited,114,,0,
1771341148.571,unsolicited,0,0,114,C0|00|0F|FB|00|00|09
1771341148.574,unsolicited,0,0,114,C0|00|0F|FB|00|00|09
1771341148.601,unsolicited,0,0,114,C0|00|0F|FB|00|00|09
1771341155.969,unsolicited,3968,62,114,C0|3E|0C|23|00|00|6C
1771341156.002,unsolicited,3968,62,114,C0|3E|0C|23|00|00|6C
1771341156.035,solicited,1821,,3968,
1771341156.538,solicited,1850,,3968,
1771341157.448,unsolicited,1408,22,1850,C0|16|0C|12|00|00|33
1771341159.634,solicited,0,,1408,
1771341160.037,unsolicited,0,0,0,C0|00|0F|FC|00|00|0A
1771341163.897,unsolicited,0,0,0,C0|00|0E|01|00|00|0E
1771341163.898,unsolicited,0,0,0,C0|00|0E|01|00|00|0E
1771341163.930,solicited,0,,0,
1771341164.167,unsolicited,0,0,0,C0|00|0E|02|00|00|0F
1771341166.656,unsolicited,0,0,0,C0|00|08|0E|00|00|15
1771341166.927,unsolicited,0,0,0,C0|00|08|0E|00|00|15
1771341166.958,solicited,0,,0,
1771341167.671,unsolicited,0,0,0,C0|00|08|0E|00|00|15
1771341167.672,unsolicited,0,0,0,C0|00|08|0E|00|00|15
1771341167.701,solicited,0,,0,
1771341167.804,unsolicited,0,0,0,C0|00|08|0E|00|00|15
1771341167.807,unsolicited,0,0,0,C0|00|08|0E|00|00|15
1771341167.837,unsolicited,0,0,0,C0|00|08|0E|00|00|15
1771341167.838,unsolicited,0,0,0,C0|00|08|0E|00|00|15
1771341178.215,unsolicited,0,0,0,C0|00|08|03|00|00|0A
1771341178.247,solicited,0,,0,
1771341179.088,solicited,0,,0,
1771341185.510,solicited,0,,0,
1771341185.510,unsolicited,0,0,0,C0|00|08|03|00|00|0A
1771341185.543,unsolicited,0,0,0,C0|00|08|03|00|00|0A
1771341186.548,solicited,0,,0,
1771341190.147,unsolicited,0,0,0,C0|00|08|03|00|00|0A
1771341190.788,solicited,0,,0,
1771341190.788,unsolicited,0,0,0,C0|00|08|03|00|00|0A
1771341190.789,unsolicited,0,0,0,C0|00|08|03|00|00|0A
1771341190.821,unsolicited,0,0,0,C0|00|08|03|00|00|0A
1771341192.969,unsolicited,0,0,0,C0|00|08|03|00|00|0A
1771341192.970,unsolicited,0,0,0,C0|00|08|03|00|00|0A
1771341193.003,solicited,0,,0,
1771341195.603,unsolicited,0,0,0,C0|00|08|03|00|00|0A
1771341195.604,solicited,0,,0,
1771341195.704,unsolicited,0,0,0,C0|00|08|03|00|00|0A
1771341195.704,unsolicited,0,0,0,C0|00|08|03|00|00|0A
1771341196.582,solicited,0,,0,
1771341196.615,unsolicited,0,0,0,C0|00|08|03|00|00|0A
1771341196.616,unsolicited,0,0,0,C0|00|08|03|00|00|0A
1771341202.902,solicited,0,,0,
1771341204.855,solicited,0,,0,
1771341204.856,unsolicited,0,0,0,C0|00|08|03|00|00|0A
1771341206.035,solicited,0,,0,
1771341207.651,unsolicited,0,0,0,C0|00|08|12|00|00|19
1771341207.681,solicited,0,,0,
1771341210.574,unsolicited,0,0,0,C0|00|08|0D|00|00|14
1771341210.606,solicited,0,,0,
1771341210.640,unsolicited,0,0,0,C0|00|08|0E|00|00|15
1771341210.641,unsolicited,0,0,0,C0|00|08|0E|00|00|15
1771341210.844,unsolicited,0,0,0,C0|00|08|0E|00|00|15
1771341210.876,unsolicited,0,0,0,C0|00|08|0E|00|00|15
1771341212.055,unsolicited,0,0,0,C0|00|08|0E|00|00|15
1771341212.056,unsolicited,0,0,0,C0|00|08|0E|00|00|15
1771341212.056,unsolicited,0,0,0,C0|00|08|0E|00|00|15
1771341215.052,unsolicited,0,0,0,C0|00|08|03|00|00|0A
1771341215.083,unsolicited,0,0,0,C0|00|08|03|00|00|0A
1771341215.117,solicited,0,,0,
1771341215.486,unsolicited,0,0,0,C0|00|08|03|00|00|0A
1771341215.487,unsolicited,0,0,0,C0|00|08|03|00|00|0A
1771341215.487,unsolicited,0,0,0,C0|00|08|03|00|00|0A
1771341216.460,unsolicited,0,0,0,C0|00|08|03|00|00|0A
1771341216.494,solicited,0,,0,
1771341217.068,solicited,0,,0,
1771341218.045,unsolicited,0,0,0,C0|00|08|03|00|00|0A
1771341218.281,unsolicited,0,0,0,C0|00|08|03|00|00|0A
1771341218.314,unsolicited,0,0,0,C0|00|08|03|00|00|0A
1771341219.492,solicited,0,,0,
1771341220.131,unsolicited,0,0,0,C0|00|08|03|00|00|0A
1771341220.164,solicited,0,,0,
1771341227.120,unsolicited,0,0,0,C0|00|08|03|00|00|0A
1771341227.151,solicited,0,,0,
1771341227.524,unsolicited,0,0,0,C0|00|08|03|00|00|0A
1771341230.412,unsolicited,0,0,0,C0|00|08|03|00|00|0A
1771341230.445,solicited,0,,0,
1771341230.478,unsolicited,0,0,0,C0|00|08|03|00|00|0A
1771341230.680,unsolicited,0,0,0,C0|00|08|03|00|00|0A
1771341230.782,unsolicited,0,0,0,C0|00|08|03|00|00|0A
1771341230.815,unsolicited,0,0,0,C0|00|08|03|00|00|0A
1771341230.848,unsolicited,0,0,0,C0|00|08|03|00|00|0A
1771341233.002,solicited,0,,0,
1771341233.002,unsolicited,0,0,0,C0|00|08|03|00|00|0A
1771341233.003,unsolicited,0,0,0,C0|00|08|03|00|00|0A
1771341233.004,unsolicited,0,0,0,C0|00|08|03|00|00|0A
1771341233.238,unsolicited,0,0,0,C0|00|08|03|00|00|0A
1771341233.238,unsolicited,0,0,0,C0|00|08|03|00|00|0A
1771341234.210,unsolicited,0,0,0,C0|00|08|03|00|00|0A
1771341234.211,unsolicited,0,0,0,C0|00|08|03|00|00|0A
1771341234.211,solicited,0,,0,
1771341234.278,unsolicited,0,0,0,C0|00|08|03|00|00|0A
1771341235.052,solicited,0,,0,
1771341235.286,unsolicited,0,0,0,C0|00|08|03|00|00|0A
1771341235.355,unsolicited,0,0,0,C0|00|08|03|00|00|0A
1771341235.356,unsolicited,0,0,0,C0|00|08|03|00|00|0A
1771341235.388,unsolicited,0,0,0,C0|00|08|03|00|00|0A
1771341235.422,unsolicited,0,0,0,C0|00|08|03|00|00|0A
1771341235.422,unsolicited,0,0,0,C0|00|08|03|00|00|0A
1771341237.137,solicited,0,,0,
1771341239.627,unsolicited,0,0,0,C0|00|08|03|00|00|0A
1771341239.628,solicited,0,,0,
1771341242.412,unsolicited,0,0,0,C0|00|08|03|00|00|0A
1771341242.444,solicited,0,,0,
1771341242.714,unsolicited,0,0,0,C0|00|08|03|00|00|0A
1771341243.589,solicited,0,,0,
1771341243.926,unsolicited,0,0,0,C0|00|08|03|00|00|0A
1771341243.994,unsolicited,0,0,0,C0|00|08|03|00|00|0A
1771341243.995,unsolicited,0,0,0,C0|00|08|03|00|00|0A
1771341244.495,solicited,0,,0,
1771341244.495,unsolicited,0,0,0,C0|00|08|03|00|00|0A
1771341244.496,unsolicited,0,0,0,C0|00|08|03|00|00|0A
1771341244.763,unsolicited,0,0,0,C0|00|08|03|00|00|0A
1771341244.796,unsolicited,0,0,0,C0|00|08|03|00|00|0A
1771341244.830,unsolicited,0,0,0,C0|00|08|03|00|00|0A
1771341244.863,unsolicited,0,0,0,C0|00|08|03|00|00|0A
1771341247.271,solicited,0,,0,
1771341247.304,unsolicited,0,0,0,C0|00|08|03|00|00|0A
1771341247.305,unsolicited,0,0,0,C0|00|08|03|00|00|0A
1771341247.537,unsolicited,0,0,0,C0|00|08|03|00|00|0A
1771341250.096,unsolicited,0,0,0,C0|00|08|03|00|00|0A
1771341250.332,unsolicited,0,0,0,C0|00|08|03|00|00|0A
1771341251.510,unsolicited,0,0,0,C0|00|08|03|00|00|0A
1771341251.743,unsolicited,0,0,0,C0|00|08|03|00|00|0A
1771341251.744,unsolicited,0,0,0,C0|00|08|03|00|00|0A
1771341251.776,unsolicited,0,0,0,C0|00|08|03|00|00|0A
1771341252.380,unsolicited,0,0,0,C0|00|08|03|00|00|0A
1771341255.104,unsolicited,1344,21,0,C8|15|0C|3E|00|00|66
1771341255.107,unsolicited,1792,28,0,C8|1C|0C|3E|00|00|6D
1771341255.135,solicited,1001,,1792,
1771341255.440,unsolicited,3008,47,1001,C8|2F|0C|3C|00|00|7E
1771341267.168,solicited,2183,,3008,
1771341267.170,unsolicited,4864,76,2183,C0|4C|0C|1C|00|00|73
1771341267.405,unsolicited,4480,70,2183,C0|46|0C|1A|00|00|6B
1771341267.671,solicited,1842,,4480,
1771341267.738,unsolicited,3840,60,1842,C0|3C|0C|16|00|00|5D
1771341271.103,unsolicited,3328,52,1842,C0|34|0C|10|00|00|4F
1771341271.136,solicited,1554,,3328,
1771341271.203,unsolicited,3328,52,1554,C0|34|0C|10|00|00|4F
1771341271.538,unsolicited,3328,52,1554,C0|34|0C|10|00|00|4F
1771341271.741,solicited,1592,,3328,
1771341271.743,unsolicited,3328,52,1592,C0|34|0C|10|00|00|4F
1771341273.754,unsolicited,3328,52,1592,C0|34|0C|10|00|00|4F
1771341274.091,unsolicited,3776,59,1592,C0|3B|0C|12|00|00|58
1771341274.296,unsolicited,3776,59,1592,C0|3B|0C|12|00|00|58
1771341277.626,unsolicited,0,0,1592,C0|00|0F|F9|00|00|07
1771341281.889,solicited,0,,0,
1771341282.259,unsolicited,0,0,0,C0|00|0F|F9|00|00|07
1771341284.139,solicited,0,,0,
1771341285.386,unsolicited,0,0,0,C0|00|0C|08|00|00|13
1771341285.388,unsolicited,0,0,0,C0|00|0C|08|00|00|13
1771341285.388,unsolicited,0,0,0,C0|00|0C|08|00|00|13
1771341296.836,unsolicited,0,0,0,C0|00|1F|FA|00|00|18
1771341297.138,unsolicited,0,0,0,C0|00|0F|FE|00|00|0C
1771341297.139,unsolicited,0,0,0,C0|00|0F|FE|00|00|0C
1771341297.139,unsolicited,0,0,0,C0|00|0F|FE|00|00|0C
1771341298.209,unsolicited,0,0,0,C0|00|0F|FE|00|00|0C
1771341298.481,unsolicited,0,0,0,C0|00|0F|FE|00|00|0C
1771341303.893,unsolicited,0,0,0,C0|00|0C|01|00|00|0C
1771341304.430,solicited,0,,0,
1771341306.309,unsolicited,0,0,0,C0|00|0C|0C|00|00|17
1771341306.311,unsolicited,0,0,0,C0|00|0C|0C|00|00|17
1771341306.579,unsolicited,0,0,0,C0|00|0C|0C|00|00|17
1771341306.580,unsolicited,0,0,0,C0|00|0C|0C|00|00|17
1771341306.613,unsolicited,0,0,0,C0|00|0C|0C|00|00|17
1771341306.814,unsolicited,0,0,0,C0|00|0C|0C|00|00|17
1771341306.881,solicited,0,,0,
1771341308.698,unsolicited,0,0,0,C0|00|0C|0A|00|00|15
1771341309.302,unsolicited,0,0,0,C0|00|0C|08|00|00|13
1771341309.333,solicited,0,,0,
1771341309.400,unsolicited,0,0,0,C0|00|0C|07|00|00|12
1771341309.400,unsolicited,0,0,0,C0|00|0C|07|00|00|12
1771341310.611,solicited,0,,0,
1771341310.680,unsolicited,0,0,0,C0|00|0C|08|00|00|13
1771341316.486,unsolicited,0,0,0,C0|00|0C|0E|00|00|19
1771341316.519,unsolicited,0,0,0,C0|00|0F|F9|00|00|07
1771341316.520,unsolicited,0,0,0,C0|00|0F|F9|00|00|07
1771341316.520,unsolicited,0,0,0,C0|00|0F|F9|00|00|07
1771341316.553,solicited,0,,0,
1771341316.854,unsolicited,0,0,0,C0|00|0F|F9|00|00|07
1771341321.152,solicited,0,,0,
1771341321.488,unsolicited,0,0,0,C0|00|1F|E8|00|00|06
1771341321.489,unsolicited,0,0,0,C0|00|1F|E8|00|00|06
1771341322.262,solicited,0,,0,
1771341325.115,solicited,0,,0,
1771341325.418,unsolicited,0,0,0,C0|00|0F|FB|00|00|09
1771341325.418,unsolicited,0,0,0,C0|00|0F|FB|00|00|09
1771341327.299,unsolicited,0,0,0,C0|00|0F|FB|00|00|09
1771341327.300,unsolicited,0,0,0,C0|00|0F|FB|00|00|09
1771341327.333,solicited,0,,0,
1771341331.467,solicited,0,,0,
1771341333.956,solicited,0,,0,
1771341333.957,unsolicited,0,0,0,C0|00|08|00|00|00|07
1771341334.394,unsolicited,0,0,0,C0|00|08|00|00|00|07
1771341334.427,solicited,0,,0,
1771341340.042,solicited,0,,0,
1771341340.108,unsolicited,0,0,0,C0|00|08|00|00|00|07
1771341342.223,unsolicited,0,0,0,C0|00|08|00|00|00|07
1771341342.223,unsolicited,0,0,0,C0|00|08|00|00|00|07
1771341342.256,solicited,0,,0,
1771341342.256,unsolicited,0,0,0,C0|00|08|00|00|00|07
1771341343.801,solicited,0,,0,
1771341343.868,unsolicited,0,0,0,C0|00|08|00|00|00|07
1771341343.869,unsolicited,0,0,0,C0|00|08|00|00|00|07
1771341343.901,unsolicited,0,0,0,C0|00|08|00|00|00|07
1771341344.507,unsolicited,0,0,0,C0|00|08|00|00|00|07
1771341344.507,unsolicited,0,0,0,C0|00|08|00|00|00|07
1771341344.538,solicited,0,,0,
1771341347.222,solicited,0,,0,
1771341347.323,unsolicited,0,0,0,C0|00|08|00|00|00|07
1771341347.323,unsolicited,0,0,0,C0|00|08|00|00|00|07
1771341347.557,unsolicited,0,0,0,C0|00|08|00|00|00|07
1771341348.633,unsolicited,0,0,0,C0|00|08|00|00|00|07
1771341348.901,unsolicited,0,0,0,C0|00|08|00|00|00|07
1771341349.671,solicited,0,,0,
1771341349.773,unsolicited,0,0,0,C0|00|08|00|00|00|07
1771341353.940,solicited,0,,0,
1771341355.215,unsolicited,0,0,0,C0|00|08|00|00|00|07
1771341355.215,unsolicited,0,0,0,C0|00|08|00|00|00|07
1771341355.216,solicited,0,,0,
1771341360.709,unsolicited,0,0,0,C0|00|08|00|00|00|07
1771341360.743,unsolicited,0,0,0,C0|00|08|00|00|00|07
1771341360.947,unsolicited,0,0,0,C0|00|08|00|00|00|07
1771341360.981,unsolicited,0,0,0,C0|00|08|00|00|00|07
1771341364.240,solicited,0,,0,
1771341365.188,solicited,0,,0,
1771341365.957,unsolicited,0,0,0,C0|00|08|00|00|00|07
1771341365.958,unsolicited,0,0,0,C0|00|08|00|00|00|07
1771341365.958,unsolicited,0,0,0,C0|00|08|00|00|00|07
1771341365.991,unsolicited,0,0,0,C0|00|08|00|00|00|07
1771341365.992,solicited,0,,0,
1771341366.497,solicited,0,,0,
1771341366.800,unsolicited,0,0,0,C0|00|08|00|00|00|07
1771341366.800,unsolicited,0,0,0,C0|00|08|00|00|00|07
1771341366.801,unsolicited,0,0,0,C0|00|08|00|00|00|07
1771341366.833,unsolicited,0,0,0,C0|00|08|00|00|00|07
1771341366.833,unsolicited,0,0,0,C0|00|08|00|00|00|07
1771341366.865,unsolicited,0,0,0,C0|00|08|00|00|00|07
1771341366.866,unsolicited,0,0,0,C0|00|08|00|00|00|07
1771341366.899,unsolicited,0,0,0,C0|00|08|00|00|00|07
1771341366.900,unsolicited,0,0,0,C0|00|08|00|00|00|07
1771341368.953,solicited,0,,0,
1771341369.494,solicited,0,,0,
1771341371.441,solicited,0,,0,
1771341372.050,solicited,0,,0,
1771341374.110,unsolicited,0,0,0,C0|00|08|00|00|00|07
1771341374.145,solicited,0,,0,
1771341375.962,solicited,0,,0,
1771341375.995,unsolicited,0,0,0,C0|00|08|00|00|00|07
1771341375.996,unsolicited,0,0,0,C0|00|08|00|00|00|07
1771341376.602,solicited,0,,0,
1771341376.673,unsolicited,0,0,0,C0|00|08|00|00|00|07
1771341379.793,solicited,0,,0,
1771341381.907,unsolicited,0,0,0,C0|00|08|00|00|00|07
1771341381.908,unsolicited,0,0,0,C0|00|08|00|00|00|07
1771341381.940,solicited,0,,0,
1771341382.210,unsolicited,0,0,0,C0|00|08|00|00|00|07
1771341384.094,solicited,0,,0,
1771341386.948,unsolicited,0,0,0,C0|00|08|00|00|00|07
1771341387.217,solicited,0,,0,
1771341391.559,unsolicited,0,0,0,C0|00|08|0D|00|00|14
1771341391.594,solicited,0,,0,
1771341393.243,unsolicited,0,0,0,C0|00|08|05|00|00|0C
1771341393.244,unsolicited,0,0,0,C0|00|08|05|00|00|0C
1771341393.275,solicited,0,,0,
1771341393.580,unsolicited,0,0,0,C0|00|08|04|00|00|0B
1771341393.580,unsolicited,0,0,0,C0|00|08|04|00|00|0B
1771341395.491,solicited,0,,0,
1771341401.948,solicited,1460,,0,
1771341401.979,unsolicited,3072,48,1460,C8|30|0C|1F|00|00|62
1771341402.015,unsolicited,3072,48,1460,C8|30|0C|1F|00|00|62
1771341402.517,solicited,1548,,3072,
1771341402.583,unsolicited,3200,50,1548,C8|32|0C|1E|00|00|63
1771341402.586,unsolicited,3200,50,1548,C8|32|0C|1E|00|00|63
1771341406.890,unsolicited,3392,53,1548,C0|35|0C|14|00|00|54
1771341406.923,solicited,1663,,3392,
1771341407.291,unsolicited,3392,53,1663,C0|35|0C|12|00|00|52
1771341411.031,unsolicited,3328,52,1663,C0|34|0C|12|00|00|51
1771341411.098,solicited,0,,3328,
1771341413.145,unsolicited,0,0,0,C0|00|1F|F2|00|00|10
1771341413.178,solicited,0,,0,
1771341413.246,unsolicited,0,0,0,C0|00|1F|F2|00|00|10
1771341413.279,unsolicited,0,0,0,C0|00|1F|F2|00|00|10
1771341414.961,unsolicited,0,0,0,C0|00|1F|F1|00|00|0F
1771341414.962,solicited,0,,0,
1771341417.993,solicited,0,,0,
1771341418.061,unsolicited,0,0,0,C0|00|1F|DB|00|00|F9
1771341418.062,unsolicited,0,0,0,C0|00|1F|DF|00|00|FD
1771341418.063,unsolicited,0,0,0,C0|00|1F|DF|00|00|FD
1771341422.707,unsolicited,0,0,0,C0|00|0E|08|00|00|15
1771341422.708,unsolicited,0,0,0,C0|00|0E|08|00|00|15
1771341422.739,solicited,0,,0,
1771341423.751,solicited,0,,0,
1771341423.817,unsolicited,0,0,0,C0|00|0C|11|00|00|1C
1771341423.920,unsolicited,0,0,0,C0|00|0C|11|00|00|1C
1771341423.921,unsolicited,0,0,0,C0|00|0C|11|00|00|1C
1771341423.952,unsolicited,0,0,0,C0|00|0C|11|00|00|1C
1771341424.758,unsolicited,0,0,0,C0|00|0C|0E|00|00|19
1771341424.759,solicited,0,,0,
1771341424.759,unsolicited,0,0,0,C0|00|0C|0E|00|00|19
1771341424.793,unsolicited,0,0,0,C0|00|0C|0E|00|00|19
1771341430.208,solicited,0,,0,
1771341430.209,unsolicited,0,0,0,C0|00|0C|0E|00|00|19
1771341430.579,unsolicited,0,0,0,C0|00|0C|0E|00|00|19
1771341432.840,unsolicited,0,0,0,C0|00|0C|05|00|00|10
1771341432.840,solicited,0,,0,
1771341432.870,unsolicited,0,0,0,C0|00|0C|05|00|00|10
1771341433.173,unsolicited,0,0,0,C0|00|0C|06|00|00|11
1771341433.273,unsolicited,0,0,0,C0|00|0C|06|00|00|11
1771341433.274,unsolicited,0,0,0,C0|00|0C|06|00|00|11
1771341433.408,solicited,0,,0,
1771341435.867,unsolicited,0,0,0,C0|00|0C|06|00|00|11
1771341436.135,unsolicited,0,0,0,C0|00|0F|FA|00|00|08
1771341436.471,solicited,0,,0,
1771341437.146,solicited,0,,0,
1771341437.214,unsolicited,0,0,0,C0|00|0F|FA|00|00|08
1771341437.786,solicited,0,,0,
1771341439.061,unsolicited,0,0,0,C0|00|1F|DF|00|00|FD
1771341439.094,unsolicited,0,0,0,C0|00|1F|DF|00|00|FD
1771341439.095,solicited,0,,0,
1771341439.431,unsolicited,0,0,0,C0|00|1F|DF|00|00|FD
1771341442.430,unsolicited,0,0,0,C0|00|0E|00|00|00|0D
1771341442.763,solicited,0,,0,
1771341442.933,unsolicited,0,0,0,C0|00|0E|00|00|00|0D
1771341444.488,unsolicited,0,0,0,C0|00|0E|00|00|00|0D
1771341444.522,unsolicited,0,0,0,C0|00|08|0B|00|00|12
1771341444.523,unsolicited,0,0,0,C0|00|08|0B|00|00|12
1771341444.824,unsolicited,0,0,0,C0|00|08|0B|00|00|12
1771341444.826,unsolicited,0,0,0,C0|00|08|0B|00|00|12
1771341445.128,unsolicited,0,0,0,C0|00|08|0A|00|00|11
1771341445.128,solicited,0,,0,
1771341446.539,solicited,0,,0,
1771341446.810,unsolicited,0,0,0,C0|00|08|07|00|00|0E
1771341446.843,unsolicited,0,0,0,C0|00|08|07|00|00|0E
1771341446.844,unsolicited,0,0,0,C0|00|08|07|00|00|0E
1771341447.114,solicited,0,,0,
1771341447.320,unsolicited,0,0,0,C0|00|08|0A|00|00|11
1771341453.200,unsolicited,0,0,0,C0|00|08|0A|00|00|11
1771341453.200,unsolicited,0,0,0,C0|00|0C|10|00|00|1B
1771341453.203,unsolicited,0,0,0,C0|00|0C|10|00|00|1B
1771341453.233,unsolicited,0,0,0,C0|00|0C|10|00|00|1B
1771341453.265,solicited,0,,0,
1771341453.637,unsolicited,0,0,0,C0|00|0C|16|00|00|21
1771341453.638,unsolicited,0,0,0,C0|00|0C|16|00|00|21
1771341453.806,solicited,0,,0,
1771341456.427,solicited,0,,0,
1771341456.932,unsolicited,0,0,0,C0|00|0C|12|00|00|1D
1771341456.935,unsolicited,0,0,0,C0|00|0C|12|00|00|1D
1771341456.966,solicited,0,,0,
1771341459.287,solicited,0,,0,
1771341459.387,unsolicited,0,0,0,C0|00|0E|02|00|00|0F
1771341459.388,unsolicited,0,0,0,C0|00|0E|02|00|00|0F
1771341459.388,unsolicited,0,0,0,C0|00|0E|02|00|00|0F
1771341459.626,unsolicited,0,0,0,C0|00|0E|05|00|00|12
1771341459.825,solicited,0,,0,
1771341459.894,unsolicited,0,0,0,C0|00|0C|0A|00|00|15
1771341459.895,unsolicited,0,0,0,C0|00|0C|0A|00|00|15
1771341459.926,unsolicited,0,0,0,C0|00|0C|0A|00|00|15
1771341461.584,unsolicited,0,0,0,C0|00|0C|0B|00|00|16
1771341461.652,solicited,0,,0,
1771341461.959,unsolicited,0,0,0,C0|00|0C|15|00|00|20
1771341461.960,unsolicited,0,0,0,C0|00|0C|15|00|00|20
1771341464.383,unsolicited,0,0,0,C0|00|0C|13|00|00|1E
1771341464.418,solicited,0,,0,
1771341464.956,solicited,0,,0,
1771341465.024,unsolicited,0,0,0,C0|00|0C|12|00|00|1D
1771341466.907,solicited,0,,0,
1771341467.008,unsolicited,0,0,0,C0|00|0C|14|00|00|1F
1771341469.432,solicited,0,,0,
1771341469.500,unsolicited,0,0,0,C0|00|0C|10|00|00|1B
1771341469.533,unsolicited,0,0,0,C0|00|0C|10|00|00|1B
1771341469.737,unsolicited,0,0,0,C0|00|0C|0F|00|00|1A
1771341469.738,unsolicited,0,0,0,C0|00|0C|0F|00|00|1A
1771341471.357,unsolicited,0,0,0,C0|00|0C|0E|00|00|19
1771341477.582,unsolicited,0,0,0,C0|00|0C|0F|00|00|1A
1771341477.647,solicited,0,,0,
1771341477.714,unsolicited,0,0,0,C0|00|0C|0F|00|00|1A
1771341477.714,unsolicited,0,0,0,C0|00|0C|0F|00|00|1A
1771341481.136,solicited,0,,0,
1771341483.153,unsolicited,0,0,0,C0|00|0E|01|00|00|0E
1771341483.388,solicited,0,,0,
1771341483.455,unsolicited,0,0,0,C0|00|0E|01|00|00|0E
1771341483.486,unsolicited,0,0,0,C0|00|0E|01|00|00|0E
1771341483.854,unsolicited,0,0,0,C0|00|0E|02|00|00|0F
1771341483.855,unsolicited,0,0,0,C0|00|0E|02|00|00|0F
1771341483.923,solicited,0,,0,
1771341483.989,unsolicited,0,0,0,C0|00|0E|04|00|00|11
1771341487.222,unsolicited,0,0,0,C0|00|0E|05|00|00|12
1771341487.256,unsolicited,0,0,0,C0|00|0C|10|00|00|1B
1771341487.866,solicited,0,,0,
1771341487.866,unsolicited,0,0,0,C0|00|0C|10|00|00|1B
1771341487.931,unsolicited,0,0,0,C0|00|0C|10|00|00|1B
1771341489.918,solicited,0,,0,
1771341489.918,unsolicited,0,0,0,C0|00|0C|13|00|00|1E
1771341490.222,unsolicited,0,0,0,C0|00|0C|13|00|00|1E
1771341493.317,solicited,0,,0,
1771341493.618,unsolicited,0,0,0,C0|00|0C|11|00|00|1C
1771341495.368,solicited,0,,0,
1771341496.714,solicited,1159,,0,
1771341496.717,unsolicited,2368,37,1159,C8|25|0C|19|00|00|51
1771341497.086,unsolicited,2304,36,1159,C8|24|0C|19|00|00|50
1771341497.219,unsolicited,2176,34,1159,C8|22|0C|17|00|00|4C
1771341497.219,solicited,1170,,2176,
1771341501.321,solicited,0,,2176,
1771341502.827,unsolicited,0,0,0,C0|00|0E|00|00|00|0D
1771341502.831,solicited,0,,0,
1771341502.859,unsolicited,0,0,0,C0|00|0E|00|00|00|0D
1771341503.060,unsolicited,0,0,0,C0|00|0E|00|00|00|0D
1771341503.063,unsolicited,0,0,0,C0|00|0E|00|00|00|0D
1771341503.093,unsolicited,0,0,0,C0|00|0E|00|00|00|0D
1771341503.970,unsolicited,0,0,0,C0|00|0E|00|00|00|0D
1771341503.970,unsolicited,0,0,0,C0|00|0E|01|00|00|0E
1771341504.004,unsolicited,0,0,0,C0|00|0E|01|00|00|0E
1771341504.005,unsolicited,0,0,0,C0|00|0E|01|00|00|0E
1771341504.039,solicited,0,,0,
1771341504.041,unsolicited,0,0,0,C0|00|0E|01|00|00|0E
1771341506.226,unsolicited,0,0,0,C0|00|0E|07|00|00|14
1771341506.227,unsolicited,0,0,0,C0|00|0E|07|00|00|14
1771341506.524,unsolicited,0,0,0,C0|00|08|09|00|00|10
1771341506.793,solicited,0,,0,
1771341508.031,solicited,0,,0,
1771341508.031,unsolicited,0,0,0,C0|00|09|EC|00|00|F4
1771341508.636,unsolicited,0,0,0,C0|00|09|EF|00|00|F7
1771341508.637,solicited,0,,0,
1771341508.938,unsolicited,0,0,0,C0|00|09|F1|00|00|F9
1771341508.971,unsolicited,0,0,0,C0|00|09|F1|00|00|F9
1771341509.004,unsolicited,0,0,0,C0|00|09|F1|00|00|F9
1771341511.352,unsolicited,0,0,0,C0|00|09|FB|00|00|03
1771341511.383,solicited,0,,0,
1771341513.058,solicited,0,,0,
1771341513.061,unsolicited,0,0,0,C0|00|09|F8|00|00|00
1771341515.480,unsolicited,0,0,0,C0|00|09|F4|00|00|FC
1771341515.717,unsolicited,0,0,0,C0|00|09|F4|00|00|FC
1771341518.777,unsolicited,0,0,0,C0|00|09|F3|00|00|FB
1771341518.809,unsolicited,0,0,0,C0|00|09|F3|00|00|FB
1771341519.315,unsolicited,0,0,0,C0|00|09|F3|00|00|FB
1771341520.362,unsolicited,0,0,0,C0|00|09|F3|00|00|FB
1771341520.396,solicited,0,,0,
1771341524.527,solicited,0,,0,
1771341524.864,unsolicited,0,0,0,C0|00|09|EC|00|00|F4
1771341524.865,unsolicited,0,0,0,C0|00|09|EC|00|00|F4
1771341525.602,unsolicited,0,0,0,C0|00|09|EF|00|00|F7
1771341525.838,unsolicited,0,0,0,C0|00|09|FD|00|00|05
1771341525.838,unsolicited,0,0,0,C0|00|09|FD|00|00|05
1771341525.839,unsolicited,0,0,0,C0|00|09|FD|00|00|05
1771341525.839,unsolicited,0,0,0,C0|00|09|FE|00|00|06
1771341525.873,unsolicited,0,0,0,C0|00|09|FE|00|00|06
1771341527.186,solicited,0,,0,
1771341529.766,unsolicited,0,0,0,C0|00|09|DF|00|00|E7
1771341529.769,unsolicited,0,0,0,C0|00|09|DE|00|00|E6
1771341529.800,solicited,0,,0,
1771341530.100,unsolicited,0,0,0,C0|00|09|D0|00|00|D8
1771341541.588,solicited,114,,0,
1771341543.573,unsolicited,0,0,114,C0|00|08|0C|00|00|13
1771341543.608,solicited,0,,0,
1771341544.144,solicited,0,,0,
1771341545.868,unsolicited,0,0,0,C0|00|08|09|00|00|10
1771341546.167,unsolicited,0,0,0,C0|00|08|07|00|00|0E
1771341546.167,unsolicited,0,0,0,C0|00|08|05|00|00|0C
1771341546.200,solicited,0,,0,
1771341549.627,solicited,0,,0,
1771341551.174,unsolicited,0,0,0,C0|00|09|DF|00|00|E7
1771341551.208,unsolicited,0,0,0,C0|00|09|DF|00|00|E7
1771341555.082,unsolicited,0,0,0,C0|00|09|E4|00|00|EC
1771341555.321,unsolicited,0,0,0,C0|00|09|DB|00|00|E3
1771341555.521,unsolicited,0,0,0,C0|00|09|EA|00|00|F2
1771341555.556,unsolicited,0,0,0,C0|00|09|EA|00|00|F2
1771341555.557,unsolicited,0,0,0,C0|00|09|EA|00|00|F2
1771341557.744,unsolicited,2176,34,0,C8|22|0C|27|00|00|5C
1771341557.776,solicited,1089,,2176,
1771341557.877,unsolicited,2176,34,1089,C8|22|0C|2B|00|00|60
1771341557.881,unsolicited,2240,35,1089,C8|23|0C|2B|00|00|61
1771341560.265,unsolicited,0,0,1089,C0|00|09|EA|00|00|F2
1771341560.298,unsolicited,0,0,1089,C0|00|09|EA|00|00|F2
1771341560.667,solicited,114,,0,
1771341560.701,unsolicited,0,0,114,C0|00|09|DD|00|00|E5
1771341560.704,unsolicited,0,0,114,C0|00|09|DE|00|00|E6
1771341573.365,unsolicited,0,0,114,C0|00|09|E6|00|00|EE
1771341573.399,unsolicited,0,0,114,C0|00|08|00|00|00|07
1771341573.433,solicited,0,,0,
1771341573.434,unsolicited,0,0,0,C0|00|08|00|00|00|07
1771341573.734,unsolicited,0,0,0,C0|00|08|00|00|00|07
1771341574.340,unsolicited,0,0,0,C0|00|08|00|00|00|07
1771341574.371,solicited,0,,0,
1771341574.438,unsolicited,0,0,0,C0|00|08|00|00|00|07
1771341574.472,unsolicited,0,0,0,C0|00|08|00|00|00|07
1771341574.506,unsolicited,0,0,0,C0|00|08|00|00|00|07
1771341574.507,unsolicited,0,0,0,C0|00|08|00|00|00|07
1771341574.539,unsolicited,0,0,0,C0|00|08|00|00|00|07
1771341574.543,unsolicited,0,0,0,C0|00|08|00|00|00|07
1771341574.743,unsolicited,0,0,0,C0|00|08|00|00|00|07
1771341574.777,unsolicited,0,0,0,C0|00|08|00|00|00|07
1771341574.814,unsolicited,0,0,0,C0|00|08|00|00|00|07
1771341579.049,unsolicited,0,0,0,C0|00|08|00|00|00|07
1771341579.353,solicited,0,,0,
1771341579.353,unsolicited,0,0,0,C0|00|08|00|00|00|07
1771341579.454,unsolicited,0,0,0,C0|00|08|00|00|00|07
1771341582.135,unsolicited,0,0,0,C0|00|08|00|00|00|07
1771341582.135,unsolicited,0,0,0,C0|00|08|00|00|00|07
1771341582.169,solicited,0,,0,
1771341582.603,unsolicited,0,0,0,C0|00|08|00|00|00|07
1771341582.604,unsolicited,0,0,0,C0|00|08|00|00|00|07
1771341584.411,unsolicited,0,0,0,C0|00|08|00|00|00|07
1771341584.412,unsolicited,0,0,0,C0|00|08|00|00|00|07
1771341584.412,unsolicited,0,0,0,C0|00|08|00|00|00|07
1771341584.445,solicited,0,,0,
1771341584.447,unsolicited,0,0,0,C0|00|08|00|00|00|07
1771341584.846,unsolicited,0,0,0,C0|00|08|00|00|00|07
1771341587.668,solicited,0,,0,
1771341587.701,unsolicited,0,0,0,C0|00|08|00|00|00|07
1771341587.702,unsolicited,0,0,0,C0|00|08|00|00|00|07
1771341589.822,unsolicited,0,0,0,C0|00|08|00|00|00|07
1771341589.856,solicited,0,,0,
1771341589.856,unsolicited,0,0,0,C0|00|08|00|00|00|07
1771341590.056,unsolicited,0,0,0,C0|00|08|00|00|00|07
1771341590.697,unsolicited,0,0,0,C0|00|08|00|00|00|07
